height,weight,age,income,score
174.96714153011231,69.2934483241794,52,14228.651759614113,27.529304256899874
168.61735698828815,71.72941431641881,18,21990.196949644454,24.622940796705624
176.47688538100692,77.99661491810332,38,72197.78904352638,3.0935447824886997
185.23029856408024,77.64562462441884,65,36580.34474613231,14.366589007909441
167.65846625276663,48.46796758451491,23,17672.193959451564,56.05460497979907
167.6586304305082,53.74609952101853,45,48582.52082941275,12.969086811854469
185.79212815507393,71.18042320650392,34,18141.64503576546,12.841981407002681
177.6743472915291,71.16543141094651,22,15768.96451100312,52.88492474603982
165.30525614065047,71.18057223567257,48,44261.299243009125,47.90953882565526
175.42560043585965,111.23277788785666,22,11443.479319275795,40.021904838856614
165.36582307187538,71.850686128318,55,8460.057166659724,21.140206685667742
165.34270246429742,78.62678768216719,20,35264.86032929293,51.64076394807668
172.41962271566035,76.44802116191843,40,22333.553454054294,42.64166786867049
150.86719755342202,72.81669501566958,54,23474.798941995916,48.1168633842397
152.75082167486968,61.216769064315855,54,18384.96665977291,12.165976981620904
164.37712470759027,74.10763064591922,27,19550.444785046275,5.304627378630738
159.87168879665577,55.72609742554914,27,17517.314111225627,23.81437453515953
173.14247332595275,62.15817671911989,36,16106.908122424653,16.556026838258912
160.91975924478788,59.175637426050756,34,18197.598045176906,39.39753578390221
155.87696298664707,65.98248967263586,38,17912.8637788891,38.319245316217305
184.65648768921554,92.77590280008211,31,14555.265752141364,30.879456498741447
167.74223699513465,42.592817688899025,26,16771.149547714842,57.40950615888328
170.67528204687923,73.23512228449417,63,6301.986872012909,17.275000323213902
155.75251813786542,45.64740954572418,18,31017.942326989218,40.919857752991874
164.55617275474816,59.3368176105268,68,26772.39596806445,28.245520118541517
171.10922589709867,78.0674071636084,62,21110.917099744747,24.459808715996076
158.49006422577696,65.77136022914556,30,24801.568903248633,15.691646724090111
173.75698018345673,52.06706266484832,21,25255.23403076349,41.110883221858266
163.99361310081196,56.416355488880384,18,15336.625981863528,46.54252059206506
167.08306250206724,73.1551729872161,66,16877.04762111017,41.11230711418402
163.98293387770602,56.23560041939436,57,28685.822920750663,3.0016829514883674
188.52278184508938,67.59750307498369,49,24434.509664728106,24.3917511143926
169.86502775262065,65.54686207884576,51,61185.17770728045,18.062785271204174
159.42289071044098,57.1807958287302,45,49503.86754459475,11.813409295532946
178.2254491210319,90.72732907190391,48,35119.29839528087,52.63454332126035
157.79156350028978,72.60702826781613,25,15049.989042987982,6.279429163540984
172.08863595004755,40.69828896010871,56,16609.357134979145,33.95355234578305
150.40329876120225,67.23745177723313,43,13346.061988604855,11.177784871172541
156.7181395110157,57.058562422779346,51,25333.392722158856,6.517229604812093
171.96861235869125,75.22920001755469,20,5594.406721007065,11.002335248851315
177.3846657999541,55.48975113880759,67,17512.853246155322,56.68484606518199
171.7136828118997,63.62316270239721,29,18894.795643281308,21.504933637379146
168.8435171761176,71.05984734776548,18,10278.963770721846,27.195589717062468
166.98896304410712,75.38906233004145,61,32822.45478641548,9.384358827859328
155.21478009632574,50.596443115330686,22,12461.873419135167,9.387748795140045
162.8015579160529,60.985985169908616,47,25181.66257076311,44.858408682051135
165.39361229040213,59.30065626606853,47,88600.13955851986,29.943093239508205
180.57122226218917,57.160049209115456,34,9842.816660016559,65.7866022684195
173.43618289568462,86.18545088337316,65,20449.71648368739,14.30453667904831
152.36959844637266,69.85978053153147,64,17966.6031178416,78.15457781717082
173.24083969394795,49.86939254797946,40,16301.553036218978,8.70069347712954
166.14917719583684,76.01434336465731,32,32213.005494017983,10.195907755313902
163.2307799969404,90.4658743641516,54,38298.444180103106,27.21120001197246
176.1167628884087,77.38958312661376,38,32396.93422605098,27.782529750935442
180.30999522495952,46.76756040855184,31,15341.708723467449,53.65884466520311
179.31280119116198,59.189191125604985,19,74378.63675518631,12.517486371686429
161.60782476777362,80.20293379023947,28,9089.529319783267,25.14360273055793
166.90787624148786,56.50796641257463,68,13143.53741512522,5.647836151657847
173.31263431403565,70.32583313775474,56,23977.343489611405,8.042428519670782
179.7554512712236,74.29560864115204,55,23033.31579311517,13.342668230548204
165.2082576215471,53.876834341063,51,28113.974354355207,7.541324652319792
168.14341023336183,64.2856957272584,55,48536.29014497235,36.450068190294786
158.9366502599397,26.104791919171127,67,20745.290588664768,33.93069963340722
158.0379337591933,52.707348303988525,51,23315.29192577334,25.020507493323457
178.12525822394198,61.96918218328208,35,16362.411044196982,19.685603522114178
183.56240028570824,50.0266018164218,47,29559.61229855401,4.42876952306047
169.27989878419666,84.58893564717962,32,18784.00041413098,10.983825219441334
180.03532897892023,47.8383034644724,44,18778.567829923617,30.59773634475039
173.61636025047633,59.7194661596362,68,28904.1822014014,34.916272620779644
163.54880245394875,66.5688869274331,51,36955.15625794444,5.43180095713317
173.61395605508415,82.29527946879338,69,7302.315175342229,42.38646641019199
185.38036566465968,47.769654185846726,55,26380.733006589096,29.63863789818734
169.64173960890048,78.95796502585952,50,19242.917321486468,34.34027861612391
185.64643655814007,65.12279673223505,41,35376.69216415879,30.08517261664285
143.80254895910255,53.22189618742459,32,19437.096297836033,11.772754061591268
178.21902504375223,70.54524169115925,47,42214.802834355214,39.88603783774352
170.87047068238172,67.38871634688164,59,15705.927844024318,40.624000620371945
167.00992649534132,57.79739747409447,68,7221.6233417157,15.977367975102633
170.91760776535503,65.83762501988022,34,37264.50411869109,11.97010995341985
150.12431085399106,60.37623683765888,22,14446.789932726133,30.36519416179476
167.80328112162488,66.36220814301498,46,9995.337683718135,55.68398648442695
173.57112571511746,72.94556809425256,21,22203.977296686142,31.611049044748242
184.77894044741515,84.03220179374422,27,19543.74698593894,60.55182501640242
164.81729781726352,50.14621401407781,34,33241.437292212926,13.98450080165595
161.91506397106812,90.5964004958752,27,34413.5413537235,30.744520220725597
164.98242956415464,41.574946405729975,34,23105.136311591894,34.91179435860378
179.15402117702075,63.178578859573,37,14151.728187996347,39.43729733960832
173.28751109659686,72.05980647781492,41,25424.55277043873,49.01276771591554
164.7023979623296,68.37190241282039,22,23923.03760219396,12.112709657559202
175.13267433113356,57.527605762152874,51,29274.38958657356,20.544241688765265
170.9707754934804,62.5025329957127,23,14222.729645490728,16.734255962617876
179.68644990532889,59.083988784094004,19,18030.38309142587,15.404870190052087
162.97946906122647,57.92762291666946,30,28415.471818989678,67.2795421006463
166.72337853402232,75.19522516425229,60,41095.89543007715,9.008163433495985
166.0789184686784,69.28418583158057,60,35701.964846839095,44.19285644978919
155.36485051867882,56.68508485687215,65,22948.94937506185,7.24330079045627
172.96120277064577,75.79519850519901,28,17262.684542667826,3.273815550661531
172.61055272179888,68.68759425051931,68,26954.627793209274,8.358317217511885
170.05113456642462,74.75434542606752,64,12762.989054080335,50.053274415233815
167.65412866624854,72.55554610308334,40,14639.802256721692,40.17529539341253
155.84629257949587,55.05205986893513,33,46858.40417088745,34.283694544006515
165.79354677234642,58.27782751763637,48,26930.5669960546,16.6733175293429
166.5728548347323,73.96752326147914,28,18513.15118007729,9.64855582831681
161.9772273077838,72.32444318520157,33,33341.8732934608,54.45801173864672
168.38714288333992,64.74918087243022,25,41918.70732995148,8.002968110127648
174.04050856814538,66.40792859970539,21,17635.71208405716,24.50449682353012
188.8618590121053,80.3319787494611,57,17788.296655523143,6.098205451108568
171.7457781283184,57.90114333397004,21,16708.571218013436,40.85461912561739
172.57550390722764,71.56516857404046,42,35665.00230558336,49.82970578727374
169.25554084233832,62.57368817079327,20,35838.52545342975,19.329522744534998
150.8122878470096,62.38782556127336,49,44044.31920617383,15.754139007854445
169.73486124550783,78.18532222384628,20,36472.04934778514,25.232506567783624
170.60230209941025,74.90499618785636,44,9738.973104079847,61.71293492391988
194.63242112485287,74.76211563200766,46,25348.685673071435,75.6409869375185
168.07639035218878,80.66574568585195,49,12975.357992226023,33.32874492478733
173.01547342333612,65.2520460995931,67,17043.81759428974,13.88804050665847
169.65288230294757,73.18343565553957,68,23987.71496433218,13.871184231942163
158.31321962380468,61.27679892087853,36,33449.1849544713,60.74227327454529
181.4282281451502,68.88999622986131,38,14109.143322225777,39.34712790501914
177.51933032686773,63.438283347587785,22,6888.71723770889,45.7184932142367
177.91031947043047,66.16395157991262,35,24107.190136678353,22.430048412367697
160.9061254520526,72.14188430524297,45,82601.7207568345,18.508269708091802
184.027943109361,55.18135180119833,59,19902.027504380323,22.87509890935366
155.9814893720772,90.10864730822553,39,22549.264262876743,23.825903621357405
175.8685709380027,52.92779142200358,38,53695.35669576616,35.886471454417176
191.90455625809977,50.42973664654721,23,29588.389286643815,13.411986552866315
160.09463674869312,78.89733048200081,18,24549.101124805227,20.554285194834154
164.33702270397228,74.49995232755523,22,27475.72956393669,41.36114893771512
170.9965136508764,72.48943780462587,58,24962.300015298835,19.882833189680024
164.96524345883802,72.54014611117135,29,12458.056311627199,16.123201679385417
154.49336568933867,64.85303872583702,43,11262.99014547011,3.7720894429451914
170.68562974806028,54.232947542170024,63,56580.18169035894,37.87836929263559
159.37696286273896,65.90965469832472,51,24147.633823380023,34.26338951099141
174.73592430635182,56.87405946185466,66,23156.89189577817,45.105592680594754
160.80575765766196,76.70143680101302,31,21054.848980940464,29.72548907094657
185.4993440501754,63.23531142197434,43,32550.12975014129,39.082967208173955
162.16746707663762,55.09403363848986,62,78381.68355112374,10.668228465363793
166.77938483794324,61.14336990016408,44,28623.29951647287,33.094166257402094
178.1351721736967,69.95517745130749,26,16415.09449990093,7.96891995032622
157.69135683566046,58.23530536635231,43,20605.21691577316,21.4285444906252
172.2745993460413,55.13335525320282,64,37627.79306578885,31.232530391327263
183.07142754282427,67.92424653790295,39,16458.538829386387,22.727838692150577
153.92516765438774,67.93959885330467,64,33729.33608071101,16.803826174812773
171.84633858532305,58.916681895546446,47,6902.447328649696,8.542349950363787
172.59882794248423,59.347540332580124,60,19634.82814079445,6.685410199663483
177.8182287177731,67.78459924829164,65,30153.913862251007,11.7502963063837
157.63049289121918,47.62298790203211,34,41567.03787062203,22.852936409796065
156.79543386915725,48.11043470748134,43,14629.025637355486,35.69218028281305
175.21941565616896,56.37866934497077,53,10390.191251440088,41.48631985229442
172.96984673233186,62.438634179457836,18,19334.23074357102,30.42627840764287
172.50492850345876,68.73089078717605,25,12547.672837952103,36.683433051323156
173.46448209496975,82.70427460339462,66,20444.75535325084,15.656806729427286
163.1997527842151,75.29191547842423,52,21953.31149904481,15.453396752178175
172.32253697161005,63.080737640438876,69,11389.275857729712,40.821674080829276
172.93072473298682,64.77180550516773,32,32932.64042288054,18.57088297254499
162.85648581973632,52.969647624346294,64,20361.335306607514,21.041933340068443
188.65774511144755,64.77784236809133,39,37806.258417466095,34.91379775892503
174.73832920911786,61.53609633295834,31,8756.463390369236,10.029006563577614
158.08696502797352,68.87262272405707,43,13245.377660349031,53.59833118160412
176.56553608633828,55.07322867737213,45,28519.252209580693,18.12033361944095
160.2531832977268,71.23215817089407,40,14771.349139558502,47.23836086313903
177.8708460374245,83.39286695603093,31,20286.93112927823,25.265072191568088
181.58595579007405,63.69487821851771,41,22034.16668516505,48.308592306040346
161.79317681648288,69.8205406651873,19,23840.187604788112,13.554940042484901
179.6337612924432,73.28172790053335,62,15696.874477211446,19.98267528373279
174.12780926936497,60.185354337369965,43,23733.51069329767,10.153547864592857
178.2206015999449,67.689109781725,31,14894.214789593389,30.563679793370035
188.9679298265395,65.15110880938154,68,30857.658075826694,37.939153667670425
167.54611883997129,66.17211318258597,24,20797.29044753474,50.24115431013143
162.46263835642512,55.7238825937344,20,23801.84343227695,20.75688674352602
161.10485570374476,65.29412209110731,64,79615.44772056153,13.38469942194503
161.84189715034563,70.97597949494539,40,12663.103055071242,55.229211732571
169.22898290585897,82.4137232935405,63,44103.354950666726,23.02719981771841
173.41151974816643,76.51124991302248,60,5827.38899047721,68.60885849900123
172.76690799330018,90.83818949013867,64,7791.679188288278,25.90727252537774
178.27183249036023,55.79182924534341,62,11845.223215955835,13.020736659096002
170.13001891877906,75.46784764064813,35,12224.969474450987,30.883297681988896
184.53534077157317,67.20010406886023,55,24388.107601110773,18.198619846700737
167.35343166762044,91.27763519861207,52,25461.457880647107,32.08650648048561
197.2016916658962,55.30042057573819,68,19391.485671733924,53.29461914723349
176.25667347765005,54.92333789383069,32,20436.15707513456,27.856899266996994
161.42842443583717,57.80728825467173,42,28677.90889561178,7.647688294876982
159.29107501938887,39.51325130828232,54,33410.04688961711,42.46526721018406
174.82472415243186,58.69093973983087,45,11347.247607337453,25.135880514519073
167.7653721467415,55.89040806135563,27,18380.663869537733,17.471266869628092
177.14000494092093,66.8047254377145,56,21273.237122334704,39.095120049382544
174.73237624573545,69.10107170932591,34,28075.651871828584,56.36875223496705
169.27171087343126,87.51405007059063,56,14967.94852377951,17.875683783811006
161.53206281931594,76.4050860582326,39,21065.447378798,20.417871785968096
154.85152775314134,58.077156132051165,43,22359.170235674384,11.780738225015687
165.53485047932978,54.21902394381971,61,15487.134845184572,37.40807229206963
178.56398794323474,70.90303005807807,42,15303.58548003083,53.56240833150483
172.14093744130204,49.15720151575229,34,23141.2701448205,29.451909170097156
157.54261221288013,86.97750519025224,30,20636.722781166845,36.26005526337284
171.73180925851182,79.15328144865545,37,28289.295458055138,38.66342007882998
173.85317379728838,59.36989217474354,42,13008.660925821923,40.782111322645186
161.16142563798866,44.44238565090947,21,18483.971609899985,12.968320923578332
171.5372510594553,81.24646848998495,27,19641.34327099581,42.98905200492068
170.58208718446,63.62552185696858,20,33088.198402652015,17.278963994093097
158.57029702169376,79.85379574368154,58,13763.74324596779,16.69034948735108
