no1,no2,no3,no4,no5,no6,no7,no8,no9,no10,no11,no12,mean
4,4,4,4,4,4,3,3,3,3,2,3,3.416666667
5,5,5,5,13,3,3,3,3,1,1,1,3.166666667
5,5,4,4,4,4,3,3,3,3,3,3,3.666666667
5,,5,4,4,4,4,4,4,1,1,1,3.363636364
5,5,5,4,4,4,3,3,3,3,,3,3.818181818
3,3,3,5,4,4,3,3,4,3,,3,3.454545455
3,3,3,5,5,4,3,2,3,3,,3,3.363636364
5,5,5,5,4,4,3,2,3,5,5,5,4.25
5,5,5,5,3,3,3,3,3,1,1,1,3.166666667
5,5,5,4,4,4,3,,3,3,3,3,3.818181818
3,3,,4,4,4,4,4,4,1,1,1,3
3,3,3,3,4,4,3,3,3,2,2,2,2.916666667
4,5,4,4,4,4,3,3,3,3,3,3,3.583333333
5,5,4,4,4,4,3,3,3,3,3,3,3.666666667
3,3,3,4,4,4,3,3,3,3,1,1,2.916666667
3,3,3,3,3,3,3,3,3,3,3,3,3
5,5,5,3,3,3,3,3,3,3,3,3,3.5
1,,1,4,4,3,3,3,2,3,3,3,2.727272727
3,4,4,4,4,4,4,4,3,2,3,3,3.5
3,3,3,3,3,3,3,2,3,3,3,3,2.916666667
4,4,4,4,4,4,3,3,3,3,3,3,3.5
3,4,4,4,4,5,3,4,4,4,3,3,3.75
4,2,2,4,4,4,4,3,3,3,3,3,3.25
4,4,4,4,4,4,3,3,3,3,3,,3.545454545
5,5,4,4,4,4,3,3,3,3,2,,3.636363636
3,4,3,4,4,4,4,4,3,3,3,,3.545454545
4,1,2,3,4,4,3,3,3,3,3,3,3
5,5,5,3,3,3,3,3,3,2,2,3,3.333333333
3,3,3,4,4,4,4,4,4,3,3,3,3.5
3,3,3,4,4,4,3,4,3,3,3,3,3.333333333
