No,no1,no2,no3,no4,no5,no6,no7,no8,no9,no10,no11,no12,no13,no14,no15
1,4,4,4,4,4,4,3,3,3,3,2,3,3,3,3
2,5,5,5,5,3,3,3,3,3,1,1,1,5,5,5
3,5,5,4,4,4,4,3,3,3,3,3,3,5,3,4
4,5,5,5,4,4,4,4,4,4,1,1,1,3,3,3
5,5,5,5,4,4,4,3,3,3,3,3,3,5,5,5
6,3,3,3,5,4,4,3,3,4,3,3,3,5,5,5
7,3,3,3,5,5,4,3,2,3,3,3,3,3,3,3
8,5,5,5,5,4,4,3,2,3,5,5,5,3,3,2
9,5,5,5,5,3,3,3,3,3,1,1,1,5,5,5
10,5,5,5,4,4,4,3,3,3,3,3,3,5,3,4
11,3,3,3,4,4,4,4,4,4,1,1,1,3,3,3
12,3,3,3,3,4,4,3,3,3,2,2,2,3,4,3
13,4,5,4,4,4,4,3,3,3,3,3,3,3,3,3
14,5,5,4,4,4,4,3,3,3,3,3,3,3,3,3
15,3,3,3,4,4,4,3,3,3,3,1,1,3,2,3
16,3,3,3,3,3,3,3,3,3,3,3,3,3,3,3
17,5,5,5,3,3,3,3,3,3,3,3,3,4,3,3
18,1,1,1,4,4,3,3,3,2,3,3,3,3,4,3
19,3,4,4,4,4,4,4,4,3,2,3,3,3,3,4
20,3,3,3,3,3,3,3,2,3,3,3,3,3,3,4
21,4,4,4,4,4,4,3,3,3,3,3,3,5,5,5
22,3,4,4,4,4,5,3,4,4,4,3,3,3,4,4
23,4,2,2,4,4,4,4,3,3,3,3,3,5,4,5
24,4,4,4,4,4,4,3,3,3,3,3,3,5,4,4
25,5,5,4,4,4,4,3,3,3,3,2,3,5,3,3
26,3,4,3,4,4,4,4,4,3,3,3,3,3,3,3
27,4,1,2,3,4,4,3,3,3,3,3,3,3,3,3
28,5,5,5,3,3,3,3,3,3,2,2,3,3,3,3
29,3,3,3,4,4,4,4,4,4,3,3,3,3,3,3
30,3,3,3,4,4,4,3,4,3,3,3,3,4,3,3
31,3,3,3,4,4,4,3,3,3,3,3,2,3,3,3
32,5,4,4,4,4,4,5,4,5,4,5,5,5,4,4
33,4,4,3,4,4,4,3,3,3,3,3,3,3,3,3
34,3,4,4,4,4,4,3,3,3,3,3,3,3,3,3
35,5,5,4,4,4,3,3,3,3,3,3,3,3,3,3
36,1,1,1,3,3,3,3,3,3,3,3,3,3,3,3
37,3,3,3,4,3,3,3,3,3,3,3,3,3,3,3
38,5,5,4,4,4,4,3,3,3,5,4,5,4,3,3
39,5,5,4,3,4,4,4,4,3,4,4,4,4,4,4
40,3,3,3,3,3,4,3,3,3,2,2,3,3,3,3
41,5,5,5,5,5,5,5,5,4,5,4,5,5,5,5
42,4,4,4,4,3,4,3,3,3,3,3,3,3,3,3
43,3,3,3,5,5,5,4,3,4,3,3,3,4,4,4
44,5,5,5,4,4,4,4,4,5,3,3,3,3,3,3
45,5,4,4,4,4,4,4,4,4,3,3,3,3,3,3
46,3,3,2,4,3,4,5,5,5,3,2,2,3,3,3
47,3,3,3,4,3,3,3,3,3,3,3,3,3,3,3
48,2,2,2,3,4,4,3,3,3,3,3,3,3,3,3
49,3,3,3,3,3,3,1,1,3,3,3,2,3,3,3
50,5,5,5,4,4,3,3,3,3,2,2,2,3,2,3
51,3,3,3,3,4,4,3,3,3,3,3,3,3,3,3
52,3,3,3,4,3,4,5,5,5,3,2,2,3,3,3
53,3,3,3,4,3,3,3,3,3,3,3,3,3,3,3
54,5,5,5,5,4,4,3,3,4,3,3,3,5,5,5
55,3,4,4,4,4,3,3,3,3,3,3,3,3,3,3
56,1,1,1,4,4,4,3,3,3,3,3,3,3,3,3
57,1,1,1,4,4,3,4,3,3,3,3,3,4,3,3
58,3,3,3,4,4,4,4,4,4,4,3,4,4,4,5
59,3,3,3,4,4,3,3,3,3,3,3,3,3,3,3
60,4,4,4,4,3,3,3,3,3,3,3,3,3,3,3
61,1,1,1,4,4,3,3,1,1,1,1,1,2,1,1
62,3,3,3,5,5,5,4,3,4,3,3,3,4,4,4
63,4,4,4,4,4,4,3,2,3,1,1,1,5,3,3
64,3,3,3,5,5,5,5,5,5,5,4,5,5,5,5
65,3,3,3,4,3,4,4,4,4,5,5,5,3,3,3
66,3,3,4,4,3,4,4,5,4,3,4,3,5,4,5
67,3,2,2,3,5,3,4,3,3,4,3,3,3,5,4
68,2,3,3,4,3,4,4,4,4,3,4,4,4,3,4
69,3,3,3,4,3,4,4,4,3,5,3,3,5,4,4
70,5,5,5,4,3,4,3,3,3,5,5,4,4,5,5
71,5,3,4,4,4,3,5,5,5,1,1,1,3,4,4
72,5,5,5,5,5,5,3,3,3,2,3,3,4,3,4
73,5,5,4,4,4,3,3,3,3,2,2,3,3,3,3
74,3,3,3,4,4,4,3,3,3,3,3,3,3,3,3
75,3,3,3,4,4,4,3,3,3,3,3,3,3,3,3
76,3,3,3,4,4,4,3,3,3,3,3,3,4,3,3
77,2,3,3,5,5,4,4,4,3,4,3,3,3,4,4
78,3,2,2,4,4,4,4,4,4,2,2,3,4,5,5
79,4,4,4,4,4,4,3,3,3,3,3,3,5,3,4
80,3,3,3,4,4,4,3,3,3,3,3,2,3,3,3
81,3,2,2,4,4,4,3,3,3,3,1,3,3,3,2
82,3,3,4,5,5,4,3,2,2,3,3,3,3,3,3
83,4,4,4,4,4,4,3,3,2,2,2,3,3,3,3
84,2,2,2,4,4,4,3,3,2,2,2,3,3,3,3
85,4,4,4,4,4,4,3,3,3,3,3,3,3,3,3
86,4,4,4,5,4,4,4,3,4,1,2,2,4,3,4
87,3,3,4,5,5,5,4,3,3,1,1,1,5,1,4
88,5,4,4,5,5,4,4,4,3,4,3,3,3,4,4
89,5,5,5,4,4,4,3,3,3,2,2,3,3,4,4
90,5,5,5,4,3,4,4,3,4,3,3,3,3,3,3
91,3,3,3,4,3,4,4,3,3,4,3,3,3,4,3
92,5,5,5,4,4,4,3,3,3,3,3,3,3,3,3
93,5,5,5,4,4,4,4,3,3,3,3,3,5,4,5
94,5,5,4,4,4,4,3,3,3,3,3,3,3,3,3
95,3,3,4,4,4,4,3,3,3,3,3,3,3,3,3
96,2,3,3,4,4,4,3,3,3,2,2,3,3,4,4
97,5,5,5,4,4,4,3,3,2,2,2,3,3,3,3
98,3,3,5,4,4,5,2,2,3,4,3,3,5,4,4
99,1,1,1,4,4,4,4,4,4,1,1,1,3,3,3
100,2,2,2,3,3,3,1,1,2,3,3,2,3,3,3
101,3,3,3,5,4,4,3,3,3,3,3,3,3,3,3
102,4,4,4,4,3,2,3,3,3,3,1,2,3,3,3
103,3,3,2,4,4,4,2,3,3,1,1,2,3,3,3
104,4,4,4,4,4,5,4,4,3,3,4,5,4,3,5
105,5,5,5,4,4,3,4,4,4,3,3,2,3,3,3
106,4,4,4,4,4,4,4,4,3,3,3,3,3,3,3
107,5,5,5,4,4,5,4,4,3,3,4,5,4,3,5
108,1,1,1,4,4,3,3,2,2,4,4,4,4,3,4
109,5,5,5,4,3,2,3,3,3,3,1,2,3,3,3
110,4,2,3,3,3,3,3,3,3,3,3,3,3,3,3
111,5,5,5,3,3,3,3,3,3,3,3,3,3,3,3
112,5,5,5,3,3,3,3,3,3,3,3,3,3,3,3
113,4,3,3,3,3,3,3,3,3,3,3,3,3,3,3
114,3,3,3,3,2,3,3,3,3,1,1,3,3,3,2
115,3,3,3,3,4,3,3,3,3,2,3,2,3,3,3
116,5,5,5,4,5,4,5,5,4,3,3,3,5,5,5
117,5,3,5,4,4,3,3,3,2,3,2,3,3,3,4
118,3,3,3,5,4,4,5,3,3,3,2,3,5,4,4
119,5,5,5,4,4,5,4,4,3,3,4,5,4,3,5
120,5,5,5,4,4,4,4,4,4,2,2,3,4,5,5
121,4,3,3,4,4,3,4,3,5,4,4,4,4,3,4
122,5,5,5,3,3,3,3,3,2,3,3,3,3,3,3
123,2,2,1,4,4,4,4,4,3,3,3,4,3,4,3
124,3,3,3,4,4,4,3,3,3,3,3,3,3,3,2
125,5,5,5,4,4,4,3,3,3,2,2,3,3,4,4
126,3,3,3,4,4,3,5,5,5,1,1,1,3,4,4
127,5,4,4,5,5,5,1,1,1,1,2,3,4,3,3
128,4,3,4,3,3,3,3,3,3,3,3,3,5,3,3
129,3,3,3,3,3,3,3,3,3,2,2,3,3,3,3
130,3,3,3,5,4,4,3,3,3,3,3,3,3,3,3
131,2,2,3,3,4,3,3,3,3,3,3,3,3,2,3
132,5,5,4,4,4,3,3,3,3,3,3,3,3,3,3
133,3,3,3,5,5,5,3,4,3,3,1,3,5,3,3
134,5,4,4,4,3,3,3,3,3,3,3,3,3,2,3
135,4,3,4,3,4,4,2,2,3,3,4,3,2,2,2
136,4,4,4,4,3,4,3,3,3,3,3,3,3,3,3
137,2,3,3,4,4,3,3,3,3,3,3,3,3,3,3
138,1,2,2,5,4,5,1,2,1,3,3,3,2,4,3
139,2,1,2,4,3,4,5,5,4,3,2,2,3,3,3
140,3,3,3,4,4,4,3,3,3,3,1,3,3,3,2
141,5,5,4,4,3,3,3,3,3,3,3,3,3,3,3
142,4,4,4,4,4,4,3,3,3,3,1,3,3,3,2
143,4,4,4,4,4,4,3,3,3,3,3,3,3,3,3
144,5,5,5,5,5,4,3,2,2,3,3,3,3,3,3
145,3,3,2,4,4,3,3,3,3,2,2,2,3,2,3
146,5,5,5,4,4,4,2,2,3,4,2,3,3,3,4
147,4,4,4,3,3,3,3,3,3,3,3,3,3,3,3
148,3,3,3,4,3,3,3,3,3,3,3,5,5,3,3
149,2,2,2,4,4,4,3,3,3,3,3,3,5,5,5
150,2,2,2,4,4,4,3,1,1,1,1,2,1,2,1
151,3,2,3,4,3,3,3,3,3,3,3,3,3,2,3
152,3,3,3,4,3,3,3,3,3,1,1,3,3,3,3
153,1,1,2,4,3,3,3,2,3,1,1,3,2,2,3
154,1,1,1,2,3,3,2,2,3,5,5,3,3,4,3
155,2,1,2,4,3,3,3,3,3,3,3,3,3,2,3
156,5,5,4,3,3,3,5,4,5,1,1,2,3,3,4
157,5,5,5,4,4,4,3,3,3,3,3,3,4,3,3
158,5,4,4,5,4,5,2,2,1,1,2,3,4,3,4
159,5,4,4,4,4,4,3,3,3,5,4,5,4,3,3
160,3,3,3,4,4,4,4,5,3,4,5,3,3,3,3
161,3,3,3,3,4,3,3,3,3,3,3,3,3,3,3
162,4,3,3,4,3,4,3,3,4,1,1,3,3,3,3
163,5,4,4,4,4,3,3,2,2,4,4,4,4,3,4
164,5,5,5,4,4,4,4,4,4,4,3,4,4,4,5
165,5,4,4,4,4,4,3,4,3,3,3,3,4,3,3
166,3,3,3,4,4,4,3,3,3,3,3,2,3,3,3
167,5,5,5,4,4,4,4,4,4,4,3,4,4,4,5
168,5,5,5,4,4,4,5,5,4,4,4,4,3,4,3
169,4,4,4,4,4,4,3,3,3,3,3,3,3,3,3
170,4,4,4,4,4,4,3,3,3,3,3,3,3,3,3
171,3,3,4,4,4,3,3,3,3,3,3,3,3,3,3
172,1,1,1,4,4,4,3,1,1,1,1,2,1,2,1
173,1,1,1,4,4,4,3,3,3,3,2,1,4,3,3
174,4,3,4,4,4,4,3,3,3,3,3,3,3,3,3
175,5,3,4,4,4,4,3,3,3,4,3,4,1,3,3
176,5,5,4,2,2,4,3,3,3,3,3,3,3,3,3
177,3,3,3,5,5,5,3,3,3,3,3,3,3,3,3
178,4,4,4,4,4,4,3,3,3,2,3,3,4,4,4
179,5,5,5,4,4,4,3,3,2,3,3,3,3,3,3
180,3,3,3,3,3,4,3,3,3,1,1,1,3,3,3
181,4,4,4,4,4,4,4,4,4,3,3,3,3,4,4
182,4,4,4,4,4,4,3,3,3,3,3,3,3,3,3
183,5,5,5,5,4,4,3,3,3,3,3,3,3,3,3
184,5,5,5,4,4,3,3,2,2,4,4,4,4,3,4
185,5,5,5,4,4,4,3,3,3,3,3,3,3,3,3
186,5,5,5,4,4,4,3,3,3,2,2,3,3,3,3
187,3,3,3,5,3,5,3,2,3,1,1,1,3,4,3
188,4,3,3,3,3,3,3,3,4,3,3,3,3,3,3
189,4,5,4,4,5,4,5,5,4,3,3,3,5,5,5
190,3,3,3,4,3,3,3,3,3,3,3,5,5,3,3
191,4,4,3,4,4,4,3,3,3,1,3,2,3,3,3
192,4,3,3,4,4,3,2,2,3,3,3,3,2,2,3
193,5,4,3,4,4,4,3,3,3,3,2,3,5,3,3
194,5,4,5,4,3,4,4,3,4,3,3,3,3,3,3
195,5,5,5,5,5,5,3,3,3,2,3,3,4,3,4
196,5,5,5,4,4,5,2,2,3,4,3,3,5,4,4
197,5,5,4,4,4,4,4,3,4,4,5,5,5,4,4
198,3,3,3,5,4,4,4,3,4,1,2,2,4,3,4
199,5,3,4,5,5,5,4,3,3,1,1,1,5,1,4
200,3,3,3,4,4,5,3,4,4,4,3,3,3,4,4
201,5,3,5,4,4,5,4,5,4,5,3,5,4,5,4
202,5,5,5,4,4,4,3,3,3,3,3,3,4,3,3
203,5,5,5,4,4,4,4,3,5,4,5,5,5,4,4
204,5,5,5,3,4,4,3,3,3,2,2,2,3,4,3
205,3,3,3,5,4,4,3,3,4,3,3,3,5,5,5
206,3,3,3,4,4,3,3,3,3,2,2,2,3,2,3
207,4,4,4,4,4,4,2,2,3,4,2,3,3,3,4
208,4,4,4,5,4,4,3,2,3,5,5,5,3,3,2
209,3,3,3,4,3,3,3,3,3,3,3,3,3,3,3
210,4,4,4,5,4,4,3,2,3,5,5,5,3,3,2
211,5,5,5,4,4,5,3,3,4,1,2,3,4,4,4
212,3,3,3,4,4,4,3,2,3,1,1,1,5,3,3
213,3,3,2,5,5,5,3,4,3,3,1,3,5,3,3
214,4,2,3,4,4,4,3,3,3,3,3,3,3,3,3
215,4,3,3,4,4,4,3,3,3,3,3,3,3,3,4
216,4,4,4,4,4,3,4,4,4,3,3,2,3,3,3
217,3,3,3,5,4,5,2,2,1,1,2,3,4,3,4
218,4,4,3,4,4,4,4,4,3,3,3,3,3,3,3
219,5,4,5,3,4,4,3,3,3,2,2,2,3,4,3
220,4,4,4,4,3,2,3,3,3,3,1,2,3,3,3
221,5,5,3,4,4,4,2,3,3,1,1,2,3,3,3
222,3,3,3,5,4,5,2,2,1,1,2,3,4,3,4
223,3,3,3,4,4,3,4,4,4,3,3,2,3,3,3
224,4,3,3,4,3,4,4,3,4,3,4,4,4,4,4
225,3,3,4,3,4,4,3,3,3,3,3,3,2,3,3
226,4,4,4,3,2,3,4,4,3,3,3,3,3,3,4
227,3,3,3,4,3,3,3,3,3,1,1,3,3,3,3
228,3,3,3,5,5,5,3,1,3,3,3,5,5,3,3
229,3,3,3,5,5,5,5,5,5,4,3,5,5,3,4
230,4,4,4,4,5,5,3,3,4,3,3,3,3,3,3
231,5,5,5,5,3,4,3,3,4,3,3,3,4,3,3
232,5,5,5,4,4,4,3,3,3,5,4,5,4,3,3
233,3,3,3,5,4,5,1,2,1,3,3,3,2,4,3
234,5,3,4,4,4,4,4,3,3,3,3,3,5,4,5
235,1,1,1,5,3,4,2,3,3,3,3,3,3,3,4
236,3,3,3,4,4,3,3,3,3,3,3,3,3,3,3
237,4,5,4,4,4,4,3,3,3,3,3,3,3,3,3
238,5,5,5,3,3,3,3,3,3,2,2,3,3,3,3
239,3,3,3,3,3,4,3,3,3,3,3,3,3,3,3
240,3,3,4,4,3,4,4,4,4,3,2,3,3,3,3
241,2,1,1,3,3,3,5,4,5,1,1,2,3,3,4
242,4,3,3,4,4,3,3,3,2,3,2,3,3,3,4
243,4,4,4,4,4,4,4,3,5,4,5,5,5,4,4
244,5,5,4,4,3,4,4,4,4,3,2,3,3,3,3
245,1,1,2,3,3,2,3,3,3,1,1,3,3,1,3
246,3,5,5,5,5,5,5,5,5,5,4,5,5,5,5
247,4,4,4,4,4,4,4,4,4,3,3,3,3,3,3
248,3,3,3,4,4,4,3,3,3,3,3,3,3,3,3
249,5,5,5,5,4,4,5,3,3,3,2,3,5,4,4
250,5,5,5,5,5,5,4,3,3,1,1,1,5,1,4
251,3,3,3,4,4,5,3,3,4,1,2,3,4,4,4
252,4,4,4,4,5,4,4,3,3,3,3,3,5,4,4
253,2,1,2,5,4,4,3,4,3,3,3,2,3,3,3
254,4,4,5,5,3,3,3,3,3,1,1,1,5,5,5
255,3,1,1,5,4,5,1,2,1,3,3,3,2,4,3
256,4,5,3,3,4,5,5,5,4,5,4,4,4,4,4
257,3,3,3,4,3,5,4,3,4,4,3,3,3,3,3
258,3,3,3,4,4,3,3,3,3,3,3,3,3,3,3
259,5,5,5,4,3,3,3,3,3,3,3,5,5,3,3
260,3,3,3,4,4,4,3,4,4,3,4,5,5,4,3
261,3,3,3,4,4,4,4,4,3,2,3,3,3,3,4
262,3,3,3,4,4,4,3,3,3,2,3,3,4,4,4
263,5,5,4,3,4,3,3,3,3,3,3,3,3,3,3
264,2,2,3,4,4,4,3,3,3,3,3,3,5,5,5
265,3,3,3,4,3,4,3,3,3,3,3,3,3,3,3
266,5,5,5,4,3,4,3,3,3,3,3,3,4,4,4
267,4,4,4,4,4,4,3,3,3,3,3,3,3,3,3
268,5,5,5,3,3,3,3,3,4,3,3,3,3,3,3
269,5,5,5,4,4,3,5,5,5,1,1,1,3,4,4
270,3,3,3,4,3,5,4,5,3,3,3,3,3,4,3
271,5,5,4,5,3,5,3,2,3,1,1,1,3,4,3
272,4,5,4,4,4,5,3,3,4,1,2,3,4,4,4
273,3,2,2,3,3,3,1,1,2,3,3,2,3,3,3
274,4,4,4,4,4,4,3,3,3,3,3,3,3,3,3
275,5,5,5,4,4,4,2,2,3,4,2,3,3,3,4
276,3,3,3,4,3,3,3,4,3,3,3,3,3,3,3
277,3,3,3,4,4,3,3,3,3,2,2,3,3,3,3
278,2,2,2,3,3,3,3,3,3,3,3,3,3,3,3
279,5,5,5,4,3,3,3,3,3,1,1,3,3,3,3
280,3,3,3,4,4,4,4,4,3,2,3,3,3,3,4
281,5,5,5,4,4,4,3,3,3,3,3,3,5,5,5
282,5,5,5,3,3,2,3,3,3,2,2,2,3,3,3
283,5,3,3,5,5,5,3,1,3,3,3,5,5,3,3
284,1,1,2,4,4,4,2,3,3,1,1,2,3,3,3
285,4,5,4,5,4,4,5,3,3,3,2,3,5,4,4
286,3,4,4,4,3,4,4,4,3,4,3,3,5,4,4
287,4,4,3,4,4,5,3,4,4,4,3,3,3,4,4
288,3,3,3,5,5,4,4,4,3,4,3,3,3,4,4
289,4,3,3,5,5,5,4,3,4,3,3,3,4,4,4
290,3,3,3,5,3,4,3,3,4,3,3,3,4,3,3
291,3,2,2,4,3,3,3,2,3,1,1,3,2,2,3
292,3,2,3,4,4,4,3,3,3,3,3,3,3,3,3
293,4,5,4,4,4,4,3,4,3,3,3,2,3,3,4
294,5,5,4,4,4,4,3,4,3,3,3,3,4,3,3
295,2,3,3,5,4,4,4,3,4,1,2,2,4,3,4
296,5,5,4,5,5,5,5,5,5,1,1,1,3,3,3
297,5,5,5,4,4,4,3,3,3,2,3,3,4,4,4
298,3,3,3,5,3,4,3,3,4,3,3,3,4,3,3
299,3,3,3,4,4,4,3,3,3,3,3,3,3,3,3
300,3,3,3,4,4,4,3,3,3,3,3,3,3,2,3
301,5,3,4,5,5,5,5,5,5,1,1,1,3,3,3
302,5,5,5,4,4,4,3,3,3,3,2,3,5,3,3
303,5,5,5,5,5,5,3,3,3,3,3,3,5,5,5
304,5,5,5,5,5,5,3,3,3,2,3,3,4,3,4
305,2,4,3,3,3,3,3,3,3,3,3,3,3,3,3
306,5,5,4,4,4,4,3,3,3,3,3,3,3,3,3
307,3,3,3,3,3,3,3,3,3,3,3,3,3,3,3
308,5,5,4,3,4,3,3,3,3,3,1,3,3,3,3
309,2,2,2,4,3,4,3,2,2,3,3,3,3,3,3
310,3,3,3,4,4,3,3,4,3,3,2,3,4,4,3
311,3,3,3,4,4,3,3,3,3,3,3,3,3,4,3
312,3,2,2,3,3,3,3,3,4,3,3,3,3,3,3
313,4,5,5,4,4,4,4,4,4,2,2,3,4,5,5
314,3,3,3,4,4,5,2,1,1,3,5,3,3,3,3
315,1,1,2,4,4,4,3,2,3,1,1,1,5,3,3
316,5,3,3,5,5,5,3,3,3,3,3,3,5,5,5
317,5,5,5,4,4,5,2,2,3,4,3,3,5,4,4
318,5,5,5,4,4,4,3,3,3,3,3,3,5,5,5
319,2,3,3,5,3,5,3,2,3,1,1,1,3,4,3
320,4,3,3,4,4,3,3,3,3,3,3,3,3,3,3
321,1,1,1,4,4,3,3,1,1,1,1,1,2,1,1
322,5,5,4,4,3,4,4,3,4,3,3,3,3,3,3
323,1,1,1,3,3,2,3,3,3,1,1,3,3,1,3
324,5,5,5,4,5,4,5,5,4,3,3,3,5,5,5
325,1,1,1,4,4,3,3,1,1,1,1,1,2,1,1
