fs외관,fs유용성,fs편의성,fs구매의도,fs구전의도
0.363720717258739,-0.23584847534835357,-0.2314537462644293,-0.4988778754513816,0.09246316879924549
1.262161996864502,-1.907882669681162,-0.14760282395345542,2.008849189332066,0.014102224225105991
0.9439965098998099,0.2843674301020747,-0.19041089890870538,0.8014029454206504,0.29669744745100335
1.231315618655189,-1.893915848181213,1.057880420588826,-0.5460971269623929,0.06537870123575157
1.2825211752893093,0.3424879063284001,-0.11796766819159071,2.08719963910528,0.36237377570819934
-0.4736666273773026,0.29134811771688174,0.1495791896390412,2.0809284025771637,0.922868101780978
-0.5193804351004923,0.21101263000241066,-0.7605833162466448,-0.46268348065974396,1.240540682364203
1.247761208967154,2.4206392708299664,-0.8075576447382311,-1.6497716601544012,0.7370290362389513
1.262161996864502,-1.907882669681162,-0.14760282395345542,2.008849189332066,0.014102224225105991
1.2674838865082199,0.28405435626489944,-0.206403756679348,0.8065026495714347,0.2893493105866807
-0.531125162831679,-1.917538155343286,1.045801952857181,-0.5657875143496397,0.05463031612769948
-0.5225039903409076,-0.7626669990611219,-0.23145145273465303,-0.5321370886376429,-0.5249256860788716
0.7311249048529824,0.27174156175266867,-0.23292745194234485,-0.47993115719969776,0.08362724249397041
0.9201272486560247,0.2761396437670187,-0.23492437146710574,-0.4780488640425972,0.08794974375198611
-0.5325999427175235,-1.2526939584201593,-0.22084673968598165,-0.5506759097696009,0.022936735048037556
-0.5227631001148959,0.25086555933212923,-0.25428554824718114,-0.5336047997601551,-1.5248470971312649
1.2471728136108666,0.2880287429951726,-0.24678664729811872,-0.5050917379573072,-1.417766143249647
-2.2884436135092057,0.2332841653742671,-0.5515524163646309,-0.5144113556868091,-0.33369006416731445
0.17582320242424565,-0.11481931738858553,0.7839575345236548,0.7638010507891015,0.13299448836144295
-0.515099551702301,0.21543982846387405,-0.6919233230425846,0.7304251132040945,-1.4595221296342085
0.40130078454587537,0.3306767527473636,-0.12400690205741324,2.077354445411656,0.35699958315417335
0.1989580321046796,0.6858086856599124,0.6335356013189599,0.805400464687557,0.478276845882169
-0.9917408603032405,0.2609406488204244,0.36874356486670434,2.050400222327458,0.41246962974776735
0.3893426417723323,0.3108869610490558,-0.19506124936307473,0.806102720328711,0.31244606751747106
0.9364439958715518,-0.19664249492820082,-0.21858078819312954,-0.47648703707734047,0.2978506357647256
-0.15440644249783586,0.26023596994462894,0.7785482099981824,-0.493582960785778,0.11505502726520501
-1.3900454611216886,0.2769635858580098,-0.28039020339862225,-0.5167084546259327,-0.5585079169473115
1.2388674356573859,-0.5812642720321126,-0.2489747875038452,-0.5395200874468037,-1.48765792574893
-0.5161570654394856,0.26049280113775947,1.0508121020465748,-0.49815210989409786,0.05466578975710747
-0.5101155756301373,0.282316903470111,0.2237351171669932,-0.48604032519566276,0.11694338920800663
-0.5254999592039435,0.018940923053562445,-0.2587330645757812,-0.5008515744329353,0.04339469869062458
0.5952990877277368,2.1374330652539046,1.9119867735870744,0.8572965918355311,0.34487661151373206
0.03890685791259059,0.2643284901859822,-0.2409636053329283,-0.48789405773622063,0.08257555119796009
0.1733918907179583,0.25961733433445694,-0.25495954357881,-0.48467664674253697,0.07090491307562169
0.9168514742389048,0.25018107176738774,-0.23249146110317545,-0.49128150223658046,-0.38530551591946854
-2.2852038816017632,0.22724325217005623,-0.2663640159788262,-0.5532951871474019,-1.535595482239317
-0.5234901686849719,0.21536510128569164,-0.2709531258945227,-0.5184796961784433,-0.9016149766026693
0.9439169610248508,1.967847585051874,-0.20899107222115296,-0.41767430703739955,0.2015535406205679
0.9434806843272504,1.434291810026254,0.8682379571043614,0.8169115242095515,-0.3575765782263767
-0.5202975714123625,-0.5789280071945546,-0.26348616559942056,-0.5459778366400673,-1.025151051185527
1.3011108334872667,2.030587774690912,2.23515774393705,2.1703976016684767,1.9959598680168482
0.3610059964755818,0.25313482686635913,-0.2673468023926304,-0.49540186429083655,-0.4229855243771884
-0.4939822948879873,0.2785904085713089,0.617266352928472,0.8251109944177477,1.839494594423422
1.2532637634377142,0.29209808489682465,1.3591834729878385,-0.4801676752294321,0.013424765517395035
0.5540656691069905,0.276702036733146,1.0548544163876366,-0.48642462304337386,0.06436248356914923
-0.8437109095541382,-0.47491340754889266,2.3999877687768794,-0.5456674363851408,-0.46060921273527833
-0.5234901686849719,0.21536510128569164,-0.2709531258945227,-0.5184796961784433,-0.9016149766026693
-1.3993194783957912,0.2758935672331715,-0.25236735318787445,-0.5176098445543951,-0.55875309130301
-0.5208149898816377,0.016991096071927628,-2.2850527074662685,-0.5342036071291167,-1.6249095748707731
1.2297756561436717,-0.8777912386755031,-0.2683711346506108,-0.5294447647644669,-0.42114233908331167
-0.5180990876523573,0.287704720814208,-0.24632811932205187,-0.5077646508607717,-0.5533788987489839
-0.5202235329457283,-0.47522648138606793,2.383994911006237,-0.5405677322343566,-0.467957349599601
-0.5234901686849719,0.21536510128569164,-0.2709531258945227,-0.5184796961784433,-0.9016149766026693
1.2887741541095652,0.31497042487895477,0.16165765737068633,2.1006187899644106,0.93361648688903
0.17011611630083848,0.23365876233482596,-0.2525266332148797,-0.4979092849365202,-0.40235034659583296
-2.281266937709301,0.2285819556056975,-0.2750741647010385,-0.5123299346663067,0.059104836671559295
-2.2825739848483124,0.19989805767866364,0.24898369376768928,-0.5183230560049419,-0.23177347555589867
-0.47901426222721666,0.8641210892135149,1.1989672801270579,2.06146293059832,0.22888793159957344
-0.5221019306395532,0.2262456907681395,-0.26056278660546317,-0.505872185473043,-0.4034020378918433
0.35773022205846194,0.22717625486672816,-0.26491389202870014,-0.5086345024848198,-0.8962407840486433
-2.347313218792061,-2.0776375143692896,-1.9903870996124182,-3.1366652917877538,-0.39716187529040375
-0.4939822948879873,0.2785904085713089,0.617266352928472,0.8251109944177477,1.839494594423422
0.36120095325319446,-1.9035055513316677,-0.7624361267770995,-0.5305609568775724,0.31709947959653123
-0.4543499006092689,2.014948444125831,2.5193721794150234,2.1490012615586487,1.9332220735610317
-0.5025772060927111,2.4276431681363575,1.0454319119469089,-0.4431242161439561,-0.44351167532431035
-0.15834155724350302,0.7937523717500308,1.6058043889307625,2.0589036876312203,-0.2640722222931
-1.2005570586918215,0.6632692611946199,0.4053700041429428,0.7722833062956649,-0.3796090990223482
-0.6848261980392838,0.9730282708864155,1.0617463723905054,0.7822827703108688,-0.3262317466629039
-0.49330348671925484,1.0002772734168763,0.8705649209432943,0.7988877124531312,-0.17274915003946964
1.2819320994156795,2.262834057111819,-0.11450565911506147,2.125192831285945,-0.258594781235771
0.1817183605221864,-1.9069353070830957,2.4131103127225764,0.6955833003892699,-0.38796199427784817
1.2617889697094633,-0.08403606362958402,-0.24280476244642832,0.8291230744289786,1.7969220925326657
0.9160412285243182,-0.605571066758927,-0.23925916809148462,-0.516887177310476,-0.3588647296451858
-0.5188261562224333,0.25220426276777047,-0.26299569696939346,-0.49263954727905984,0.06985322177961137
-0.5188261562224333,0.25220426276777047,-0.26299569696939346,-0.49263954727905984,0.06985322177961137
-0.5113310239835389,0.2657451392687409,-0.26757526375197616,-0.48381687286345887,0.16618579055317706
-0.6973834159316492,0.5991699124898896,0.8535636511365474,0.8101780422493905,1.259126240914305
-1.177773940308483,-0.5495519490576556,1.1735373694964224,2.0196054390769755,0.2654944847823502
0.38626349576478575,0.27224320268386293,-0.21244299054517052,0.7966574558778112,0.2839751180326547
-0.5254999592039435,0.018940923053562445,-0.2587330645757812,-0.5008515744329353,0.04339469869062458
-1.2172702344533444,-0.736082625526352,-0.27369902280525943,-1.794575952179519,0.08719047326293132
-0.2028731058824144,0.20271657956824315,-1.0728690772269058,-0.45587782378637864,1.2851819548476449
0.3546039414160822,-0.5997196987745,-0.5600170733014985,-0.5066940759367508,0.15365760995568473
-1.4078368400707855,-0.6233420059365731,-0.5720955410331436,-0.5263844633239977,0.14290922484763266
0.3623942345210005,0.26401541634880693,-0.2569564631035709,-0.48279435358543643,0.07522741433363742
0.36987416023694003,-1.2299850827646033,0.5631909182649217,0.7563309193253668,0.8541169341043215
-0.194185368845848,-2.0101269969385123,0.2432456524299468,0.7447681278984729,1.895020113596572
0.561841662417869,0.619777230099626,0.8556090459528481,0.8237878222572149,1.2731454359843626
1.2547625223233914,-0.5601357768981634,-0.18663058892039597,0.772696890117237,0.1515959087986485
1.2436800296485617,0.2566627546160145,0.561189849570191,-0.4888457808800472,-0.3835563625004959
-0.5205249247687664,0.6195894760512963,0.30247064363847376,-0.4878627978858629,-0.32304942058464176
1.2436146252644344,0.27582656992984345,-0.25091722923774834,-0.47294915989181296,0.08060160688766344
1.2739156243209768,0.2875779455348339,0.3908551055136938,2.076171217094127,0.41994720489381404
0.9201272486560247,0.2761396437670187,-0.23492437146710574,-0.4780488640425972,0.08794974375198611
-0.19533877961402346,0.25189118893059526,-0.27898855474003603,-0.48753984312827564,0.0625050849152887
-0.696680602966519,-0.5881561660745864,-0.19671213712728014,0.7511242095728896,0.13652502243258074
1.2358243321595161,-0.5879085451934636,-0.553977839435676,-0.49684888224312734,0.15903180250971075
0.16482046372254722,0.6799909168494572,-1.2207635811130115,0.8330183362310464,0.7196238517723191
-2.2935659443185465,-1.941160462505359,1.033723485125536,-0.5854779017368866,0.04388193101964742
-1.4090154280154032,-0.002803034106101093,-2.5873848445417096,-0.5423428481001591,-1.5782943580770346
-0.5195532247925094,0.21670380472133294,-0.27966327461673496,-0.477514443697348,0.6930853423082067
0.35043361013530877,-1.0317734402414318,-0.20721291559287444,-0.5622462115645689,-1.3614830578778687
-0.8450814222807405,-1.6759840777335182,-0.7824801356691371,-0.5555794711712575,0.017580029433081804
0.3986333013269054,1.2325030644142116,0.8268631861770314,2.091574846569478,0.7494636441200557
1.236334138648752,0.024893196585993475,1.0695861125357624,-0.49990638785470964,-0.434299607895282
0.35808327791361627,0.2643209781218037,0.7605584327027789,-0.4866009634778933,0.11202939165889807
1.2798536920703396,1.244314217995248,0.832902420042854,2.101420040263102,0.7548378366740818
-2.2688800301691665,1.2617710308823122,-1.0086464245300164,0.7828136694699127,-0.2004857405668049
1.2316540008787429,-1.0199622866603955,-0.20117368172705188,-0.5524010178709454,-1.3561088653238427
-0.7024914266438355,0.24753749594261748,-0.28031147893316805,-0.5345857029887932,-1.5289244240335822
1.239677681371972,0.27448786649420215,-0.24220708051553602,-0.5139144123729081,-1.5140987120232128
1.239677681371972,0.27448786649420215,-0.24220708051553602,-0.5139144123729081,-1.5140987120232128
-0.33376075631185376,0.2552636413464792,-0.256282467771942,-0.5317225066030545,-1.5205245958732492
-0.5346508263554839,-1.4526653405360632,-0.33188390763642467,-1.8592301212453919,-1.986261029445411
-0.5301853935033124,-0.3274054377287853,-0.27190300039196014,-0.5387314694165807,-1.0438876497007508
1.2822675475102912,0.3619625959538337,2.2237453659197866,2.090487977303185,0.8822012597217819
0.5061029422967539,-0.2922851278385488,-0.5136599214431814,0.7555207006314081,-0.3241455791391987
-0.502331144725011,-0.26882094713232546,0.8601436857376632,0.7921327932303482,1.1196285072985106
1.2798536920703396,1.244314217995248,0.832902420042854,2.101420040263102,0.7548378366740818
1.2768848881187764,-0.5185165703288961,1.193651990618651,2.047258727000745,0.2772945611864126
-0.30080771931564537,1.3140459116227088,0.9078287291120732,0.7954618819540599,-0.30458110491877016
1.23269763398164,0.26650488989720994,-0.5384999837251545,-0.512208459650327,-1.4621093026754481
-1.7180919311926044,0.5129188428763068,0.77759193153026,-0.49373376341114916,0.16355861598897184
-0.5277051529884298,0.2710582294346555,-0.3166683030929592,-1.7544460079111057,0.05377065562772547
1.2547625223233914,-0.5601357768981634,-0.18663058892039597,0.772696890117237,0.1515959087986485
-0.5197737036923081,-1.9154183972746204,2.433097009542741,0.6867190099242845,-0.38925885992955694
0.5545434987225928,-0.9449243837956782,-2.9388968269808227,-0.4552268365834095,1.83660348540406
0.004716884774345041,0.2820323205112449,-0.28143445910775,-0.5089774536210684,-1.3352075951904403
-0.5235733458294825,-0.6048865791941855,-0.2610532552354903,-0.5592104748340505,-1.498406310856982
-0.5195532247925094,0.21670380472133294,-0.27966327461673496,-0.477514443697348,0.6930853423082067
-1.0821870222120475,0.21097816303117248,-0.28330904177668254,-0.5351880430484939,-1.0678274373236039
0.9168514742389048,0.25018107176738774,-0.23249146110317545,-0.49128150223658046,-0.38530551591946854
-0.4960305340233036,-0.7025312999875982,0.2614508353404814,-0.468419442030857,1.8424477858236648
0.5436534198539577,0.19293057851588533,-0.2842925527355568,-0.516197473778619,-0.920389232275444
-0.022078168383696875,0.7580173907162683,-1.3738102897860254,-1.7609669212930315,-0.7513283505564275
0.3610059964755818,0.25313482686635913,-0.2673468023926304,-0.49540186429083655,-0.4229855243771884
-0.7111042744425954,0.22184760875378948,-0.2585658670807022,-0.5077544786301437,-0.407724539149859
-1.5950389043657072,0.2515507104511919,-2.400482408470016,-0.4665850294209179,1.0699147515787075
-1.7771546414114763,-0.5027467569679583,2.0576337627695698,-0.5515701695911376,-0.42974196096619555
-0.5250521875129529,-0.7286695539596655,-0.265662869414676,-1.786613051642996,0.08824216455894164
0.9154632361934861,0.23930048228493989,-0.24288180039223498,-0.5038890129419805,-0.8835184546302945
0.35616820323048104,-0.716858400378629,-0.2596236355488534,-1.7767678579493726,0.09361635711296769
0.3623942345210005,0.26401541634880693,-0.2569564631035709,-0.48279435358543643,0.07522741433363742
1.2360802989960435,0.2266519605674914,-1.0447977517246183,-0.44128714054991597,1.3032784768200194
-0.8561525019516064,-0.9011004720004009,-0.2644567446116133,-0.554234856302498,-0.4245425873270411
1.2602677898278787,0.11269139662195535,-1.15698637825394,0.7861025419746946,0.06791291837122207
0.358457290628538,0.2626767129131657,-0.24824631438135858,-0.5237596060665316,-1.5194729045772388
-0.49515229824416257,0.7089735337160484,-0.2886375242469124,-0.48441029303949035,-0.6560327928775643
-1.3611399969409923,0.30705444558529055,-0.13608536978905833,2.0576640580244097,0.34625119804612126
-1.4605592368813451,-1.781501567210192,-1.96908210053946,-3.104752842710973,0.04006448073531444
-0.8952999850245001,0.16899519751663708,-0.31236387823784456,-0.5307881570150816,-0.9384857542478188
-0.5251106601141448,-1.4961391757669378,-0.284488539871141,-0.5696910463262342,-0.8487334040541037
-1.9758537915924446,-1.5888309558337197,-0.816672420691911,-0.6003262160969937,-0.9423910429396901
-2.275466218987584,2.0125861838613193,-1.2362941789791202,-0.5039570662379661,-2.220040203156922
-1.776520375767934,0.1571840439356006,-0.3184031121036671,-0.5406333507087051,-0.9438599468018448
0.9208977403313694,-1.6888153305637372,1.954490818908633,0.6745672939088148,-1.4453774222472626
1.251109757503329,0.2893674464308139,-0.25549679602033104,-0.464126485476212,0.17693417566122913
0.5577233008357863,-0.9743533781720143,-1.8780996643399672,0.7901655034507792,1.391275090170381
0.5751862906928689,1.9601214396480122,-0.233020083382379,-0.4205375034231382,0.1931537124602349
-0.5224379014995681,1.6246976189656126,1.2270945699050932,-0.4569804125638799,0.013736257019810696
-0.5213748620694773,0.261746148814577,-0.24389520895812158,-0.520997289054755,-1.0266341584204388
-0.32585249450365067,-1.4577995451559647,0.007374533449786351,-0.5562820676977316,-0.4231450524723977
0.5637834858641767,1.3016025736397718,-0.9925256424573097,0.8142315437078835,-0.18004066164671112
1.2834265192596512,0.887743396375588,1.211045747858703,2.081153317985567,0.2396363167076255
0.5601071589163388,0.2985261390654975,0.22777743150805488,-0.4743128383449388,0.12664008302004837
-0.5254999592039435,0.018940923053562445,-0.2587330645757812,-0.5008515744329353,0.04339469869062458
1.2834265192596512,0.887743396375588,1.211045747858703,2.081153317985567,0.2396363167076255
1.252535954143641,1.4120799066785448,2.1002922813613623,-0.43900536572063714,0.13070483848994055
0.3623942345210005,0.26401541634880693,-0.2569564631035709,-0.48279435358543643,0.07522741433363742
0.3623942345210005,0.26401541634880693,-0.2569564631035709,-0.48279435358543643,0.07522741433363742
-0.19861455403114328,0.22593261693096423,-0.2765556443761057,-0.5007724813222588,-0.410750174756166
-2.341779627624779,-1.7933127207912283,-1.9751213344052825,-3.114598036404596,0.034690288181288394
-2.285792928695689,-0.7242677390189086,-0.24562574985725527,-0.5360148364244018,0.11975611373275948
-0.006336435810981266,0.25628927094494525,-0.2809854742647969,-0.4856575499711751,0.06682758617330442
0.17648617494810728,0.8227571865007164,-0.24581546879055396,-0.4836864252834508,-0.10426155883549916
0.9188049097053393,0.3253793808949981,-0.2223698947505417,-0.5335140926168211,-2.1549403747268565
-0.5148892123299709,0.25354296620341177,-0.2717058456916058,-0.45167429479796467,1.6645535406904872
0.37971078108111306,-0.05854216228106896,-0.22275210640794277,0.7877578927051597,0.2253185305525801
1.2366345778741024,0.2678435933328512,-0.5472101324473668,-0.47124320716923185,0.13259101623542796
-0.5344554230899694,-1.9012068251492853,-0.2617286078005053,-0.5880075660217137,-1.0516273110892178
0.3770214680774913,0.2920937464171038,1.127905683218059,0.7829448088824711,0.1045934979478358
0.3623942345210005,0.26401541634880693,-0.2569564631035709,-0.48279435358543643,0.07522741433363742
1.2428875566943585,0.2403261118834059,-0.2675848068850899,-0.45782405631010115,0.7038337274162587
1.256001532804569,1.3090156452064583,-0.9844894890667262,0.8221944442444065,-0.17898897035070077
1.2436146252644344,0.27582656992984345,-0.25091722923774834,-0.47294915989181296,0.08060160688766344
1.2428043795498482,-0.5799255685964713,-0.2576849362260575,-0.49855483496570846,0.10704239316194622
-0.5307700881588567,-1.9241771750787067,-0.7714253131959922,-0.5328560038812031,0.7458055404694145
-0.3267807089215217,0.26324661794347143,0.0400104354376765,-0.5334284593256357,-1.5725140052210136
0.7697778270988395,0.35787758777665896,2.2417351432151897,2.0835059799953,0.8852268953280888
-0.49515229824416257,0.7089735337160484,-0.2886375242469124,-0.48441029303949035,-0.6560327928775643
0.027959598026430638,-0.6807113431865341,-0.30124182059421756,-0.5151503913059966,0.07452709172632271
-0.3393629084755679,0.1781535761433294,-1.2928767763360867,-0.5184512212899864,-0.5606850322174705
0.24422594893116004,-0.2040555664948873,-0.22661694158371298,-0.48444993761386335,0.29679894446871524
0.8749493593165801,0.24893660921215277,0.537160838408965,-0.4917089772657859,-0.3919561906608289
1.2617889697094633,-0.08403606362958402,-0.24280476244642832,0.8291230744289786,1.7969220925326657
1.2802864919925954,0.7042393716858807,-1.1766993978400813,0.8425093153167248,0.7450685106090165
0.9613606672767709,2.1368706722877775,0.6222079857323324,0.8656723508363078,0.36846387169656897
-0.511346230506494,-1.2417962363456396,0.5571516843990992,0.7464857256317433,0.8487427415502956
0.18381931876023644,-2.001330832909812,0.23925181338042503,0.748532714212674,1.9036651161126035
-0.49326001483571214,0.6783956140932259,0.6254994479283765,0.7974375641510341,0.4772251545861588
0.5534670820415942,1.5614707533443055,1.6435821225836584,0.8518090952565487,0.6764913933264864
1.251109757503329,0.2893674464308139,-0.25549679602033104,-0.464126485476212,0.17693417566122913
1.291828091275513,2.1445405750475945,0.9025080311713082,0.8690661022645109,0.3091263254844818
1.2399367911459604,-0.7390446918990489,-0.21937298500300795,-0.512446701250396,-0.5141773009708195
-0.4736666273773026,0.29134811771688174,0.1495791896390412,2.0809284025771637,0.922868101780978
-0.5326651253431965,-0.9014135458375762,-0.2804496023822559,-0.5491351521517138,-0.43189072419136376
0.37904739908444457,0.10088024304091882,-1.1630256121197624,0.7762573482810712,0.06253872581719606
0.3665408182237197,2.40882811724893,-0.8135968786040536,-1.6596168538480245,0.7316548436849253
-0.5234901686849719,0.21536510128569164,-0.2709531258945227,-0.5184796961784433,-0.9016149766026693
0.3665408182237197,2.40882811724893,-0.8135968786040536,-1.6596168538480245,0.7316548436849253
1.2703767479174128,-0.8685415986297239,0.07037941331525885,0.7835240967962898,0.6783993597045791
-0.5200194374902396,-1.9153167049127042,-0.768475360642922,-0.5404061505711959,0.3117252870425052
-0.8195179106317135,-0.7022182261504231,0.277443693111124,-0.47351914618164126,1.8497959226879874
-0.6985544827513729,0.24887619937825878,-0.2890216276553804,-0.493620450507698,0.0657758948772941
-0.3209448156533948,0.2377483781152355,-0.21132001037058862,0.7710492065100863,0.09025828918951298
0.3551137479053182,0.013082043004956955,1.0635468786699398,-0.5097515815483331,-0.43967380044930804
-0.5124994337106898,-0.9905626137674007,-1.882141978681029,0.7784380166000552,1.3815783963583392
0.03459590130520633,0.264634051958979,0.7765512904734215,-0.4917006676286775,0.11937752852322074
0.8712061208139784,-0.7467708373029106,-0.243401996164234,-0.5153098976361347,-0.5225771291311525
0.35043361013530877,-1.0317734402414318,-0.20721291559287444,-0.5622462115645689,-1.3614830578778687
0.5938719825977175,-1.65204869673427,-0.7544088101668495,-0.5409887879347949,0.03567655140545653
-0.5124994337106898,-0.9905626137674007,-1.882141978681029,0.7784380166000552,1.3815783963583392
-0.5261066428381157,0.0012708894239204683,1.0575076448041172,-0.5195967752419566,-0.4450479930033341
-0.30495781277905454,1.003896429078938,0.58382389360411,0.7977160734081735,-0.23987339331688565
-0.2021068432828418,0.2738507704760622,-0.25774141031011183,-0.5114876211255884,-0.6570596043868723
0.36163709274173156,0.2332477185368296,0.8125508482594974,0.721632733967657,-1.964801299810918
-0.5251106601141448,-1.4961391757669378,-0.284488539871141,-0.5696910463262342,-0.8487334040541037
-0.4889822385959648,0.7140078702310284,-1.2720110058819343,-0.413157986994604,2.0086205271059328
-0.4701974351049449,1.1007627555360158,2.4241683839389574,0.8426985969509082,1.886638394713796
0.374038294373871,0.30883755442787797,0.0472938690311769,-0.4586601574086342,0.9947062033681535
1.2559744982781662,0.2509693754989208,0.013738190252886412,-0.46331484532248146,0.249963948131234
1.2674043376332607,1.9675345112146987,-0.22498392999179556,-0.41257460288661535,0.19420540375624523
-0.5248161698192314,0.2677599460465783,-2.396440094128954,-0.45485754257019395,1.0796114453907493
0.21296690704860344,0.27243872856428564,0.3587899409618843,2.0653451201718656,0.4104956854374707
-2.2689768425980135,0.17961314383830043,-0.774663990401254,0.7535772764023037,0.11416220597078355
-0.5221019306395532,0.2262456907681395,-0.26056278660546317,-0.505872185473043,-0.4034020378918433
0.7311249048529824,0.27174156175266867,-0.23292745194234485,-0.47993115719969776,0.08362724249397041
1.2388674356573859,-0.5812642720321126,-0.2489747875038452,-0.5395200874468037,-1.48765792574893
-0.519487325697776,0.27682413133176015,-0.2567184586111114,-0.5203721615661718,-1.0515918374598099
-0.19273144413875593,-0.25056475387902416,1.0499316218260142,-0.521743438314659,-0.43365953135243296
-2.0914941022309135,-1.7319749367107085,1.9123441061499393,0.6421685164422059,-1.4698998280696738
-0.3298741547231081,-0.29605706217854827,-0.4796772863771353,0.743438999172739,-0.31377180666856913
0.4106077005320789,2.132729421466558,0.8964687973054857,0.8592209085708874,0.3037521329304558
0.9227345841312922,-0.22631629904260064,1.0939958050989445,-0.5122524592289806,-0.40821487251573557
-1.9727710628547392,-1.5878201874497653,-0.3282228597263484,-0.6315300002401915,-2.020259205196161
0.9300861932715144,2.029774587259204,2.5354444861961905,2.1649270626316945,1.9353254561530522
0.3650633253039483,0.2723039547187959,1.0568513359123974,-0.4883069162004744,0.06003998231113352
-0.5188261562224333,0.25220426276777047,-0.26299569696939346,-0.49263954727905984,0.06985322177961137
1.2601096367618572,-0.24519863997025249,0.8722221534693083,0.8118231806175952,1.1303768924065627
1.2447680360326103,-1.986191615939264,0.27131697793223447,0.7593588111349355,1.9131166355689466
-0.49206403356945555,-0.8921639057917969,0.05830094558361377,0.7638337094090429,0.6676509745965271
0.38520447485696513,0.3055013481031303,0.34153360481336503,0.8171270734738582,0.896703384898728
-1.7749626404960337,-0.019525069776403208,0.185841493668798,-0.5006583132627894,0.6036103971596904
0.7044289827294772,-1.9200068970993738,-0.16963491558992053,2.004103699789227,0.0013798948067572793
-1.9092522637000144,0.2529338029132054,-2.412512400910121,-0.4707833436432397,1.0775080627987286
0.43907255756819064,1.8203421590478532,2.2298730468792534,0.8271717556885623,0.0943118532202065
-0.5133482489688612,0.6148872662827267,0.5789488953020663,-0.48578137686536055,0.069745480254232
-0.5221019306395532,0.2262456907681395,-0.26056278660546317,-0.505872185473043,-0.4034020378918433
1.2672884832427054,0.7325958408781215,-0.27655905651526735,-0.4647199056522435,-0.6452844077695122
-0.48054012676808244,1.3088750860588432,0.49880221314975887,-0.4369707628780471,0.2254387898309897
-0.516394844516146,-0.122232388955272,0.7759213811330714,0.7558381502525787,0.13194279706543263
-0.5015096096623208,-0.07035331586210547,-0.22879134027376533,0.7779126990115363,0.21994433799855406
0.9175785428089808,0.2856815298138252,-0.2158238834558339,-0.5064066058182922,-1.008537636448064
-1.0376526203325824,0.3067413717481153,-0.1520782275597009,2.0627637621751935,0.3389030611817986
-0.520214394267852,0.24132367328532267,-0.273386036258453,-0.50524705798446,-0.42835971693121444
1.2616796622314534,0.2982766486466739,-0.19483278800372905,0.7945177289013333,-0.2767252474128945
0.3623942345210005,0.26401541634880693,-0.2569564631035709,-0.48279435358543643,0.07522741433363742
1.246657728762304,0.2824708430911944,0.054085822694082505,-0.5156203650954894,-1.5660881213709772
1.24266707779456,-1.8917960901125475,2.4451754772743857,0.7064093973115314,-0.37851047482150485
-0.5169549820971683,0.3228033296245133,1.2503880712850317,-0.48859921756423774,0.06092606820514678
0.9081833167196013,-1.9002417940794585,-0.7433539876937045,-0.5182653206447405,0.7639020624417892
0.7578870275059603,-0.8726266068068986,0.08836919061066234,0.776542099488405,0.6814249953108861
-1.220013084212361,0.0015950479082489255,-2.5893817640664705,-0.5404605549430586,-1.5739718568190189
0.3623942345210005,0.26401541634880693,-0.2569564631035709,-0.48279435358543643,0.07522741433363742
1.2602677898278787,0.11269139662195535,-1.15698637825394,0.7861025419746946,0.06791291837122207
-0.5222747203315703,0.23193686548706177,0.2203572550244467,-0.5207031485106471,-0.9508573779478398
-0.5229121763541398,-0.6295064477581753,-0.2673304935937723,-0.5314778605469386,-0.37696125161756056
-1.4039834908583295,0.2390544057510927,-0.2603247821130037,-0.5434499934537785,-1.530221289685291
1.2373301213727235,-1.4725168686048649,-0.2724100721394959,-0.5500006589389873,-0.8379850189460516
-0.516394844516146,-0.122232388955272,0.7759213811330714,0.7558381502525787,0.13194279706543263
1.2825211752893093,0.3424879063284001,-0.11796766819159071,2.08719963910528,0.36237377570819934
1.2289178582587557,-0.8404861837459515,-0.2422792447463027,-0.5609647527946624,-1.9873717085093714
-0.11097755098988032,0.7228040342597284,-1.276004844931456,-0.4093934006804029,2.017265529621964
-1.9605474505507885,-1.7002325325699417,-0.8265443189420674,-0.565070450256936,-0.007864629403615625
0.7476199163504048,-0.24928364814742726,0.8902119307647118,0.8048411833097104,1.1334025280128697
0.19677783176881206,0.6518020981544089,0.8463306505064271,0.7973284597817037,-0.16249242693478463
0.06447299929931187,0.6905198415114376,0.6475315395648417,0.8021830536938733,0.4899474840045073
-0.5083810721286071,0.6035679945042396,0.8515667316117865,0.812060335406491,1.2634487421723208
-0.30497995108494524,0.28298849058565895,0.6152694334037111,0.8269932875748482,1.8438170956814377
-0.5064662832087017,0.22734706833684784,0.001659722521241329,-0.4830052327097283,0.23921556302318195
-1.2291184336543783,-1.5723086464011578,-0.7966372485802068,-0.593698433397054,-0.9253462122633257
-0.887556826554415,0.24447811736390873,-0.28702470813061953,-0.4955027436647985,0.06145339361927837
0.7345455469908703,0.03619601957294578,0.3163181674938024,0.7714398239462685,0.024008884211699076
0.9288378292483207,0.30625228446935926,0.25180644266928087,-0.47144964195920014,0.13503991118038136
-0.7003485743095361,-1.2461943183599897,0.5591486039238601,0.7446034324746428,0.8444202402922798
0.9144342767221892,-1.8839755325384075,2.378970928653224,-0.5157441412471199,1.652239724988446
1.2609311718245473,-0.046731008700032446,-0.2167128725421202,0.7976030863987832,0.23069272310660613
-0.5064662832087017,0.22734706833684784,0.001659722521241329,-0.4830052327097283,0.23921556302318195
-0.5188261562224333,0.25220426276777047,-0.26299569696939346,-0.49263954727905984,0.06985322177961137
-0.5219053022299799,0.21356050440257765,-0.28037743815148924,-0.5020848117299597,0.04138227229479497
0.17697293605822567,-1.899427823346131,2.330912906330772,-0.5214705340185972,1.6354400686677801
1.259931372479962,-0.19695556876537607,-0.23457364596377214,-0.4713873329265562,0.2905024989004029
1.2864581191817719,0.34382660976404134,-0.126677816913803,2.128164891586375,1.9570740946190752
1.2617889697094633,-0.08403606362958402,-0.24280476244642832,0.8291230744289786,1.7969220925326657
-0.34303477358595635,0.2541936227216409,-0.22825961756119417,-0.532623896531517,-1.5207697702289475
0.9201272486560247,0.2761396437670187,-0.23492437146710574,-0.4780488640425972,0.08794974375198611
-0.5227631001148959,0.25086555933212923,-0.25428554824718114,-0.5336047997601551,-1.5248470971312649
0.9202315082844577,-0.7140462535804958,-0.16481844977755072,-0.5385736495501827,-0.9740661275168477
-1.4096302807550194,0.20495777890592382,-1.0670285542528635,-0.5111628466232984,-0.3325020987923056
-0.5089857213019723,-0.20486180186148764,0.2690524855521608,-0.5059112208046914,-0.3106051665130236
-0.5190227846320067,0.2648894491333323,-0.24318104542336735,-0.4964269210221433,-0.37493108840702694
-1.2080010996649555,0.25143546436243497,0.033971201571853966,-0.5432736530192591,-1.5778881977750396
1.087882544315734,-0.5229146523432461,1.195648910143412,2.0453764338436446,0.2729720599283969
-0.5290679338074719,1.2450473389933712,-2.4178451241561634,-0.4377978976833632,0.6250562152352886
-1.958972842368697,-1.9392520859119524,-0.7965466861452097,-0.5549968338076585,0.29362876507013047
-0.09797797469901161,0.3290004666306684,-0.14275012369496987,2.112239090513329,1.9549707120270547
1.2802864919925954,0.7042393716858807,-1.1766993978400813,0.8425093153167248,0.7450685106090165
1.2825211752893093,0.3424879063284001,-0.11796766819159071,2.08719963910528,0.36237377570819934
-0.7197724319618989,-1.9285752570930565,-0.7694283936712313,-0.5347382970383037,0.7414830392113987
-0.3330995868365111,0.2306437727824895,-0.26255970613022406,-0.5039898923159425,-0.3990795366338276
-2.347313218792061,-2.0776375143692896,-1.9903870996124182,-3.1366652917877538,-0.39716187529040375
0.9201926530401522,0.2569758284531898,0.5771827073408335,-0.4939454850308314,-0.37620822563617323
-2.2962584394631484,-1.58750711361259,-0.3122300019557058,-0.6366297043909757,-2.0129110683318387
1.2822675475102912,0.3619625959538337,2.2237453659197866,2.090487977303185,0.8822012597217819
-2.347313218792062,-2.07763751436929,-1.9903870996124182,-3.1366652917877538,-0.39716187529040375
