satis,fea,util,conv
0.6599,1.25506,-1.83269,0.31254
0.65013,-0.49746,-0.96887,0.07472
0.79761,0.38309,0.27023,0.10762
-0.57238,-1.77566,-0.07239,0.06919
1.8485,0.70231,-2.06745,-0.19658
-0.59085,-1.90859,0.17063,-2.54343
0.95411,0.43882,1.85506,1.85858
-0.46024,-0.51741,0.46959,0.6817
-0.49481,-0.51868,0.20008,-0.28899
-0.35096,1.27487,0.8714,-0.29832
-0.39938,-0.48709,1.12475,0.67048
0.72731,-0.51614,-0.06646,0.4307
0.72588,-0.4994,-0.02092,-0.257
-0.41946,0.91972,0.25096,-0.00633
1.96863,-1.03763,0.29162,0.07026
-0.48677,-0.52475,0.29997,-0.28262
0.85746,1.26164,0.51177,0.04759
-0.45152,0.36129,0.21972,-0.28407
-0.39941,1.24754,0.25131,0.3317
0.66455,1.23374,-2.09315,2.39335
-0.45448,-0.52178,0.45926,1.07165
-0.6173,0.91067,-2.015,-0.63459
0.71202,0.75244,-0.93532,0.09727
-0.58995,-1.21779,-0.19525,-2.56654
-0.44712,0.3618,0.2342,-0.02328
0.81273,1.25947,0.15878,-0.89936
-0.50304,-0.51998,0.01113,0.33387
-0.56507,-0.5158,-0.63421,-0.30545
-0.5425,-1.39915,0.16596,-0.55469
-0.52277,1.24159,-1.11831,-0.29747
0.72731,-0.51614,-0.06646,0.4307
2.08286,1.28023,0.34766,0.09705
-0.49948,1.23823,-0.84144,-0.28522
-0.48466,-0.11578,0.26054,-1.5901
-0.71427,-1.96389,-1.5413,-0.65475
0.81385,0.76548,0.15515,0.74143
0.83888,0.19505,0.76836,0.77338
0.81027,0.056,0.53725,0.79271
0.79924,-0.51202,0.7237,0.76803
0.75959,-0.31687,0.14033,0.71112
-0.48769,-0.50536,0.21149,0.06097
-0.70166,-1.22776,-1.75792,-0.71832
-0.50901,-0.88811,0.20066,-0.04583
0.78778,0.73278,-0.00118,0.15527
-0.42576,0.91887,0.14689,0.10121
0.63322,-0.69215,-1.13183,0.66573
-0.58183,0.90672,-2.01788,2.34945
0.81246,1.26053,0.01837,-0.24717
-0.48329,-0.50485,0.22597,0.32175
-0.5461,-0.53288,-0.42973,-0.04847
-0.49908,-0.52173,0.17123,-0.30583
-0.51543,-0.52134,-0.3979,2.1087
-0.4904,-0.51817,0.21456,-0.0282
2.08727,1.286,0.34513,0.44712
-0.46497,0.1728,0.20238,-0.54418
-0.58139,-2.27861,0.1608,-0.29881
-0.5756,-2.27604,0.16439,0.03517
2.05126,-0.47861,0.87137,0.8814
-0.4904,-0.51817,0.21456,-0.0282
-0.48927,0.34722,-0.21355,-0.29609
-3.29592,-2.33923,-2.34202,-2.3926
0.75054,-0.50485,0.13747,0.7118
-0.62588,0.36542,-1.82171,-0.66038
2.18904,-0.46369,2.22966,2.48851
-0.30314,-0.50641,2.27099,1.03205
2.10122,-0.15774,1.17324,1.48402
0.76396,-1.19978,0.72817,0.40897
0.80308,-0.68791,0.82635,1.03992
0.83169,-0.49648,1.03397,1.0543
2.24717,1.27904,2.34547,-0.13921
0.6117,0.17181,-2.12384,2.37012
0.80269,1.25127,-0.10713,-0.00512
-0.47619,0.92273,-0.38679,-0.27532
-0.4904,-0.51817,0.21456,-0.0282
-0.49481,-0.51868,0.20008,-0.28899
-0.48771,-0.51063,0.2285,-0.02832
0.79019,-0.7,0.72084,0.76871
1.91983,-1.17609,-0.35091,1.12803
0.79025,0.38501,0.25173,-0.24333
-0.51139,-0.52407,-0.03196,-0.01779
-1.83465,-1.21906,-0.64268,-0.30242
-0.4977,-0.20225,0.16895,-1.54299
-0.51816,0.35232,-0.51215,-0.64424
-0.60473,-1.40761,-0.55143,-0.65407
-0.45152,0.36129,0.21972,-0.28407
0.68556,0.37579,-1.10933,0.66997
0.58896,-0.18283,-1.86909,0.29067
0.85157,0.55592,0.7462,0.77227
0.78009,1.25647,-0.35094,-0.22954
-0.39632,1.24257,0.24096,0.6658
-0.46039,-0.52012,0.50097,0.34848
-0.45952,1.22706,-0.39045,-0.03864
2.08168,1.2722,0.30847,0.41431
-0.41946,0.91972,0.25096,-0.00633
-0.47917,-0.19663,0.20296,-0.30103
0.68447,-0.69145,-0.39309,-0.23869
-0.47487,1.23229,-0.49251,-0.63932
0.81107,0.16551,0.66296,-0.67151
-0.72872,-2.28388,-1.78061,1.0126
-0.599,-1.40577,-0.19812,-2.56587
-0.49481,-0.51868,0.20008,-0.28899
-0.55418,0.36119,-0.96302,-0.50768
-0.65896,-0.84804,-1.50777,-0.62083
2.15414,0.39679,1.63519,0.74305
-0.4219,1.22878,-0.10909,1.04464
-0.43872,0.35566,0.23144,0.68114
2.19743,1.27676,1.65483,0.74796
0.73481,-2.26452,1.24013,-1.23307
-0.51089,1.24115,-0.94338,-0.50277
-0.50437,-0.70064,0.18904,-0.30729
-0.40823,1.24126,0.23936,-0.27916
-0.40823,1.24126,0.23936,-0.27916
-0.48576,-0.3307,0.20294,-0.28966
-1.83142,-0.51976,-1.03611,-0.08561
-0.55639,-0.52518,-0.52536,-0.31256
2.10407,1.27371,0.33962,1.85597
0.72824,0.49326,-0.38836,-1.13134
0.75196,-0.48443,0.1216,0.71888
2.19743,1.27676,1.65483,0.74796
2.04065,1.27584,-0.29484,1.14345
0.84293,-0.30505,1.08986,1.04404
-0.41705,1.23498,0.22742,-0.89001
-0.51568,-1.71736,0.46464,0.6898
-1.73118,-0.52731,0.19596,-0.32997
0.78009,1.25647,-0.35094,-0.22954
0.57797,-0.52619,-2.13244,2.38352
-0.55908,0.55338,-0.78417,-2.95124
-0.46473,0.00643,0.2337,-0.30194
-0.54713,-0.51515,-0.4232,-0.2972
-0.49481,-0.51868,0.20008,-0.28899
-0.52673,-1.07965,0.15447,-0.32279
-0.42387,0.91921,0.23648,-0.26711
-0.57491,-0.49859,-0.88274,0.36041
-0.44234,0.54672,0.20821,-0.04081
-1.7021,-0.03193,0.40591,-1.08324
-0.44348,0.35522,0.31961,-0.2777
-0.49945,-0.70615,0.2117,-0.02752
-0.5747,-1.59256,0.18169,-2.53649
-0.58173,-1.77702,-0.42891,1.73609
-1.79601,-0.52656,-0.61142,-0.03604
-0.41946,0.91972,0.25096,-0.00633
-1.75712,0.3529,-0.60626,-0.29191
-0.44712,0.3618,0.2342,-0.02328
-0.42676,1.23564,0.20535,-1.52112
-0.61037,-0.84732,-0.92693,-0.56063
0.80833,1.25896,0.1443,-1.16015
-0.45152,0.36129,0.21972,-0.28407
-0.43754,-0.48507,0.83212,-0.30815
1.95299,-1.35968,0.28874,0.08231
-3.18429,-1.44984,-1.5278,-2.36273
-0.51328,-0.89116,0.17181,-0.06268
-0.60935,-0.51835,-1.1576,-0.30729
-0.73836,-1.97366,-1.77754,-0.73461
-0.46293,-2.27581,1.64997,-0.96171
-0.55657,-1.77113,0.15217,-0.0676
0.6962,0.917,-1.46392,2.02432
-0.40553,1.2488,0.25331,-0.27927
0.69559,0.56259,-0.67167,-2.20395
-0.26274,0.58028,2.2795,0.00932
-0.38481,-0.52577,1.30916,1.03913
-0.4904,-0.51817,0.21456,-0.0282
-0.58158,-0.31737,-1.03166,0.30477
0.87372,0.56336,1.30192,-1.219
2.13784,1.28133,0.91066,0.89123
-0.44437,0.54892,0.13299,0.08357
-0.51139,-0.52407,-0.03196,-0.01779
2.13784,1.28133,0.91066,0.89123
-0.26915,1.24198,1.56647,1.77171
-0.44712,0.3618,0.2342,-0.02328
-0.44712,0.3618,0.2342,-0.02328
-0.47917,-0.19663,0.20296,-0.30103
-3.22758,-2.32981,-1.54744,-2.36765
-0.68366,-2.29297,-1.09245,-0.01185
-0.46572,-0.00814,0.2203,-0.04092
-0.41844,0.17062,0.7097,-0.02604
-0.42387,0.91921,0.23648,-0.26711
-0.49481,-0.51868,0.20008,-0.28899
0.76917,0.38056,-0.00128,-0.25208
-0.41705,1.23498,0.22742,-0.89001
-0.6872,-0.53144,-2.07266,-0.30299
0.80634,0.37312,0.26188,1.08904
-0.45152,0.36129,0.21972,-0.28407
-0.40823,1.24126,0.23936,-0.27916
0.91237,1.25586,1.33318,-0.95263
-0.40823,1.24126,0.23936,-0.27916
-0.45615,1.24529,-0.36943,-0.02658
-0.68824,-0.52722,-2.0514,-0.65646
-0.47694,-0.32441,0.21489,0.3212
2.07939,0.76369,0.33388,1.86869
-0.43754,-0.48507,0.83212,-0.30815
-0.52905,0.03394,-0.55101,-0.05228
-0.50113,-0.33515,0.16291,-1.01081
-0.46443,0.24642,0.10324,-0.24718
-0.41493,0.87263,0.22706,0.64817
0.79828,1.25076,-0.12161,-0.2659
0.86637,1.28135,0.69648,-0.63759
1.01813,0.96733,2.42938,0.98639
0.64227,-0.50417,-1.12897,0.66505
0.60705,0.19313,-1.86337,0.28932
0.78262,-0.50192,0.52049,0.77575
0.93432,0.5355,1.55844,1.74541
-0.39672,1.24982,0.28226,0.2423
1.03818,1.29515,2.42972,1.32441
-0.50511,1.23457,-0.92372,-0.27025
2.00069,-0.47393,0.30585,0.43729
-0.59473,-0.52527,-0.92405,-0.57268
0.76504,0.37899,0.12466,-1.16506
-1.5008,0.3666,2.48075,-0.68137
-0.4904,-0.51817,0.21456,-0.0282
-1.50521,0.36609,2.46628,-0.94216
0.7367,1.26247,-0.92958,0.08455
-0.66917,-0.51455,-1.84135,-0.6653
-0.59055,-0.82063,-0.88562,0.37245
-0.55566,-0.71484,-0.44077,-0.06678
0.75061,-0.32207,0.20706,-0.24868
-0.46519,0.34881,-0.12873,1.03973
0.64325,-0.50536,-0.69418,-2.20819
-0.45435,0.03361,0.22857,0.69318
-0.52371,0.86463,-0.93762,-0.28789
-0.54977,0.3617,-0.94855,-0.24689
-0.58802,0.58984,-1.47137,-0.59896
0.64325,-0.50536,-0.69418,-2.20819
-0.50848,-0.53116,-0.14837,1.03481
0.83368,-0.30759,1.04988,0.43256
-0.48187,-0.20417,0.18902,-0.30091
0.78775,0.35757,0.12444,0.72024
-0.60935,-0.51835,-1.1576,-0.30729
-0.50275,-0.49174,0.25482,-1.58875
0.89181,-0.47492,1.54456,2.40562
-0.4471,0.36706,0.21719,0.066
-0.40112,1.25457,0.25077,0.07079
-0.22849,1.27227,2.29628,0.01491
-0.52236,-0.52461,0.2042,-2.53225
2.02883,0.21027,0.27779,0.39108
0.63835,-2.26514,-0.02128,-0.3394
-0.4904,-0.51817,0.21456,-0.0282
-0.42851,0.73174,0.2481,-0.00565
-0.46055,1.24478,-0.38391,-0.28737
-0.49481,-0.51868,0.20008,-0.28899
-0.50152,-0.19973,-0.25434,1.02988
0.54773,-2.09284,-1.53675,1.99194
0.68792,-0.33881,-0.39698,-1.10658
0.99489,0.41518,2.41008,1.3195
-0.44622,0.91611,-0.22082,1.0638
-0.67893,-1.95563,-1.14057,-0.36098
2.25753,0.92028,2.26322,2.49969
-0.4442,0.35472,0.11779,1.02933
-0.49481,-0.51868,0.20008,-0.28899
0.83854,1.2755,0.16089,0.72871
0.6599,1.25506,-1.83269,0.31254
0.65013,-0.49746,-0.96887,0.07472
0.79761,0.38309,0.27023,0.10762
-0.57238,-1.77566,-0.07239,0.06919
1.8485,0.70231,-2.06745,-0.19658
-0.59085,-1.90859,0.17063,-2.54343
0.95411,0.43882,1.85506,1.85858
-0.46024,-0.51741,0.46959,0.6817
-0.49481,-0.51868,0.20008,-0.28899
-0.35096,1.27487,0.8714,-0.29832
-0.39938,-0.48709,1.12475,0.67048
0.72731,-0.51614,-0.06646,0.4307
0.72588,-0.4994,-0.02092,-0.257
-0.41946,0.91972,0.25096,-0.00633
1.96863,-1.03763,0.29162,0.07026
-0.48677,-0.52475,0.29997,-0.28262
0.85746,1.26164,0.51177,0.04759
-0.45152,0.36129,0.21972,-0.28407
-0.39941,1.24754,0.25131,0.3317
0.66455,1.23374,-2.09315,2.39335
-0.45448,-0.52178,0.45926,1.07165
-0.6173,0.91067,-2.015,-0.63459
0.71202,0.75244,-0.93532,0.09727
-0.58995,-1.21779,-0.19525,-2.56654
-0.44712,0.3618,0.2342,-0.02328
0.81273,1.25947,0.15878,-0.89936
-0.50304,-0.51998,0.01113,0.33387
-0.56507,-0.5158,-0.63421,-0.30545
-0.5425,-1.39915,0.16596,-0.55469
-0.52277,1.24159,-1.11831,-0.29747
0.72731,-0.51614,-0.06646,0.4307
2.08286,1.28023,0.34766,0.09705
-0.49948,1.23823,-0.84144,-0.28522
-0.48466,-0.11578,0.26054,-1.5901
-0.71427,-1.96389,-1.5413,-0.65475
0.81385,0.76548,0.15515,0.74143
0.83888,0.19505,0.76836,0.77338
0.81027,0.056,0.53725,0.79271
0.79924,-0.51202,0.7237,0.76803
0.75959,-0.31687,0.14033,0.71112
-0.48769,-0.50536,0.21149,0.06097
-0.70166,-1.22776,-1.75792,-0.71832
-0.50901,-0.88811,0.20066,-0.04583
0.78778,0.73278,-0.00118,0.15527
-0.42576,0.91887,0.14689,0.10121
0.63322,-0.69215,-1.13183,0.66573
-0.58183,0.90672,-2.01788,2.34945
0.81246,1.26053,0.01837,-0.24717
-0.48329,-0.50485,0.22597,0.32175
-0.5461,-0.53288,-0.42973,-0.04847
-0.49908,-0.52173,0.17123,-0.30583
-0.61904,0.16684,-2.04568,2.31418
-0.41455,1.26046,0.1229,-0.25363
2.07845,1.27972,0.33318,-0.16373
0.79828,1.25076,-0.12161,-0.2659
-0.48525,-0.33671,0.21112,-0.27068
-0.42387,0.91921,0.23648,-0.26711
-0.49481,-0.51868,0.20008,-0.28899
-0.51908,0.92488,-0.89629,-0.24859
-0.55222,-1.40375,0.1609,-1.27508
-0.53014,-0.50642,-0.31593,0.10733
-0.50044,-0.52233,0.1178,-0.27402
-0.52023,-1.20438,0.19524,0.31628
2.0316,1.08786,-0.2977,1.14413
-0.42908,-0.51681,1.31536,-2.60845
-0.73571,-1.95193,-1.86328,-0.42639
2.00997,-0.10426,0.29962,-0.17491
0.86637,1.28135,0.69648,-0.63759
2.08836,1.28643,0.44431,-0.16185
-0.69729,-0.71519,-2.05426,-0.65579
-0.48136,-0.33019,0.21742,-0.02887
-3.29592,-2.33923,-2.34202,-2.3926
-0.41196,0.92052,0.23808,0.67785
-0.69457,-2.27768,-1.14345,-0.34894
2.10407,1.27371,0.33962,1.85597
-3.29592,-2.33923,-2.34202,-2.3926
-0.48118,0.36477,-0.13565,-0.26656
1.87616,1.26023,-2.05068,-0.17962
0.8179,0.94293,0.26849,-0.22637
-0.55556,1.23599,-1.70204,1.03226
2.08836,1.28643,0.44431,-0.16185
2.00069,-0.47393,0.30585,0.43729
-0.50892,-0.51852,0.16353,-1.18088
-1.46192,1.24606,2.48592,-0.93724
1.87616,1.26023,-2.05068,-0.17962
0.83354,1.26497,0.27137,-0.23841
-0.64214,-0.52395,-1.74133,1.02243
-0.59169,-0.52536,-0.96301,-0.28008
-0.43291,0.73123,0.23362,-0.26644
-0.41946,0.91972,0.25096,-0.00633
-0.64616,-0.53459,-1.5657,-0.26839
-0.4904,-0.51817,0.21456,-0.0282
-0.40553,1.2488,0.25331,-0.27927
-0.59583,-2.28855,0.06657,-0.89471
0.76155,0.17584,-0.04968,0.43629
0.73625,-0.50887,0.19661,-0.61833
2.04507,0.40646,0.42467,-0.16676
0.81686,0.19007,0.53727,0.78134
1.9699,-0.99174,0.25527,0.39821
0.79452,0.38806,0.28057,-0.22648
-0.43019,0.93841,0.12002,-0.24159
-0.4634,-0.15437,0.2257,0.69386
-0.53861,-1.39263,0.17226,-0.31288
-0.46055,1.24478,-0.38391,-0.28737
-0.48749,-0.52525,0.09815,1.02441
-0.4967,-0.51902,0.11049,0.07933
-0.51139,-0.52407,-0.03196,-0.01779
0.97018,0.58244,1.96244,1.75044
-0.46716,0.03924,0.21684,-0.27203
-0.45616,0.17382,0.23134,-0.02261
-0.43741,0.91908,0.03994,-0.01458
-0.58139,-2.27861,0.1608,-0.29881
-0.53256,-0.53275,-0.23319,-0.30101
-0.24413,0.95022,2.2934,0.02695
0.90558,0.93519,1.16491,0.75362
-0.54713,-0.51515,-0.4232,-0.2972
2.2712,1.29047,2.27147,2.14827
-0.44348,0.35522,0.31961,-0.2777
0.75054,-0.50485,0.13747,0.7118
-0.3822,1.24768,0.2605,1.64698
-0.43516,0.5427,0.12065,1.02865
-0.53106,-0.84338,-0.40078,2.12075
-0.4904,-0.51817,0.21456,-0.0282
-0.5381,-1.39864,0.18044,-0.2939
-0.5513,-0.52003,-0.18101,-2.21089
-0.50815,1.23467,-0.88477,-0.56285
