X1,X2,Y
-1.2640526647764023,0.28003648838483375,0
1.5279053516384395,-0.44610166118269673,1
-0.9707109380088592,0.6022716906363583,0
0.4705596158864256,2.8578002350136473,0
-0.10069671647152238,-1.2677094139755478,1
0.3037931847261239,0.7428914795639814,0
-1.7259624283953676,0.6804645699686175,0
1.5850953690155405,-1.6128674031008066,1
0.13429659312761066,0.9428535638521626,0
-1.1068554666418748,1.3418962514520498,0
1.578225549157934,-0.22536568790504571,1
0.10749794279303129,0.4735203970623556,0
-0.7640478266792808,0.0936477311518076,1
-0.7751885093661547,2.035705935013243,0
1.3838471654592486,-0.7144905121068601,1
0.7603850849562862,-0.06595815496901138,1
-0.28564551387128684,-0.47705580704190303,1
0.5383674765639552,0.2861448291053592,0
-2.0838966321055628,0.12457591257048876,0
0.9377817100958132,-1.826792969204358,1
-0.005777996187991759,-0.07123229688541494,0
-0.46747896711516473,0.12343435754086837,0
-0.4230152990413028,1.1945389661610433,0
1.0644820931620136,-1.5874630909727512,1
-2.9033675966105537,-2.392591003785326,1
1.6168903749540906,1.013404905036401,1
1.4255098858099506,0.7019265827012438,1
-0.6647551187729498,0.44617381218687807,0
0.9850178596329814,0.12019419744114639,1
-1.7004652650824355,-1.1627212113408922,1
-1.1001438070897078,-0.37459501163623676,0
-1.3156440908144533,1.7844201890635942,0
0.810500910211959,-1.0014242556594461,1
-1.0447783739987215,-0.5506558299369704,1
-0.6892293733135166,-0.34190943923998834,0
-0.8527568645833081,0.6263731778191005,0
1.113472107571644,-0.6092876417729327,1
-1.9211697177598397,-1.8820876475775543,1
-0.701402418249351,-0.7009063336678955,1
0.8490878496209407,-1.060214083521622,1
1.0506997882323679,-1.9532096058766428,1
-0.5368744556359997,0.8791471316421051,0
-0.029192717790845975,0.22234136686419007,1
1.3940559849253946,-0.7071214050910154,1
-0.3978674417744099,-1.685704862903734,1
1.0191273848547717,1.0561280244824995,1
1.8988813000456628,1.3164317121913915,1
-0.3548496436913289,0.26053853301475993,0
-0.387016470612039,-1.4491223624895782,1
-1.9273053854713207,0.4881935835449513,0
0.550756592444001,0.9950907175225147,0
0.954355812942892,2.7409707506556624,0
0.7827765038627524,0.7909206611060855,0
-1.793237901948804,1.1196719715175922,0
1.2418554963837798,1.0807036743522482,1
1.7077468762698287,-1.4277964612929221,1
0.323153396376176,1.0216135536070705,1
-0.9918343941759342,0.5557940533731424,0
-1.1632823724613226,0.8344822919590262,0
-0.02133509925254873,1.1335073050805138,0
-1.581995292041904,1.8322728672514073,0
-1.2431141849608167,-0.36590154280401804,0
-0.4101690237474203,0.66923463626528,0
-1.0550753379742197,-1.4866283043199189,1
-1.0573121426115188,0.015439009115890747,0
-1.2841172159232188,-0.17782072802668245,1
0.9131260405168374,-0.5298723492538552,1
-1.3877453408000875,0.47951852572291537,0
0.030027763462286312,0.36730019419298976,0
-0.45000776181154556,-0.6548926482527794,1
0.2056331354357321,-0.3623130897355336,1
-0.46002617906727195,1.4527822667084198,0
-0.1734129912343413,1.834600876479765,0
-0.2166548443783866,-0.5004626170047249,1
-0.2599348352068893,0.2708223996164433,1
0.5662934309673903,0.29782890776161786,0
0.990522471289851,-0.4771516897702209,1
-0.594763301867203,-0.8412726296013497,1
0.34346297841063883,-2.1305017178084364,1
-2.589322530566582,-1.6808516161945772,1
-0.01650231874841613,0.6592730227044862,0
-0.06609069283399115,0.14118960291428762,1
-0.12836570418970597,-0.24639438562887103,1
-0.8955772873094923,-0.48811889003287934,1
0.5750977128449908,-0.33748868894953366,1
-0.498446705212954,-0.8993079740883069,1
-1.1553000922710281,2.2866823526690028,0
0.9008386879950518,-1.0513572773850313,1
0.8789613065987242,-0.6570740949827558,1
-1.4949360125913533,0.48212101839834287,0
-0.30249370768047723,0.9688490059568171,0
-1.0637977286906226,0.8560065805645245,0
1.7047238524908048,-1.308623555974206,1
0.8774261950333604,0.08069912275004391,1
1.0025602899242294,0.6336530704554836,1
-1.0437645381422618,0.5304473525769189,0
1.2680277822976784,0.935076324477273,1
-0.2820222513987195,-0.2996400529377377,1
0.33168039114727704,0.16153988124341132,1
0.4370614140682786,-0.3125657112046007,1
0.4550289092198558,0.5683006694703969,1
-0.37994860695089333,0.19475307292233704,0
0.7859275620338786,-0.3070450323944082,1
-0.25853283877159844,-1.1010659753199203,1
0.9321479644857171,0.5522093500564146,1
-1.3907749632824997,0.8008317977924956,0
-0.6585528487933937,-1.0343739869288329,1
0.7036294400556028,1.1857625683037443,0
-0.961741303538321,-0.5547123050049982,1
0.9547172918282615,-0.37372903950639874,1
1.0213011441233566,1.4464473297568643,0
0.7387329435152503,-1.4585641366101723,1
-0.4096778256057881,0.5287123733963495,1
0.5773807286511895,-0.025448231527219155,1
0.41657997645061856,0.1652651175170993,1
0.5214517264724435,0.7566373654831637,0
-1.4736564845139932,-0.4533123997685682,0
-0.5971964891144038,1.28207245047825,0
3.0204959525736323,1.0824136739359196,1
-0.32610716599330797,1.0203685306928683,0
-0.5720311548407078,-0.9822998318372895,1
-0.8149771623876728,1.0774000400624122,0
0.5996442836503177,-0.20215389950168677,1
-0.37263315141662057,-1.2582620070941843,1
0.4376973807581629,1.2380755295009198,0
0.5141079756352317,1.0298274125696945,0
0.7581935692333367,-0.7011614544158672,1
0.4044878638000129,0.051623470005643914,0
-1.884185555096192,1.8642664975114578,0
0.364433197795086,1.1393294229747306,0
0.3847606564463104,0.15556902905623862,1
0.8130373036961084,0.15127561419276023,0
0.5801237847416596,0.31817090228838407,1
-0.6058916338439614,1.1122941654196608,0
0.22928707911648266,0.4546188477177486,1
-1.3681591306365373,1.378802382424082,0
1.7747485279082922,-0.19376435449254273,1
0.40529060299700576,0.04487960263403056,1
0.15808974524865438,-0.20153814170790071,1
0.15463855145573357,-1.5864372420041355,1
-0.5460789872284598,-0.9170166773784311,0
-0.8498991911249096,0.16381158797721063,0
0.473231418119486,-0.3289452884400946,1
0.3801157017026658,-1.616140773499943,1
-0.9538965282656604,0.08448278585457815,0
-1.1117139208901239,0.8475957049023741,0
-0.42330703794781976,0.08902267007253528,0
-0.17209306184518144,0.24293194776096297,0
1.51693006981128,0.8381905839617219,1
1.2384121578485456,1.4216581240405723,0
-0.38874650378904163,-0.15374078371405803,1
-0.10437828926553183,0.2203191119486328,0
0.22850879361441695,0.33625828388440404,1
1.93340250527869,0.8607598426030971,1
-0.9245254023344185,-0.10015252069268386,0
0.3666856234780389,0.17077754952278726,0
0.59495425467346,0.9398284644795678,0
2.0744126189931267,-0.23889877559207606,1
-0.0643147744144674,-1.8218752286206585,1
0.5030430543792219,0.7068740542422759,1
-0.6389600977426074,-0.07060097852157082,0
0.3980558442659004,-0.47603554410137816,1
-0.4966800406239726,0.05798543326671955,0
-0.19036584851439325,0.2120976158366308,0
-0.786074545155056,0.9497110794656161,0
-0.2432438725994106,-1.152625544440592,0
2.1832830424692062,0.68316564583957,0
-1.4085373297861496,-0.30759464693015875,0
-0.4039263091872383,1.70363363307868,0
1.0299953371639703,-1.0731134913854141,1
-0.8449188290510339,1.0871851621612165,0
-1.4763913558354282,-0.8026402602190355,1
0.05884045075428907,-1.174204310313911,1
1.9932252560196777,0.5956285898913705,1
0.43523388100711863,0.11675409599320438,0
0.5855814096994928,-0.2386152717681046,1
-0.666517308367202,-0.4059295935729455,1
0.005426222137805062,-0.17846738052902777,1
-1.7206548972008933,-0.7739262243214673,0
1.6702379672463952,-0.056259465192251855,1
-0.20513772621982967,0.6560670305783418,1
-0.04560066581167488,0.757043049933977,0
-0.6232753445455009,-0.29688430520067344,0
0.36824553916126085,-0.1596816286546301,1
2.1029929212298164,0.22963933315804685,1
-0.5405165522741112,0.5773628068124815,0
2.1853408681078537,2.253231981168444,0
-0.7552617349082162,-0.4730991001276281,0
-1.3936673691436725,0.6345266042528436,0
0.07987626589116034,2.7601518492550436,0
-0.7849797184586369,1.6631371027249224,0
1.9690253319521425,2.0691420974576635,0
-0.903782858259731,-0.1737822236950567,1
-0.3120023332943264,-0.9562271812002444,1
-1.2378046489161187,-1.052969794625708,1
-1.6108807302689774,-0.46568056708319655,0
1.5087333818684086,-0.706772742019621,1
0.7434094314073616,-0.2830213438120664,1
-0.6976687540342508,0.5423841531162704,0
0.36385456987690845,0.4792553620081424,1
1.0708793694027354,-0.611954064085858,1
0.47276629470363885,0.45203991328425924,1
-0.7315872043324777,0.27958555643188204,0
0.5192371457882969,-0.31040040210122155,1
0.5040135152995603,0.782861284471984,1
-1.9947101667070513,-0.41097942626422806,0
0.262424167944218,0.7575860191819695,0
-0.6144326510963358,-1.5872090590519392,1
0.41213935652277706,1.5662687682744578,0
-0.8212917147310352,1.5450880538332135,0
-0.4906846670071616,1.0279335419348412,0
0.11306182479266919,-1.9159990957557669,1
0.2894321073005833,0.876749877302485,0
-0.027053428008423426,-0.673081998707263,1
0.8348053080337832,-0.9575357712701009,1
-0.8593819049351246,0.5287885554632017,0
-1.0708580695441228,1.3520001560816104,0
1.2546807306929542,-0.0375100656120946,1
0.4287112180195192,1.6281522393300527,0
-0.39515855715968695,2.43039556886374,0
-1.0294089630035508,0.8111545409898954,0
0.4509830086668657,-0.4630518105206963,1
0.27022106653053246,-0.5554511242312541,1
0.5047964883429154,1.636234807098068,0
-0.9778255390107421,0.7608791007462027,0
0.012761604585455862,-1.4921113210721086,1
-0.015074752887887356,0.2995391768364483,1
-0.3923102167423463,1.0410925755837126,0
-0.9567806700310832,0.30383870979107663,0
-0.5500414323729499,0.6198222314871534,0
-1.756658547769159,0.9530472891855547,0
-0.002969613020022339,0.7352137130495167,0
-0.2909955557622014,-1.0957527452406264,1
-0.36069707745131036,0.8817587282791085,0
-1.265144949948792,-1.9332847864122824,1
0.16353558737195997,1.7108424624439904,0
0.8867224661782934,0.543581017262326,1
-0.9783415957566237,1.8614858505920115,0
0.47000420087119626,-0.5527992434426346,1
-0.9342625830762148,0.7845326672723699,0
0.24833424633407658,-0.023182475797635372,1
-1.403892101928243,-0.3499393172505606,0
0.18340611459838227,0.48246902004334163,0
0.4136412535158139,0.3768923447236917,0
1.5279793680772824,-1.6265193475522195,1
-0.12252128995193623,0.30777803252199204,1
-1.159011094792489,-1.27933368944799,1
0.08904879291115626,0.062230187627741365,0
-0.20648555842680175,-0.4530602900059867,1
0.07146248333223315,0.6815626949575283,0
1.1710812600128082,-2.268242066032539,1
-1.9359495570505387,-0.42215148495687027,0
1.2619398441592267,1.8141727540438568,0
-0.1338447580316028,-0.6424195200571935,1
-0.9773146436071706,-1.4509913869158981,1
-1.3383209755915606,0.6447478726408704,0
-0.47157322867972457,0.7845348189413188,0
1.3055758662410943,2.5767954858515303,0
0.8579749206051132,-1.2170636664540317,1
-0.6290701687235075,-0.025144336477669303,0
0.4075610273542423,-1.2560870800567492,1
2.845122841722618,1.2603002639886447,1
-0.6239938230132179,-1.8336038978917306,1
0.3557161779110348,-0.6526030875507283,1
0.1453532966999681,0.5458219538247124,1
0.8289825791010965,-0.8057418334537889,1
1.3080142337317258,-1.4067588606665125,1
-0.9168922564901126,-0.8885995808618049,1
0.7154136040621542,0.515847756506363,1
1.7937748770474395,-1.0301934057148392,1
0.5601040943702448,-0.625915448296684,1
0.6336791127561884,-0.007712283502911308,1
0.24135355843396036,-0.2170307136132432,1
-0.6126007203366434,-0.3740432826713024,0
0.8955234759011149,2.673642822969181,0
-1.2578169026791628,-0.5058473889047211,0
-1.1320772450025418,-0.7206087394531673,1
-0.6004494461327389,-0.8707270219957554,1
-0.8103533546733445,-0.7001120945078048,1
-0.7361285543481056,-0.3885458475155413,0
-1.033456886582375,-0.5119912399707426,1
0.0003345705456501473,1.0285140299542996,0
0.8779048918295976,1.0007973408780164,0
-0.5710936595844485,-0.9301270261230536,1
0.5269289300912968,0.5887184826249875,0
0.7062485743569582,-0.21792215513192556,1
-0.36862863308843596,1.6571423874488402,0
-0.14433417373434765,0.6544854588999682,1
0.12763691851717088,-0.29559145791652763,1
1.8253473598599175,-1.0696511733469234,1
-1.1134908009427162,0.3693484122411483,0
2.174251802308174,2.1992633237398524,0
-0.26552819604223593,-0.47188882512466185,1
0.1277117591243348,0.320782405263578,1
0.15755612221947646,0.2157172693087867,1
-1.7079549792970972,0.5307424560041646,0
0.6330789799066141,-0.9953004716138457,1
1.5029047376470654,-0.19133968927050726,1
-0.005636813964245325,-2.312599356303052,1
0.8055625942056078,1.0672071969821755,1
-0.14146916677907254,0.46336462972572096,0
-0.4045014722256268,0.5648656877230611,0
-1.8146144915598348,0.3339412533386032,0
-0.20626604028430026,0.5670302309351694,1
-0.7319488199962815,-0.7336982793121591,1
-0.3370033782545571,0.5765687689303581,0
-0.26020228862013395,0.061294696076093946,0
1.7474021529423067,0.9651219824315207,1
-1.0822350489283175,1.2737355163658641,0
-0.7516005994226977,-0.34524276593426934,1
-2.2669054927174623,0.37485399237030376,0
3.494883405632859,0.006190868259923378,1
-0.691317237326725,0.5302346731926406,1
1.6703432384127201,-1.171103375923918,1
-0.3494873132852443,-0.08869981240941296,1
2.1852958340414057,-1.1202393623881688,1
-0.03592161136503861,2.5758271867662774,0
-1.2456303966294113,-0.5846854390042496,1
0.1732751302076565,-0.7091352696713535,1
-1.6717841268133997,-0.27550232348195086,0
0.7395542541114432,-0.49522024662169895,1
-0.9084066957007451,0.11329130575505428,0
2.0664612427758007,0.5339695973471357,1
0.22069200019985757,-0.8707778754679523,1
1.184369443042877,-2.2176845619763657,1
-0.10584618983120918,-1.713286728589576,1
-0.6759286523519675,0.5615761710832992,0
1.8768720495140865,-0.9907341860377997,1
0.31439392223871054,-1.3597925634123698,1
0.470599371522915,-0.11959375195974796,1
1.2338937807516905,-1.8485659627371853,1
0.1479359382609783,1.3634495786516214,0
-0.3841567052083335,0.2005654534653544,0
0.13959069868006047,-0.245241004671064,0
-0.15881820954119164,-0.359592275586676,1
-0.16646886090019458,-1.6065055962262857,1
-0.2558049805326614,-0.11856404114626304,1
0.424347434297074,1.083103520825898,0
-0.5505548206969042,0.9638471128498884,0
-0.8929710974048642,-0.2544706150782073,0
-0.1683996936336143,-0.16158687715001246,1
-0.7700034571633493,0.621849527049515,0
-2.456954544909625,0.34051743324432615,0
-0.4891616831823869,-1.0857604250042008,1
0.2072262766014971,-0.513204890726936,1
0.10371502235089126,1.4866105694351797,0
-1.6543314819664803,-0.5295904142639105,0
-0.5222227298499086,-1.7407070471177566,1
-1.3984343182587509,-1.3196557557499142,1
0.5167904613084668,-0.23602203067206995,1
-0.13813773170308388,-1.413889694805703,1
-1.8589696532524274,-0.5799529180233338,0
-1.2859741510668077,1.2896396483445083,0
-1.3479159515681494,0.07220144623800466,1
-0.7377545004472339,0.03168125228590271,1
2.0951500647183243,0.3417321434129029,1
-0.4377051674643115,0.570415773322781,1
-0.594303137365883,0.4990341308663836,1
0.5361075989375037,0.27839929235679056,1
-2.0183967142316144,-0.9938175219223172,0
-0.2228633804421485,0.6263059355247864,1
0.4240611219617942,-0.4466630476502387,1
1.9896603253666842,0.5070880631964673,1
0.07633187592474777,-1.373264925823749,1
1.0566347573059773,-0.21858304036660245,1
-0.8560123351543356,-1.029618990464603,1
-1.0204272262869911,0.6407165072129567,1
-0.3023752990070869,0.504312678360827,0
-1.4386207158016262,-0.07087566499437542,0
0.40575886049421384,0.6617259541383211,0
-0.45829668019157543,-0.5460254981698057,1
-0.4310158398859532,2.3129597073813897,0
0.5621562796765804,-0.7758928443512286,1
-2.1582337935601736,0.46289519707434224,0
-0.1702055412631261,-1.1483088243794213,1
-0.8598935649221632,-0.2941125396238472,1
-1.6843194592812663,1.4653044905216708,0
2.302347729427507,-1.2009375941827176,1
-0.7151744687394832,-1.1008247411436498,1
-0.7730999130227421,0.412472493972148,0
0.9413182632655616,-1.072502147991939,1
-1.386645469046559,0.2587713000376224,0
1.2170535069915451,0.6911507024250477,0
0.08134330488255405,0.2630423006075317,1
-1.0274795351432677,-0.18298412469294303,0
0.39809241333022,0.6545639667846759,0
-0.8806267251532116,0.27558551915866825,0
-0.592960472475434,-0.5458788954244466,1
-0.5856183059123272,-0.41590638600554286,1
0.24991813748960384,-1.1081801058248695,1
-0.04293917798399205,1.8465495016157158,0
0.19868432075782982,1.1299063399922193,0
-0.79097760198306,-0.22296857692465794,0
-1.4381477018213513,-1.2164307817176183,1
-1.3012591695371478,0.09719541393196429,0
-0.0640448105507906,0.13411185280745425,1
-0.0019860456433873686,1.928878024791346,0
0.21121101212459678,-0.08593065322845417,1
-0.9134251429342204,-0.44955178983649435,0
-0.9992400147902499,-0.20871438792854613,0
-0.3133946077064203,-0.25204180871745835,1
-0.5746179120219366,-0.1366429044130355,0
-1.5438801131593642,0.2614409769935886,0
0.15442255362974464,0.1323029231870569,1
-1.3006742772632331,0.6370612779024818,0
-1.2082868761704475,0.9716518958935558,0
1.1756883659658046,-0.3068773954917287,1
0.45551889075243523,0.025847333554660228,1
-1.7758009590693957,0.4688010305726385,0
-0.27293879891034767,-2.603764541298302,1
0.13455768702416354,-0.06659731322399386,1
-0.17604809040134967,0.9681029578259641,0
1.1880248494559376,-0.14893601891766656,1
0.42067595159474785,0.9539522165313186,1
-0.9018485081096965,0.039277404947161636,0
-2.1977910207859215,-0.34700488309262767,0
-0.32495211538698215,-1.3062153337106204,1
1.9741170943136312,0.6170314800105859,1
2.1829980366787267,-0.5463050707621444,1
-1.1525551045206712,0.3495964568224781,0
0.05003674925703136,-0.11905766591992864,1
-1.2664125859717776,-0.4580348636904627,0
1.5285177775853003,0.9820572497426142,1
0.13980049376506484,0.6038414292385919,1
0.027929744247828493,1.1147702146927738,0
0.9605948662269177,-0.22141340844718577,1
-1.6487654832827277,1.0978591509189037,0
-0.553797817415137,-0.7306425022072205,1
1.1617429551343228,1.8576208885744623,0
-1.1375437952030643,-0.960107579220278,1
-0.46794511575436765,-0.5975367448343826,1
0.7930519321712498,0.8276420716107961,1
1.4215033597871536,1.4816080103770086,0
-1.1817531308784437,0.5473986769157475,0
-0.5603119864988866,0.12139459051952296,0
0.8644608661351475,-0.5544371753575348,1
0.1100863534844538,-0.42714234608310153,1
-1.0615439892122613,2.6051624770658455,0
-1.8219121999409276,-0.4565853469590368,1
-1.9633075564189648,1.2563388237296367,0
2.000684951408805,0.13453808134531026,1
0.5817923003942892,0.5194759715273383,0
-1.2777244224693531,-0.8524525815614434,1
0.8890947422266874,-1.1322901333359587,1
-1.999157880016236,0.6923877337118032,0
-0.7862469087457963,0.6216698298025568,0
0.94435905377653,-0.04416306365575048,1
1.0151118351282282,-1.0812103017246146,1
-1.0580153498385882,0.2587917416661274,1
0.4683812215803807,1.3153718396222644,0
-0.43576064491126454,-1.200243814803784,1
-0.481260569425521,0.11531577343559042,0
-0.5096870833758702,0.46628444419675474,1
-0.9095508713432255,0.344877509364677,0
-1.198931888313897,-0.09595404552433633,0
-0.10021980270167934,-0.9670590790419917,1
-1.256717343667071,0.5845146552773817,0
0.6871826715998565,2.4599740175777662,0
0.047490063277258535,0.20383826596079688,1
1.5710904018845668,-0.18040683745897138,1
-0.15979002178087182,0.8058674121721435,0
0.5629348964449474,-1.1240174129178477,1
-0.021207747678109335,-0.1777718387347829,0
2.160934802890411,1.5068822148675964,1
0.06664150901758882,0.5521922482946173,1
-0.678765041369089,0.07362232998134931,1
0.2949403842359624,-0.5203069486067959,1
1.3128962151135162,0.250602450298192,0
0.7794246039019986,-1.7888772270192932,1
-0.055398692180113514,-0.6552744124495213,1
0.8421272324289067,1.0075971811301019,0
-0.16676681122381073,0.7141830300649149,1
0.7507841855626347,0.045704304072161736,1
0.9029498217726555,-0.43657199897318505,1
0.9623335283576367,-0.3674372904204032,1
1.236626902008815,0.6139916043852458,1
0.2854018450599077,1.6561457231085945,0
-0.27591788788508415,0.23125121294592665,1
-1.0277494480141909,-0.36206628009809655,1
-0.6536456230779716,-1.0924260520551603,1
0.5370037796217897,-0.6548770432933418,1
1.4714415571728743,-0.012503581668652479,1
0.19530030690431088,0.4291896507371624,0
-0.49044157374596314,-0.2596742839073764,1
-0.060863118312416205,0.777550646911141,0
1.6452279701695374,0.45256820312503576,1
0.972514775138858,-0.4126453819656963,1
0.7598356835829527,-0.04471866774137968,1
1.306960412111813,0.3771543559408165,1
0.544042016622345,-1.0105786358375946,1
0.1455889571208424,0.688397643632461,0
0.18836798528953394,0.8448314125359363,0
-0.33749881528062864,-1.2191335721998422,1
-0.9660274482887261,-0.22554787600120993,0
-0.4928142074431243,0.3745641045430024,1
-0.24655139039230237,0.48353914537931975,0
1.6799901968712672,-1.1545179869599582,1
-1.043598498937228,2.1250480009000436,0
0.22900806241781882,0.4343405719887067,0
-0.1381559159204996,0.05786109925372774,1
0.252985295109667,-0.22167314138508895,1
0.10752744795771559,0.8785810493419933,0
-1.3314857145480052,0.3635269498419101,0
-0.6226874052116176,0.658303836112479,0
-0.006434933824376917,-1.287373864904496,1
2.614543093939555,0.6606546443559893,1
0.1575903446694131,-0.24803054831186624,1
0.7334779055206541,0.010570161124458924,1
0.35516814362363974,-0.32739447690575674,1
0.21662175959544053,-1.4016595910605025,1
-1.2982907755917734,-0.09977972059038169,0
-0.8369136543922289,-0.8672569535665453,0
-0.5940719327570408,-0.412385138777147,0
-0.22146312418778638,0.5699437055111498,0
0.9896810020288768,-1.1742373003552535,1
-0.06882137942732904,-1.0452832813932094,1
0.6582995837727741,-1.1663351486627214,1
0.6709981056292887,0.3659463824454491,1
0.2987523167847511,-0.408077232301834,1
-0.80604998145857,-1.1849059235871882,1
-0.9207773257149326,0.799163465490434,0
1.0823173868417297,1.719542776731511,0
-0.028442446548287904,0.15129415815518374,1
-0.8136194564762772,0.5163973346550392,0
-0.12575403609927324,0.39111987464931214,0
-0.3071055395781468,1.3316506484316917,0
-0.2161244884500673,-2.1387410058395404,1
0.5530930206212766,-0.6066804056788707,1
-0.12731350852296908,-0.2585570383531128,0
0.2746793668312206,-0.001953373956563931,1
1.21955387447432,0.8898900971358941,0
1.8859978028999793,-0.5606014195819413,1
-0.9524631682524349,-0.38377351911489493,1
1.3294338884846637,1.9145593458972714,0
1.3209146722537033,0.20778169332227328,1
-0.9013257928054326,-0.6051397671037565,0
1.145261911919927,-0.05326099474101765,1
-0.5550618159591785,-1.3160916519136037,1
-0.011394953900264017,1.1029380872486383,0
-0.4846147525058013,-1.9077826134671836,1
-0.47469678800627396,0.4907417919234811,0
0.8958627739749329,1.0291236360872151,0
0.4349696615733872,0.6178767255539273,1
1.2054634222343452,0.18920169152229652,1
0.1446666300223726,0.10468369293736128,1
1.092389740626062,1.3919991448878106,0
-0.6854606831337552,-0.33464624759487327,0
1.2338594680116235,1.2804697253464168,0
0.15355014069828118,0.458645490223822,0
-0.9336990680615317,-1.117055209848943,1
-1.0169801519359378,-0.5184219238700231,0
-1.130219225856502,0.5305098583314879,0
0.3103401930543338,-0.44323237240478963,1
1.6134136744904606,-0.6570990107331782,1
0.2992457944586818,1.1556242526690768,1
-0.6161646662314227,0.05008456637831443,0
0.478557544660651,-0.47394344021708634,1
-0.7344026749828116,0.15425483880209578,0
0.6566334872683108,0.6757382537481071,0
0.3336714801173306,0.28761553539543483,1
-0.15944906371617137,0.6315742855473329,0
0.5292116197266388,-0.37127549717632213,1
0.2857913333750816,0.12686291716068226,1
0.892611092042369,-0.3140571050132306,1
0.5918088142810078,1.2596744373239002,0
1.537311368836644,0.5836714045681568,1
-0.627235601471653,0.7618031873548272,0
-0.45995980040200096,-1.2198481446687977,1
0.37794218016429454,-1.9683931347503734,1
-0.7858776523999587,0.3900704992081903,1
-1.954577751775162,0.0011775755625004596,0
-0.16645034726710634,-0.3966793910067505,0
0.1059431568912576,-1.3698136900664446,1
0.3034623919631444,-0.13448012220592778,1
-0.18497584178700924,1.4792874277423187,0
0.22746885241240014,1.1658914441717134,0
0.713248167473224,0.4418914775347945,1
-0.892791060549095,1.429887289280274,0
-0.2376916143522411,0.5760743789265139,0
-1.2191224067336544,-0.9499178542669403,1
0.8191273468176579,0.37967192901193453,1
-0.16326003007909975,-1.5706088398638434,1
-0.9615274429926663,-1.2060406607571212,1
1.1173751204638773,0.685029933739052,0
-0.8824981345928512,0.18896334175098747,0
-0.692197993768084,1.5834155654458522,0
-1.2514560263027854,-1.943562855316188,1
-2.5284380121611174,0.22655956252222068,0
0.32675135703884794,1.197956989939581,0
0.5305687054951255,0.3267660819093997,1
-1.2265089687468032,-1.3112839803073213,0
-0.4415752259514092,0.08929041017834036,1
1.0341325084591186,1.2559293816407173,0
0.3039803988162341,0.5624615349616906,1
0.10526987432774132,0.26076838295430477,1
0.14223337088546634,0.36500220257586796,0
1.0129152620251913,0.866707134932521,1
0.4896116017809005,0.3561063906235364,1
0.32248245026591904,-0.6390107672302258,1
-1.887612747314487,-0.23662132297546148,0
1.120763807782743,0.18263917976956817,1
1.6450701518975201,-0.029184541709931556,1
-0.2550588797249454,0.4569278024741367,1
1.2277835900995204,0.26751146094942935,1
1.217526524145746,-0.20603988906124224,1
-0.525496192056168,-0.9746533173414463,1
1.1818214406312262,-0.8093760335276505,1
-0.4755470089927666,-1.6228230526585763,1
0.8032606805399793,-0.2784830642590935,1
-0.7481413926680492,-0.5485045109759827,0
-0.6286402476136662,-0.992907660913763,1
-1.412401356140795,-1.0619318090182486,1
-0.16199053245793757,-0.6773480656505751,1
0.31246005081975736,0.32417862476074827,0
-2.454232395802548,-0.12086895003963258,1
-1.6818798865046702,1.7920643703852146,0
0.3034044536341792,-0.20120281147998723,1
1.2030433525136737,-2.0510501433043338,1
0.9827944042249291,-0.03261105796103307,1
-0.6160738334674696,-0.9597303863425386,1
-0.03013068488557445,0.8611678040661334,0
0.5317964826143067,0.7301330462601764,0
0.7615192882191426,-1.0843059678103006,1
-1.8477200252369375,-0.13759396376041133,0
0.6024829850581628,-1.4426551679485422,1
-1.0018245199683424,0.15864444710035572,0
-0.18986548216192817,-0.4645823655313169,1
0.5022137277102001,-0.5096477799923056,1
1.2792370457698177,-0.5258935236580268,1
0.9547414768303504,1.2658306147575722,0
-0.9562353212106369,0.13159580943514118,0
-1.7443020157183449,0.4567660496704034,0
1.2961964825340677,0.3275471305953835,1
1.1709775682139818,-0.3210563523255065,1
-0.04013852223913328,0.9655512247947563,0
-0.6018529366308337,0.2743198417360146,0
-1.32667582894581,0.3522572669892936,0
-0.19052869086853766,-0.5188551974637814,1
0.03685487148754077,-1.739934598107545,1
-0.3632788868982806,-0.9630942236868426,1
1.6150905727129206,0.12417166109235465,1
0.30587543742949713,1.220060964578566,0
1.0572185186452427,-0.6563836133460964,1
-0.9692734267400334,-0.24428018020133688,1
1.5769974059407088,0.19098493472501646,1
0.23990846854673942,-0.6613013129548495,1
0.6149628672947954,-2.0509092997655376,1
-0.7593342865426256,-1.131481545307685,1
0.2279380904242248,0.5806607214705414,1
0.9725586922753845,0.2915784217593005,1
-0.5228483844835701,0.41850509721481877,0
-0.02425269050619026,-0.6842363892550319,1
-0.5168602927426549,0.7810498053319503,0
0.6773834903963823,-1.1134662814345004,1
0.1635755036762662,-0.9786665446934776,1
-0.262923549326213,-0.08769388489875095,0
0.9401195282637317,-0.1710159880637839,1
0.910102732668314,0.4399588627453207,1
0.7427304908921083,-1.5631654779480055,1
0.5496963465135788,-0.9452362100069331,1
0.1564039078818861,1.3829714115083473,0
0.7685846428706631,1.08996282130544,0
0.244719517676511,0.6943048044800306,0
-1.2178458022522567,0.49511465162650214,0
-2.4069860543373944,-1.5335626180418873,1
-0.20959550785899542,1.457073663153864,0
0.8327445442087149,0.8047919800339481,0
-0.7537439514614104,-0.4327376709857382,1
1.0688161810806651,-1.1760125036235642,1
1.4843859425868156,-0.34765392146119345,1
-2.09394958028813,0.9749443541178592,0
-1.2580873387948606,0.03001291347249819,1
-0.0913855795606892,-0.6593333204089546,1
0.40215103204158265,-0.970521936050716,1
-0.3326655852967357,0.9154333956354569,0
0.8033010080841059,0.26248994308030144,1
0.29041599152547815,-0.05220087712208595,1
0.8791754457666572,-1.9454332353641717,1
-0.6875869878588484,0.43689995666195836,1
0.5659588017042393,1.4413668223308533,1
-0.6382092307029589,0.25025525406604987,0
-0.20894322742123864,-0.01646240973395354,1
1.0216032199858482,-0.18486645624080922,1
0.5473893258232816,-0.4671339186167814,1
-0.5396240241612037,-0.7316182223943274,1
0.9888222823553829,-0.3561240892213506,1
-0.48435219429035836,-0.2655493232608482,0
0.9562918280424162,-1.2876290367932008,1
1.5129346162775683,0.6258357682486193,1
-1.7222616608368437,0.45430573146154485,0
1.6400041045754592,0.48598739219609527,1
-1.7601192585629268,-0.23222426128076837,0
0.6433215996455799,0.14062135456544625,1
0.43250711099823036,1.4790928396773877,1
0.44458099334101786,1.3006228256179404,0
0.04767771204799539,-0.45830735689189894,1
0.610340392410948,0.6061467001401232,1
2.009875733366799,-0.6930525683134262,1
-1.010932025149228,1.1641796075764537,0
-0.5990333148185772,-1.2306379799108371,1
-0.6392130062900102,0.233928596152564,1
1.434449287791508,0.4058646383399686,1
0.21860100546585978,0.35449285618302684,1
0.5697388174972107,-1.5661921400180625,1
1.1941574037529816,1.6021807986740417,0
-0.785071412391849,0.761833622078433,0
0.20629573318745728,-1.5959004072420406,1
0.8320213119194455,0.3973628665341599,1
-0.5163936029662889,1.186877411398132,0
-0.4242719683465132,-0.28600751787238216,1
-0.2008375180259493,1.8046224219745406,0
-1.006267931070443,1.0595702162904805,0
0.5912197093393504,0.8631208925545639,1
0.014409485419476295,-0.7047183445001955,1
-0.13817738815054065,0.38237586613368457,0
0.8745900237955663,-0.04935814281613863,1
-0.5139925713281863,0.08057725820242265,0
0.9830019075491002,0.44089399406233637,1
-0.11411680299291742,0.6860381440629101,0
0.6537202468542139,-0.2398966451956644,1
-0.4653442139790839,-0.8635783984265673,1
0.08624013007992248,-1.4636809541887184,1
0.9064681720517512,0.9434991324173577,0
-1.321569037307427,-1.9487989153357463,1
-0.447883781037341,1.140210843580415,0
-0.2410747125325744,0.5423144254903207,0
1.4651521811333303,0.8184569739080906,0
-0.17600324311758475,-0.3385863250336849,1
0.6582630099211049,-1.4218437879842598,1
0.18975500255658645,-1.6065049545289556,1
-1.7830845499536303,-0.04823293204099284,0
0.35713825936942883,-1.8595392701680433,1
-0.5078418703565549,-0.48865170762222404,1
0.1451879759981215,1.1590127276490325,0
-1.8762225023184802,-1.339196033532389,0
-2.1646168621081334,-1.789975046928905,1
-0.7488425109938293,1.20947968297256,0
0.30872573787449675,-1.2649667404861478,1
1.1756792083694387,-1.3058677961912784,1
0.7426720987743641,-1.0671890169123186,1
-1.6215069203591868,-1.1028962616521873,1
-0.5846861386715433,-0.3648642452579891,1
-0.0006504012506554381,-0.012227814883293728,1
0.9193978076480669,0.46485019294872704,0
-0.10986923701299645,0.8558666420333403,0
0.272135442697701,-0.4469322577818162,1
0.18015812440920353,1.1556226786632127,0
-0.2463112556792559,-0.5343302603684402,1
0.8400875071272924,0.4009737066009883,1
0.95280312168188,0.2906494353623378,1
1.4133399778838076,1.065788391542895,1
0.7343128445900517,0.29974101862734914,1
0.8644592625643199,0.2836907937403935,0
0.047550490465660594,0.949673192710676,0
-2.081793375977322,0.73229455839873,0
-0.3043153337169839,-1.0614646257988518,1
-0.15532484649016826,1.978986205016343,0
-0.15748765134250625,1.021820715577337,0
0.9834162555947151,1.0864313785409432,0
-0.8154376406805701,-0.7548852074927731,1
0.41946076924693093,0.894033608040785,0
1.058035186108202,1.4155881748639054,1
1.725495638156965,0.3413698739460949,1
-0.7141445162303871,-0.15906945815005055,0
-0.4279368995539671,1.195011113556705,0
0.41912570367785457,-0.3074216282427425,1
-0.9255372788600956,-0.5696137213884942,1
-0.09167922439763782,-2.878588877375115,1
0.8183506329947255,1.5472611960786185,0
0.3023053533006661,-0.002180044566914682,1
-0.06451230688555486,-1.410311224262966,1
-0.2272095794473893,-0.45654196848828893,1
1.332381611282326,-1.3121811556592355,1
1.2453343032212223,-1.8031113682324198,1
0.39516845346916374,0.5007569131083064,0
-0.04623888728599437,-0.49639240711315524,1
-0.028582679851809754,0.3396942315486242,1
-0.44519405356305375,-0.22598369150676587,1
-0.9834120987953316,-0.17679993051378354,0
1.0405993282398551,1.7275261685039742,0
0.11969135521225377,1.4994481341644117,0
-0.18188305196040505,0.9465089830820523,0
-0.7679049229394355,0.4306095960388956,0
1.5854465743761297,-1.789519123916097,1
0.4505102929564334,0.8838157713379361,0
-0.025115853237846056,-1.1603246145424417,1
0.7740754641262179,-1.1643743654515541,1
-0.042693774897924225,1.0645957666934696,0
0.23445036820728057,0.7419842451450389,1
0.4973295084629219,1.3668307280297525,0
0.5684801560699907,0.7907679601752984,0
0.022742284540794827,-1.3996202623694007,1
0.6884985876170692,0.8449128977209259,1
0.11948976823540283,1.34483620747993,0
-1.2483715143483998,-0.6096055240710101,1
-0.898849951436047,0.8972193250556426,0
-0.7657994698868797,-0.5772624955293564,1
-0.10344144190270393,0.9048995974210478,0
-0.22521289323585564,1.1207826262666378,0
-0.23812200828878546,-0.4203486648177557,1
-0.22716020385628394,0.3086950926982932,1
0.371355401859509,-0.7320126283742726,1
-0.30227348904280454,-0.5941852853813079,1
1.364523551953526,-2.1808756835558523,1
-0.4566991413985261,0.35911800613670064,1
1.1387202670691208,-0.4507238359214956,1
0.24496146243023398,1.2999892298700015,1
-0.38327701786688295,0.18487306684714283,0
-0.34331389866125817,-1.1765405333327048,1
0.7036857320926119,-0.770200405469238,1
0.13337238502960994,1.360683340065536,0
2.009727972999403,-0.5106123533548736,1
2.3446351810130426,0.5382821386238985,1
-1.6923061510333106,1.2367763446864344,0
0.4510008593757416,-0.5334301342949397,1
0.1036660593866903,0.6310469724057167,0
-0.10979193708203308,1.0572724720477995,0
-1.5451341509460206,0.012447175377914902,0
0.958790287560427,-0.33828383038525306,1
-1.612323353111494,0.7688308856290393,0
-2.008295337388002,0.1959148982981417,0
-0.8963358896948798,-0.9857098373391626,1
-0.7990167409261385,-2.6419760212488757,1
0.028164155246788884,0.22353947569175134,0
0.15236693087474232,0.08822284950606395,1
-0.0396583374146111,-0.9024382353538851,1
1.1663884796154682,-1.7681910273609476,1
1.177540887430023,0.693670590687888,1
2.374102989845807,0.520849152471701,1
-0.29273698498494377,0.21000692195572837,0
-0.15519633346509623,-0.4386318651357197,1
1.2890848340954788,0.2830791797997197,1
0.2897152128205111,0.5154160522064525,1
0.43069270378468316,0.41658956050562723,0
-0.6537160976685861,-0.7302669022418461,1
-0.6484034833377537,-0.09456523328368151,1
1.0804412820463336,0.3112073934480913,1
0.22290481580361968,1.4497377565677223,0
0.6856544180707134,-1.037922704265657,1
-0.46988105060448077,-0.9179384193388875,1
-1.0735185176639037,1.7902862536004536,0
-0.651855293928174,1.346692275325211,0
0.5899788098033056,-2.1611618443682525,1
0.2738172309246474,-1.4017961581341707,1
0.6999191257741206,0.1506422171461223,1
0.061182673243858204,0.41881841764164024,0
-0.5704327354088033,-0.9005642669805668,1
-0.3780846665812628,-0.5254277365553761,0
-1.02155511247962,0.35766746712211034,0
-0.6273702694241372,0.07492142766988093,0
0.19500920882045608,-1.243589098898009,1
2.3944462334839476,-0.22024301210063577,1
-1.1814465919049628,1.0606163630282948,0
-0.9942425400468083,-0.8097760767853316,1
-1.2877593005863395,-0.8949499836018336,1
-0.9783326355135957,-1.325095536776858,1
-0.6263051983011804,2.8278466156400293,0
-0.8769280921680913,0.5221889025997672,0
0.3949515511631013,0.6380459982180487,0
-1.1094556273273155,-0.4510283356302272,1
0.9056191043138122,0.38040182888284374,0
-0.22278082546233763,-1.6165870935602098,1
0.30231971022655485,0.11457168484632661,1
-0.5691208148203859,-0.317127791186464,0
-2.310174523670926,-0.26549057588364494,1
-0.903411911767506,-1.3901716768761019,1
0.4941149637436913,0.20405909543087586,1
0.04755093783175883,2.2897850454361475,0
-1.4451835259346455,1.2471279560391844,0
1.4057682568449765,-2.7844439199534574,1
0.2998762756275409,-0.36003259464539517,1
-0.6786548294396721,0.9569507868128777,0
2.7043128354883175,-1.0666656657588254,1
0.38190210468981206,2.537454207576611,0
-0.22948049702110884,-0.049111876621164015,1
-0.05483339005389965,1.18263392010314,0
-0.6534590673159831,-0.14818866106512507,1
1.647569332763532,-1.0082308661679187,1
0.13785843993414906,2.233220176380889,0
-0.49413118721476174,-0.011280194338303764,1
0.4725772225280263,0.3326544137670325,1
-2.1077374068816837,0.1628227382056038,0
0.2511564156123992,-1.1912296522843764,1
-0.41240046253173884,-0.05994188094699768,0
0.914914271093385,2.3512429356026785,0
0.013655217368107585,-0.4071795152620504,1
0.32123029770896283,-0.4937762052129189,1
-0.33903721277347443,-0.4614889141197552,1
1.0018376275498704,-1.9766118995061863,1
-0.4239274407154743,0.3585831833254474,0
1.2714425762156338,1.660199255250832,0
0.05994777561044745,-0.42384560829184065,1
1.8251364025738968,0.16422350645213285,1
-1.1003874948862546,0.062103583273167465,0
0.3569228873568733,-0.15139517484855392,1
0.11408860971915748,0.9017224590650779,0
-1.3335789429481513,0.02265198532509032,0
-0.28074032509425173,0.358261374622946,0
-0.45102107873318265,0.294452152580317,0
0.21119704505825837,-0.4997476375706105,1
0.02774178069359185,-1.419288657886031,1
0.4898778041536659,1.3044893682607746,1
0.4202316436906453,-1.094973683719756,1
-0.2893561064144134,-1.2039412776243712,1
0.030584787446561408,1.3949350145981818,0
0.43415182533582164,0.0909834515768773,1
1.999526975576045,1.1571748534903543,1
0.43156424728283416,0.7734093951457858,0
-0.9905052300444238,1.529120064707357,0
-0.0571090851261406,-0.4793297777858215,1
1.1012230391181428,2.5421678928498164,0
1.2925043738912532,1.6064668245405154,0
0.540527449664247,0.007068467152804217,1
1.2523943160846707,-1.632349893090763,1
1.0268827553690503,0.8410348804911968,1
-0.10774856083930533,-0.8054222880664985,1
0.12366795366138779,0.2563468426483529,0
1.005600665217223,1.6206400947661204,0
-0.5939300089515824,-0.8835254771457592,1
-0.0777560427332002,-0.30017387048992844,1
0.6321761485846112,0.9914458720883137,1
0.9049562682230291,0.4517447090625953,1
0.6827909316481591,-0.02135378114034939,1
-1.6856185906346948,0.0144428260983437,0
-0.7728298099242422,0.8901565378124884,0
0.412678011827267,-0.6899341791260806,1
0.1463353884005934,1.768977045925559,0
-0.2986047826016247,1.1662190755708624,0
-0.2752518744055062,-0.7272577507764268,1
0.4442049863387446,0.31634796013868044,1
-0.6703502271156211,1.2592229323475608,0
0.49450512579888267,-0.4708392763176405,1
2.5584371183420735,1.010918317586289,1
2.1970790282565518,-0.13208121999275782,1
0.1647933456154912,0.9525710760853133,0
0.7522962878095845,-0.11237391320862757,1
0.7159699337609945,1.181685500045597,0
-1.2862236457756577,0.04643549503123154,1
0.37660482472275947,-1.4803179270802989,1
-1.0951391910060595,0.4845997998856223,0
-0.200310377342199,0.6343837243504883,0
-1.1451352984822518,-0.1314739688801081,1
-0.3979764721638536,-1.166705707313774,1
-0.7114208358277065,-0.13839893908328918,0
-1.8098053856861134,-1.9832092949575337,1
1.0575465289593355,-0.645141287558867,1
0.03537652153230033,-0.47354647777063114,1
1.1721561455850775,1.2298524049455284,0
-0.47500266529289903,2.4982223167626376,0
-0.09322556877820723,2.2093737692536437,0
0.10460944254720413,-0.39624369744153665,1
-0.5998821331807779,1.5196894140747443,0
-0.875006998197513,-0.7706731089425686,0
-1.269712848481324,-1.8836820777164405,1
0.5113340104875356,0.15576780121180342,1
-0.37615699163536065,-0.9295707137139214,1
1.5181967711291928,0.17548647684586896,1
0.2578138154359892,1.3634194136857791,0
0.3644948725713736,0.29350335630328106,1
-0.1058930533404286,1.6150981794228234,0
-1.1884536584639382,-1.2176824293094708,1
0.5392557604883269,0.9878898076646967,0
3.1552026753959015,0.1744599657797969,1
0.7154963161727141,1.8226947873176724,0
0.5809696492061701,0.5244656186595664,1
0.19820514826731964,-0.6181707482174349,1
-0.9575305500259313,-0.7315823475365879,0
-1.1137648874865782,1.1449350254195103,0
1.0920000415153586,-1.6702329331828087,1
1.656640099914515,0.7939455532348862,1
0.4895859907507007,0.25107855862451517,1
0.44022759127819205,-0.5097783967699737,1
1.3418580152298967,-0.9742999100883407,1
-0.7725548700268987,-0.07866177843480396,0
-1.523079717927126,-0.0423284759519426,0
0.9250601516663398,0.7750823055189627,1
1.150507517266499,-0.6504062796772991,1
-0.4600719805271427,-0.7325616661879922,1
1.5009905588930756,2.9945899562653393,0
0.4034749548262416,0.9624245916597931,1
0.3819120358290802,1.5075974690286764,1
-0.3493827677931167,-0.21728623658232307,1
-1.5487599415996394,-0.35729965031566163,0
0.8554954175039922,1.114443072853547,0
0.7839890973885746,-0.9727506358801054,1
-1.8007262434483264,-1.5061609257594324,1
-1.6498080962845205,-0.17330170024767586,0
-0.7157675760158371,0.042832295289091,0
0.6195947951274544,1.6891910206062128,0
2.0431723370916144,0.13151582148441995,1
1.377213693419288,0.5921589900942209,1
1.002345080791042,-0.05298952624347828,1
-2.1789872749339145,0.2925145295899182,0
1.2890993407809117,0.3122631495933001,1
1.4726885994929877,-0.7144268554705,1
0.837427152889746,1.8666141104154768,0
0.2665797339060338,0.2782738991958994,1
0.440379300938592,-0.4076446994408533,1
0.14682685941407925,1.8541938491840373,0
-0.3438897305586037,0.7515969347802955,0
0.45217466135355655,0.6589540012122778,1
1.1348986890876938,-0.6620599238469741,1
0.07744231627849249,0.6001687357841142,1
0.2268214593894568,0.5570261443448912,0
0.5266484992315684,0.7007824649722746,0
1.5908351441499644,0.7130118713644602,1
-0.9789437337385706,0.690456116118674,0
1.8503707521936665,-0.6715655140431552,1
-0.6430155805160723,-0.4163093056911228,1
-0.44448133398696066,0.006801372176698933,1
0.48552657669444726,-2.1502998177432127,1
-1.0501764489204128,-0.31869412192067964,1
1.3980860831268371,-0.618013257041851,1
0.9723462250641287,-0.5026426705761134,1
0.9129882338998696,-0.022417045900593777,1
-0.10491343469319683,-1.1513057550825303,0
0.7309395956380794,1.8030500779113872,0
-2.5925095617593046,0.8962009566816906,0
-1.410586634994364,-0.742770358454491,0
-1.6736109748644796,-0.01869908188327979,0
-0.45540786994899457,0.06778381144836755,0
-0.008135167648920496,-1.3815287496178423,1
1.295273648234569,0.5734570477477599,1
-0.050285461026181075,-1.9349683279843959,1
-0.7994663741558324,-0.354395377406172,1
-0.6837581660979312,0.8219860087038147,0
-0.19604427835872473,-1.6265134089256743,1
-0.25489616956793326,-0.8438986862236658,1
-1.1123863509652223,-0.40348838770098006,1
0.17438260112204743,-0.23372534646773405,1
-1.4218674568506402,-0.4654229344858955,1
-1.923689165941227,0.6124020418922163,0
0.46100804565350156,-1.4842136872722953,1
-0.21122492636391788,0.0702302750390739,1
0.2983280173613575,-1.0305494362503005,1
-0.16795225330865793,1.5165397844110795,0
0.6716707953818757,0.49227177020611074,1
-1.893785733467759,1.6731885232758426,0
0.4156211981508768,-0.8543422206698581,1
-0.38248097501240236,0.09648814457413298,1
-0.21465318280424656,-0.40202292861147304,1
1.6535112500507123,0.6012417405609088,1
2.5560697146529767,1.0976342106302261,1
-0.5103483712118643,1.0772561648126315,0
0.4353922192416855,2.143498751491027,0
0.5630469987614134,0.12037337218854748,1
0.16710838159032584,0.003395861851641769,1
0.6542748273774157,0.5895239236773109,0
1.7813559770743745,0.8116296709948634,1
-0.577580009020832,-0.9403390876819193,1
1.5966177218715771,-0.3063306012842143,1
0.4383440606051023,-0.7231658077393904,1
-1.7057481948286823,-0.22409100602436108,0
0.6894160021559054,-1.0618008889442507,1
0.7442154798781585,0.5534605459494388,1
-1.5309600430517132,-0.5029098145919363,0
-0.09817163278633484,-0.32382565678025016,1
0.18688649408801003,2.059052826509453,0
1.539435140461237,0.6039717381060761,1
-0.16481278761160703,1.322103135684072,0
-0.5950073429066559,-0.9250785533315805,1
0.1684604654524899,0.4677954054224889,1
0.1084379035063841,-0.367247016305381,1
-1.5599740832223323,-0.5997790617009878,1
-0.5477515847012303,0.7011517328312719,0
-1.593247924499276,-0.11985940261371317,0
1.9164271249215492,2.172962430032129,0
0.8367612083811583,1.5757063664398858,0
0.2538036986241002,-0.8943911900412915,1
-1.3087085354686467,0.020882362539046514,0
-2.192120193823271,-0.7498652030252082,0
-1.496219796059259,0.25280450844284313,0
1.356105348170163,-0.0817679514896935,1
0.6452990729009809,-0.303549388447253,1
0.08407489222760324,0.3613641476837226,0
-0.5499953144846632,0.6990023696435652,0
0.43787285652831476,-0.5984720558195784,1
-0.23740314299963589,-0.49544975173855,0
-0.488666611920289,0.8670042638530211,0
1.551292261509347,-0.717096956784694,1
0.8181377731270827,-2.4336946940232163,1
-0.7216893703791775,0.8497448600264129,0
0.002633579049306402,-1.6798783613832606,1
-0.3136265799258281,1.1501635263793148,0
-0.3255820043584603,-1.081176770703508,1
-1.4968213256626193,-1.1777195859318803,1
-0.6364750801365046,-1.043301593751305,1
-0.44807813657410067,0.8806563558665301,0
-1.077909106449466,0.961113449039208,0
-0.7935644559287257,-0.8890317104310189,0
-0.07095506009151807,-0.901570797730643,1
1.0326724011619735,0.5640733788302101,1
-0.053002976134450965,0.170169132378239,0
0.8121197240889746,-2.082196910211538,1
0.4583114000666225,0.4919060170088415,1
-1.5463762519250497,-0.3291397558337205,1
-0.4359526662250724,-1.543362261848201,1
0.01915071612156319,-1.1585772434140278,1
-0.798255699366651,0.46650755132136607,0
0.9707901974571067,-2.0979253753058775,1
0.5525830203240151,-1.214102625113142,1
-0.31581131310764415,1.122818438343077,0
-1.8816371118184307,-1.2027216887455794,1
-0.40458741180219526,0.22181765811091797,1
0.0846615449504743,1.1730953970273457,0
-0.8756149450990104,-0.8844324371308018,0
-2.4689015141247017,-0.6498254873800723,0
-1.514355166283046,-0.3724526273649763,0
1.1181212158514282,0.18299740786438906,1
-0.6652343630965053,-0.24429910790508794,0
0.9574684981312761,-0.27833603476706026,1
0.07867695623373443,-1.2025559406343562,1
-0.23750695380697465,0.7481591496310905,0
0.67438833139848,0.7330738202744531,1
-1.3907494828915323,-1.3339609282843299,1
0.5703182891614342,0.31538976727499596,0
0.1481990485024507,-0.7076242270880593,1
-1.1833525370767037,0.8295881178481443,0
1.3715653579663607,0.9426297741144757,1
-0.5331958656409169,-0.07090479694385637,0
-0.18004841626025822,0.986783115765196,0
-0.35620308156131486,-1.2742900889037967,1
1.1101206092043214,1.262132954562191,0
2.3115097718528115,0.20487574513962126,1
0.6734844853565823,-0.3793275685756711,1
-0.9618023994485505,-0.07921246380991201,1
0.12389806216599984,-0.3695815590677592,0
-1.330288924149104,-0.051931404821899424,0
-0.2227244211117562,1.1175332471390376,0
-2.307264660564067,0.44583934536244996,0
-0.3227629904791528,0.5835797375020095,0
-0.20907595287274405,0.778658340278293,0
1.1164522141918403,2.233439427180831,0
-0.3225953947873232,0.7428851398506153,0
-0.115843175285958,-0.675408203869852,1
0.3915490368062334,-0.9380739831970305,1
-0.6731643734196879,-1.3085015576487191,1
-0.9304797150781735,1.3213518425667172,0
1.1880625566252263,-0.490491613781765,1
-0.4938143098086487,-0.4671138404273077,0
0.46736199802369466,0.8694112787845117,0
1.1665999003659921,0.9601000352044812,0
0.37630865551107834,0.33518078628190306,0
1.5533726544648565,0.3800230804573901,1
-0.6446665681132542,-0.5448360442328289,1
0.13062259386773334,-1.0106347883525313,1
-2.032613253905226,0.7160575182805539,0
-1.5763105969527769,0.7394990843957107,0
-0.4380719506875596,0.294933914273393,0
0.42409298340013923,-1.1954828954954548,1
0.1911569487292405,-1.1939719443634158,1
0.39526137322517585,-1.1618648489070997,1
0.09438036236937984,0.5021315911407799,0
0.5561524029345681,0.46257252399153964,0
-0.24016444039318433,1.53805072362051,0
-1.0886173476700318,-1.5400865478490682,1
-3.092049751415423,1.6020596794066257,0
0.5890217929711483,-0.12280015357068666,0
2.0156030384762453,-0.5212971838555716,1
-0.6453094018042774,1.5538464446748692,0
0.19242288507864455,1.3467198320498235,0
1.0597712898279492,-1.0764622729721298,1
0.7821177542259512,-1.4669595747659074,1
0.49578098757962763,-0.8586215828346329,1
0.436949732403641,0.1067880867315789,1
0.7457857810936189,-0.021849660203591054,1
1.8633918082800804,1.4158156254177925,0
0.007178190138058297,-0.05362631946733025,0
0.5519177621533732,-2.4061457311029373,1
-0.5585605916873688,0.310796507931178,1
0.4783153118823558,-0.03962348662230425,1
0.2991307340467699,0.16479071514705287,0
0.871355817262068,-0.6084678874403792,1
0.12439786687410379,0.6538101199016899,0
-0.21220325224689682,1.7631126202679075,0
-0.8674993183478252,-1.1086074130017516,1
-0.30358573514798015,0.3961746639917539,1
-0.07262592060624865,0.8044467467328512,0
-1.8195969834969583,-0.6295270180996502,0
-1.2646897967020703,0.24473226419060568,0
0.10620462850619758,0.7816879304017487,0
-0.3795125585614528,1.7188402151765503,0
-1.0744851101493584,0.5550824255495903,0
0.8507334220737823,-1.1519831762888262,1
-0.827063267768936,0.4765085898484159,0
0.40991405333421455,0.9406428261506293,0
-1.3801357992730756,0.03576760021913605,0
0.659892088279288,0.4994382655910349,0
1.196447994523384,0.2549407968783623,1
0.39642828192599583,0.2590948526222075,1
-0.2825212286414626,-0.9963613837286414,1
-1.692754832555931,0.028345066472296065,0
-0.9294735719166067,-0.3847140923732587,0
-1.1797346207816564,-0.49782560300727235,0
-0.9556182837619359,-0.29315214004821866,1
-0.5940315538837826,1.8427479991271385,0
-0.13875965722486497,0.5321778600250415,1
-0.8974242445336775,-0.39760635175221853,1
0.685720682429924,-0.7021802929227521,1
-0.4822432254516015,-1.0165853189021954,1
