fea,util,conv,brand,satis
0.35673,-0.56088,1.29535,0.35673,-0.53459
1.28863,0.54002,0.85523,1.28863,2.04493
0.68628,0.37794,-0.53108,0.68628,0.78938
1.25823,-1.28616,0.46038,1.25823,-0.51802
1.31142,0.37634,-0.52284,1.31142,2.10746
-0.50882,0.81133,0.94846,-0.50882,2.06645
-0.52972,-0.33576,1.26298,-0.52972,-0.45388
1.26843,-1.23865,1.3199,1.26843,-1.742
1.28487,1.26726,1.26268,1.28487,2.04409
1.27899,-0.54582,-0.50882,1.27899,0.78936
-0.6687,-0.53763,-0.54265,-0.6687,-0.5183
-0.53621,-0.53697,0.37992,-0.53621,-0.48912
0.67889,0.51472,0.36898,0.67889,-0.47389
0.8056,-0.09385,-0.54346,0.8056,-0.47384
-0.55749,0.35988,0.36898,-0.55749,-0.56967
-0.55103,0.79536,1.27344,-0.55103,-0.56655
1.24964,-2.35313,-0.52654,1.24964,-0.56377
-2.35705,-0.56626,-1.09533,-2.35705,-0.54779
0.24529,0.84379,-0.72112,0.24529,0.77835
-0.56088,0.81993,-0.39875,-0.56088,0.63946
0.54002,-0.56655,0.22593,0.54002,2.10706
0.37794,-0.56377,-0.50473,0.37794,0.80266
-1.28616,-0.54779,-0.20905,-1.28616,2.05042
0.37634,0.77835,1.08265,0.37634,0.7513
0.81133,0.63946,0.35717,0.81133,-0.47276
-0.33576,2.10706,0.06119,-0.33576,-0.46399
-1.23865,0.80266,-0.50473,-1.23865,-0.5072
1.26726,2.05042,-0.54548,1.26726,-0.52878
-0.54582,0.7513,-0.40739,-0.54582,-0.5196
-0.53763,-0.47276,-0.08616,-0.53763,-0.51597
-0.53697,-0.46399,0.33687,-0.53697,-0.49062
0.51472,-0.5072,-0.52122,0.51472,0.82978
-0.09385,-0.52878,-0.52551,-0.09385,-0.47407
0.35988,-0.5196,-0.48619,0.35988,-0.51634
0.79536,-0.51597,0.37714,0.79536,-0.54021
-2.35313,-0.49062,1.24393,-2.35313,-0.56766
-0.56626,0.82978,1.30846,-0.56626,-0.56554
0.84379,-0.47407,-0.53196,1.29445,-0.37232
0.81993,-0.51634,-0.56655,0.42977,0.7965
-0.544,-0.54021,-0.56377,1.27954,-0.51892
1.32292,-0.56766,-0.54779,0.78978,2.18846
0.38177,-0.56554,0.77835,-0.52863,2.18846
-0.25508,-0.37232,0.63946,-0.52863,2.18846
1.27403,0.7965,2.10706,-0.52741,2.18846
0.48033,-0.51892,0.80266,-0.51355,2.18846
-1.13226,2.18846,2.05042,-1.16338,2.18846
-0.54722,-0.42759,0.7513,0.50759,2.18846
-1.44007,0.83673,-0.47276,-0.53697,2.18846
-0.55137,-0.47285,-0.46399,-1.31234,2.18846
1.25624,-0.51932,-0.5072,0.19103,2.18846
-0.54063,-0.49736,-0.52878,0.33826,2.18846
-0.53955,-0.5131,-0.5196,-1.46063,2.18846
-0.54722,-0.50696,-0.51597,0.49886,2.18846
1.29007,-0.5342,-0.49062,0.36837,2.18846
0.23145,-0.52235,0.82978,0.20697,2.18846
-2.32752,-0.50673,-0.47407,0.63931,2.18846
-2.33641,-0.49738,-0.51634,1.27126,2.18846
-0.51017,-0.5131,-0.54021,1.27782,2.18846
-0.54138,2.0669,-0.56766,-0.5267,2.18846
0.46123,-0.52674,-0.56554,1.25914,2.18846
-2.39254,-0.47459,-0.37232,1.29058,2.18846
-0.51116,-0.50204,0.7965,0.8056,2.18846
0.37291,2.05165,-0.51892,0.18724,2.18846
-0.47598,-0.53662,2.18846,-0.65434,2.18846
-0.50676,-0.56548,-0.42759,1.23771,2.18846
-0.0409,-3.12749,0.83673,0.67811,2.18846
-1.29553,0.83707,-0.47285,-2.21151,2.18846
-0.63397,-0.474,-0.51932,-1.45082,2.18846
-0.51218,2.18801,-0.49736,-0.529,2.18846
1.29445,-0.42576,-0.5131,0.35717,2.18846
0.42977,2.06376,-0.50696,-1.14876,2.18846
1.27954,0.77301,-0.5342,0.39822,2.18846
0.78978,0.84479,-0.52235,1.25342,2.18846
-0.52863,0.8005,-0.50673,0.5117,2.18846
-0.52863,2.12109,-0.49738,1.2939,2.18846
-0.52741,0.71138,-0.5131,-2.31657,2.18846
-0.51355,0.7885,2.0669,1.25662,2.18846
-1.16338,-0.55069,-0.52674,-0.46725,2.18846
0.50759,-0.47414,-0.47459,1.25693,2.18846
-0.53697,-0.47414,-0.50204,1.24465,2.18846
-1.31234,-0.47199,2.05165,-0.42753,2.18846
0.19103,0.79599,-0.53662,-0.57878,2.18846
0.33826,2.02566,-0.56548,-0.55129,2.18846
-1.46063,2.02566,-3.12749,1.28545,2.18846
0.49886,2.02566,0.83707,0.90309,2.18846
0.36837,2.02566,-0.474,-0.49194,2.18846
0.20697,2.02566,2.18801,1.2939,2.18846
0.63931,2.02566,-0.42576,1.28021,2.18846
1.27126,2.02566,2.06376,-0.37762,2.18846
1.27782,2.02566,0.77301,1.25693,2.18846
-0.5267,2.02566,0.84479,-1.89635,2.18846
1.25914,2.02566,0.8005,-0.54188,2.18846
1.29058,2.02566,2.12109,1.27126,2.18846
0.8056,2.02566,0.71138,-0.5444,2.18846
0.18724,2.02566,0.7885,0.64684,2.18846
-0.65434,2.02566,-0.55069,0.64684,2.18846
1.23771,2.02566,-0.47414,0.64684,2.18846
1.23771,2.02566,-0.47414,0.64684,2.18846
1.23771,2.02566,-0.47199,0.64684,2.18846
1.23771,2.02566,0.79599,0.64684,2.18846
1.23771,2.02566,2.02566,0.64684,2.18846
1.23771,2.02566,0.78897,0.64684,2.18846
1.23771,2.02566,-0.49062,0.64684,2.18846
1.23771,2.02566,-1.76274,0.64684,2.18846
1.23771,2.02566,-0.45407,0.64684,2.18846
1.23771,2.02566,-0.55089,0.64684,2.18846
1.23771,2.02566,-0.55135,0.64684,2.18846
1.23771,2.02566,-0.47408,0.64684,2.18846
1.23771,2.02566,0.73722,0.64684,2.18846
1.23771,2.02566,0.77971,0.64684,2.18846
1.23771,2.02566,0.79633,0.64684,2.18846
1.23771,2.02566,0.77256,0.64684,2.18846
1.23771,2.02566,-0.44002,0.64684,2.18846
1.23771,2.02566,-0.47354,0.64684,2.18846
1.23771,2.02566,-0.47959,0.64684,2.18846
1.23771,2.02566,2.05165,0.64684,2.18846
1.23771,2.02566,-0.47384,-1.26967,2.18846
1.23771,2.02566,-0.44311,-1.46491,2.18846
1.23771,2.02566,0.77205,-0.72391,2.18846
1.23771,2.02566,-0.55067,-0.52122,2.18846
1.23771,2.02566,0.82174,-1.65023,2.18846
1.23771,2.02566,-0.51909,-2.3508,2.18846
1.23771,2.02566,-0.53443,-1.62335,2.18846
1.23771,2.02566,-0.49345,0.77799,2.18846
1.23771,2.02566,-0.54114,1.27525,2.18846
1.23771,2.02566,-0.51682,1.27525,2.18846
1.23771,2.02566,2.08848,1.27525,2.18846
1.23771,2.02566,-0.50465,1.27525,2.18846
1.23771,2.02566,-0.46411,1.27525,2.18846
1.23771,2.02566,2.08787,1.27525,2.18846
1.23771,2.02566,0.78987,1.27525,2.18846
1.23771,2.02566,0.78987,1.27525,2.18846
1.23771,2.02566,0.78987,1.27525,2.18846
1.23771,2.02566,0.78987,1.27525,2.18846
1.23771,2.02566,0.78987,1.27525,2.18846
1.23771,2.02566,0.78987,1.27525,2.18846
1.23771,2.02566,0.78987,1.27525,2.18846
1.23771,2.02566,0.78987,1.27525,2.18846
1.23771,2.02566,0.78987,1.27525,2.18846
1.23771,2.02566,0.84379,1.27525,2.18846
1.23771,2.02566,0.81993,1.27525,2.18846
1.23771,2.02566,-0.544,1.27525,2.18846
1.23771,2.02566,1.32292,1.27525,2.18846
1.23771,2.02566,0.38177,1.27525,2.18846
-1.00732,2.02566,-0.25508,1.27525,2.18846
1.27937,2.02566,1.27403,1.27525,2.18846
1.27937,2.02566,0.48033,1.27525,2.18846
1.27937,2.02566,-1.13226,1.27525,2.18846
1.27937,2.02566,-0.54722,1.27525,2.18846
1.27937,2.02566,-1.44007,1.27525,2.18846
1.27937,2.02566,-0.55137,1.27525,2.18846
1.27937,2.02566,1.25624,1.27525,2.18846
1.27937,2.02566,-0.54063,1.27525,2.18846
1.27937,2.02566,-0.53955,1.27525,2.18846
1.27937,2.02566,-0.54722,1.27525,2.18846
1.27937,2.02566,1.29007,1.27525,2.18846
1.27937,2.02566,0.23145,1.27525,2.18846
1.27937,2.02566,0.78987,1.27525,2.18846
1.27937,2.02566,0.78987,1.27525,2.18846
1.27937,2.02566,0.78987,1.27525,2.18846
1.27937,2.02566,0.78987,1.27525,2.18846
1.27937,2.02566,0.78987,1.27525,2.18846
1.27937,2.02566,0.78987,1.27525,-0.53955
1.27937,2.02566,0.78987,1.27525,-0.54722
1.27937,2.02566,0.78987,1.27525,1.29007
1.27937,2.02566,0.78987,1.27525,0.23145
1.27937,2.02566,0.78987,1.27525,-2.32752
1.27937,2.02566,0.78987,1.27525,-2.33641
1.27937,2.02566,0.78987,1.27525,-0.51017
1.27937,2.02566,0.78987,1.27525,-0.54138
1.27937,2.02566,0.78987,1.27525,0.46123
1.27937,2.02566,0.78987,1.27525,-2.39254
-2.34743,2.02566,0.78987,1.27525,-0.51116
0.31883,2.02566,0.78987,1.27525,0.37291
0.42536,2.02566,0.78987,1.27525,-0.47598
0.79816,2.02566,0.78987,0.64684,-0.50676
-0.52756,2.02566,0.78987,0.31235,-0.0409
0.38439,2.02566,0.78987,0.31235,-1.29553
1.27027,2.02566,0.78987,0.31235,-0.63397
-0.56774,2.02566,0.78987,0.31235,-0.51218
0.3626,2.02566,0.78987,0.31235,1.29445
0.36385,2.02566,0.78987,0.31235,0.42977
1.2699,2.02566,0.78987,0.31235,1.27954
1.28122,2.02566,0.78987,0.31235,0.78978
1.2633,2.02566,0.78987,0.31235,-0.52863
1.25869,2.02566,0.78987,0.31235,-0.52863
-0.55427,2.02566,0.78987,0.31235,-0.52741
-0.28336,2.02566,0.78987,0.31235,-0.51355
0.69408,2.02566,0.78987,0.31235,-1.16338
-0.65606,2.02566,0.78987,0.31235,0.50759
-0.22906,2.02566,0.78987,0.31235,-0.53697
-0.29692,2.02566,0.78987,0.31235,-1.31234
0.03859,2.02566,0.78987,0.31235,0.19103
1.09779,2.02566,0.84379,0.31235,0.33826
1.27954,2.02566,0.81993,0.31235,-1.46063
1.29535,2.02566,-0.544,1.23771,0.49886
0.85523,2.02566,1.32292,1.23771,0.36837
-0.53108,2.02566,0.38177,1.23771,0.20697
0.46038,2.02566,-0.25508,1.23771,0.63931
-0.52284,2.02566,1.27403,1.23771,1.27126
0.94846,2.02566,0.48033,1.23771,1.27782
1.26298,2.02566,-1.13226,1.23771,-0.5267
1.3199,2.02566,-0.54722,1.23771,1.25914
1.26268,2.02566,-1.44007,1.23771,1.29058
-0.50882,2.02566,-0.55137,1.23771,0.8056
-0.54265,2.02566,1.25624,1.23771,0.18724
0.37992,2.02566,-0.54063,1.23771,-0.65434
0.36898,2.02566,-0.53955,1.23771,1.23771
-0.54346,2.02566,-0.54722,1.23771,0.67811
0.36898,2.02566,1.29007,1.23771,-2.21151
1.27344,2.02566,0.23145,1.23771,-1.45082
-0.52654,2.02566,0.78987,1.23771,-0.529
-1.09533,2.02566,0.78987,1.23771,0.35717
-0.72112,2.02566,0.78987,1.23771,-1.14876
-0.39875,2.02566,0.78987,1.23771,0.39822
0.22593,2.02566,0.78987,1.23771,1.25342
-0.50473,2.02566,0.78987,1.23771,0.5117
-0.20905,2.02566,0.78987,1.23771,1.2939
1.08265,2.02566,0.78987,1.23771,-2.31657
0.35717,2.02566,0.78987,1.23771,1.25662
0.06119,2.02566,0.78987,1.23771,-0.46725
-0.50473,2.02566,0.78987,0.48228,1.25693
-0.54548,2.02566,0.78987,0.16786,1.24465
-0.40739,2.02566,0.78987,0.378,-0.42753
-0.08616,2.02566,0.78987,-0.65572,-0.57878
0.33687,2.02566,0.78987,-1.43007,-0.55129
-0.52122,2.02566,-1.46063,-1.49099,1.28545
-0.52551,2.02566,0.49886,-0.5396,0.90309
-0.48619,2.02566,0.36837,0.65897,-0.49194
0.37714,2.02566,0.20697,0.35984,1.2939
1.24393,2.02566,0.63931,0.36231,1.28021
1.30846,2.02566,1.27126,1.26917,-0.37762
-0.53196,2.02566,1.27782,1.27525,1.25693
0.206,2.02566,-0.5267,1.27525,-1.89635
-2.32814,2.02566,1.25914,1.27525,-0.54188
-0.52901,2.02566,1.29058,1.27525,1.27126
0.54234,2.02566,0.8056,1.27525,-0.5444
1.26726,2.02566,0.18724,1.27525,0.64684
-0.40968,2.02566,-0.65434,1.27525,0.31235
0.17601,2.02566,1.23771,1.27525,-0.27555
-2.22842,2.02566,0.67811,1.27525,-0.65704
-0.40904,-0.47598,-2.21151,1.27525,-0.87008
0.42045,-0.50676,-1.45082,1.27525,0.79294
0.40536,-0.0409,-0.529,1.27525,-0.50263
-1.62219,-1.29553,0.35717,1.27525,0.48228
0.81342,-0.63397,-1.14876,1.27525,0.16786
0.35363,-0.51218,0.39822,1.27525,0.378
-0.5356,1.29445,1.25342,1.27525,-0.65572
1.30696,0.42977,0.5117,1.27525,-1.43007
1.28511,1.27954,1.2939,1.27525,-1.49099
-0.52546,0.78978,-2.31657,1.27525,-0.5396
0.51385,-0.52863,1.25662,1.27525,0.65897
-1.49455,-0.52863,-0.46725,1.27525,0.35984
0.97813,-0.52741,1.25693,1.27525,0.36231
-2.07744,-0.51355,1.24465,1.27525,1.26917
-0.25322,-1.16338,-0.42753,1.27525,-1.00732
-0.524,0.50759,-0.57878,1.27525,1.27937
-0.54129,-0.53697,-0.55129,1.27525,0.36391
1.27464,-1.31234,1.28545,1.27525,-0.52425
-0.64529,0.19103,0.90309,1.27525,-1.26967
-0.52745,0.33826,-0.49194,1.27525,-1.46491
-0.51505,-1.46063,1.2939,1.27525,-0.72391
0.79909,0.49886,1.28021,1.27525,-0.52122
-0.805,0.36837,-0.37762,1.27525,-1.65023
-0.52144,0.20697,1.25693,1.27525,-2.3508
1.27905,0.63931,-1.89635,1.27525,-1.62335
0.37082,1.27126,-0.54188,1.27525,0.77799
1.26078,1.27782,1.27126,1.27525,1.27525
1.25449,-0.5267,-0.5444,1.27525,0.52142
-0.52166,1.25914,0.64684,1.27525,0.66376
0.65191,1.29058,0.31235,1.27525,-0.52268
0.55402,0.8056,-0.27555,1.27525,-0.54622
-1.32411,0.18724,-0.65704,1.27525,-0.41385
0.36231,-0.65434,-0.87008,1.27525,0.50848
1.27937,1.23771,0.79294,1.27525,1.28872
-0.54791,0.67811,-0.50263,1.27525,0.61657
-0.53808,-2.21151,0.48228,1.27525,-0.53697
-1.44141,-1.45082,0.16786,1.27525,1.28872
1.27767,-0.529,0.378,1.27525,1.28074
-0.27137,0.35717,-0.65572,1.27525,0.36231
1.30063,-1.14876,-1.43007,1.27525,0.35855
1.23979,0.39822,-1.49099,0.31235,-0.07662
-0.01601,1.25342,-0.5396,0.31235,0.23418
-1.63043,0.5117,0.65897,0.31235,-0.34387
0.58754,1.2939,0.35984,0.31235,-2.18585
0.25922,-2.31657,0.36231,0.31235,-0.65357
-0.34415,1.25662,1.26917,0.31235,0.27321
-0.51489,-0.46725,-1.00732,0.31235,-0.41017
-0.38446,1.25693,1.27937,0.31235,0.15361
-0.55496,1.24465,0.36391,0.31235,0.09802
-1.34483,-0.42753,-0.52425,0.31235,0.20119
-0.58062,-0.57878,-1.26967,0.31235,-0.86552
0.67692,-0.55129,-1.46491,0.31235,0.1183
0.7966,1.28545,-0.72391,0.31235,0.5228
-0.65779,0.90309,-0.52122,0.31235,0.44924
0.6685,-0.49194,-1.65023,0.31235,0.21273
1.28384,1.2939,-2.3508,0.31235,0.21036
-0.29888,1.28021,-1.62335,0.31235,-0.4071
-0.53976,-0.37762,0.77799,0.31235,-0.61819
-0.54244,1.25693,1.27525,0.31235,0.19666
0.1804,-1.89635,0.52142,1.27525,-2.39254
1.276,-0.54188,0.66376,1.27525,-0.51116
1.29318,1.27126,-0.52268,1.27525,0.37291
1.27954,-0.5444,-0.54622,1.27525,-0.47598
-0.49771,0.64684,-0.41385,1.27525,-0.50676
0.78369,0.31235,0.50848,1.27525,-0.0409
-0.5589,-0.27555,1.28872,1.27525,-1.29553
0.78797,-0.65704,0.61657,1.27525,-0.63397
-1.57056,-0.87008,-0.53697,1.27525,-0.51218
-0.53351,0.79294,1.28872,1.27525,1.29445
-0.55815,-0.50263,1.28074,1.27525,0.42977
-1.31085,0.48228,0.36231,1.27525,1.27954
1.1535,0.16786,0.35855,1.27525,0.78978
-0.51319,0.378,-0.07662,1.27525,-0.52863
-1.86077,-0.65572,-0.53351,1.27525,-0.52863
-0.12425,-1.43007,-0.55815,1.27525,-0.52741
1.29159,-1.49099,-1.31085,1.27525,-0.51355
1.31142,-0.5396,1.1535,1.27525,-1.16338
-0.68098,0.65897,-0.51319,1.27525,0.50759
-0.41467,0.35984,-1.86077,1.27525,-0.53697
-2.39254,0.36231,-0.12425,1.27525,-1.31234
0.81316,1.26917,1.29159,1.27525,0.19103
-2.34294,-1.00732,1.31142,1.27525,0.33826
1.28922,1.27937,-0.68098,1.27525,-1.46063
-2.39254,0.36391,-0.41467,1.27525,0.49886
-0.33576,-0.52425,-2.39254,1.27525,0.36837
-1.23865,-1.26967,0.81316,1.27525,0.20697
1.26726,-1.46491,-2.34294,1.27525,0.63931
-0.54582,-0.72391,1.28922,1.27525,-0.5196
-0.53763,-0.52122,-2.39254,1.27525,-0.51597
-0.53697,-1.65023,-0.33576,1.27525,-0.49062
0.51472,-2.3508,-1.23865,1.27525,0.82978
-0.09385,-1.62335,1.26726,1.27525,-0.47407
0.35988,0.77799,-0.54582,1.27525,-0.51634
0.79536,1.27525,-0.53763,1.27525,-0.54021
-2.35313,0.52142,-0.53697,1.27525,-0.56766
-0.56626,0.66376,0.51472,1.27525,-0.56554
0.84379,-0.52268,-0.09385,1.27525,-0.37232
0.81993,-0.54622,0.35988,1.27525,0.7965
-0.544,-0.41385,0.79536,1.27525,-0.51892
1.32292,0.50848,-2.35313,1.27525,2.18846
0.38177,1.28872,-0.56626,1.27525,-0.42759
-0.25508,0.61657,0.84379,1.27525,0.83673
1.27403,-0.53697,0.81993,1.27525,-0.47285
0.48033,1.28872,-0.544,1.27525,-0.51932
-1.13226,1.28074,1.32292,1.27525,-0.49736
-0.54722,0.36231,0.38177,1.27525,-0.5131
-1.44007,0.35855,-0.25508,1.27525,-0.50696
-0.55137,-0.07662,1.27403,1.27525,-0.5342
1.25624,-0.54791,0.48033,1.27525,-0.52235
-0.54063,-0.53808,-1.13226,1.27525,-0.50673
-0.53955,-1.44141,-0.54722,1.27525,-0.49738
-0.54722,1.27767,-1.44007,1.27525,-0.5131
1.29007,-0.27137,-0.55137,1.27525,2.0669
0.23145,1.30063,1.25624,1.27525,-0.52674
-2.32752,1.23979,-0.54063,1.27525,-0.47459
-2.33641,-0.01601,-0.53955,1.27525,-0.50204
-0.51017,-1.63043,-0.54722,1.27525,2.05165
-0.54138,0.58754,1.29007,1.27525,-0.53662
0.46123,0.25922,0.23145,1.27525,-0.56548
-2.39254,-0.34415,-2.32752,1.27525,-3.12749
-0.51116,-0.51489,-2.33641,1.27525,0.83707
0.37291,-0.38446,-0.51017,1.27525,-0.474
-0.47598,-0.55496,-0.54138,1.27525,2.18801
-0.50676,-1.34483,0.46123,1.27525,-0.42576
-0.0409,-0.58062,-2.39254,1.27525,2.06376
-1.29553,0.67692,-0.51116,1.27525,0.77301
-0.63397,0.7966,0.37291,1.27525,0.84479
-0.51218,-0.65779,-0.47598,1.27525,0.8005
1.29445,0.6685,-0.50676,1.27525,2.12109
0.42977,1.28384,-0.0409,1.27525,0.71138
1.27954,-0.29888,-1.29553,1.27525,0.7885
0.78978,-0.53976,-0.63397,0.9126,-0.55069
-0.52863,-0.54244,-0.51218,0.99641,-0.47414
-0.52863,0.1804,1.29445,2.35367,-0.47414
-0.52741,-1.46063,0.42977,-2.18457,-0.47199
-0.51355,0.49886,1.27954,-0.1094,0.79599
-1.16338,0.36837,0.78978,-0.46076,2.02566
0.50759,0.20697,-0.52863,0.23814,0.78897
-0.53697,0.63931,-0.52863,0.23814,-0.49062
-1.31234,1.27126,-0.52741,-0.11216,-1.76274
0.19103,1.27782,-0.51355,-0.26957,-0.45407
0.33826,-0.5267,-1.16338,1.07158,-0.55089
-1.46063,1.25914,0.50759,1.11378,-0.55135
0.49886,1.29058,-0.53697,-0.27962,-0.47408
0.36837,0.8056,-1.31234,1.01938,0.73722
0.20697,0.18724,0.19103,-0.26431,0.77971
0.63931,-0.65434,0.33826,0.92907,0.79633
1.27126,1.23771,-1.46063,-0.35946,0.77256
1.27782,0.67811,0.49886,-1.61982,-0.44002
-0.5267,-2.21151,0.36837,-0.26905,-0.47354
1.25914,-1.45082,0.20697,-0.26876,-0.47959
1.29058,-0.529,0.63931,-0.47688,2.05165
0.8056,0.35717,1.27126,-0.28728,-0.47384
0.18724,-1.14876,1.27782,-1.59283,-0.44311
-0.65434,0.39822,-0.5267,-0.31423,0.77205
1.23771,1.23771,1.25914,1.05048,-0.55067
0.67811,0.67811,1.29058,-0.38823,0.82174
-2.21151,-2.21151,0.8056,-0.13147,-0.51909
-1.45082,-1.45082,0.18724,-0.22221,-0.53443
-0.529,-0.529,-0.65434,1.06969,-0.49345
0.35717,0.35717,1.23771,-0.22029,-0.54114
-1.14876,-1.14876,0.67811,-0.16302,-0.51682
0.39822,0.39822,-2.21151,-0.51519,2.08848
1.25342,1.25342,-1.45082,-0.27727,-0.50465
0.5117,0.5117,-0.529,-0.28171,-0.46411
1.2939,1.2939,0.35717,-0.53521,2.08787
-2.31657,-2.31657,-1.14876,-0.34963,0.78987
1.25662,1.25662,0.39822,-0.24138,-0.54091
-0.46725,-0.46725,-0.58062,-0.26012,-0.5253
1.25693,1.25693,0.67692,-0.30121,-0.52455
1.24465,1.24465,0.7966,1.02091,-0.56675
-0.42753,-0.42753,-0.65779,1.06008,-0.56715
-0.57878,-0.57878,0.6685,2.52128,-1.91161
-0.55129,-0.55129,1.28384,-0.22548,-0.53423
1.28545,1.28545,-0.29888,-0.47466,2.05067
0.90309,0.90309,-0.53976,0.96562,0.72866
-0.49194,-0.49194,-0.54244,-1.65973,0.84597
1.2939,1.2939,0.1804,-0.53521,2.08787
1.28021,1.28021,1.276,-0.44834,2.02645
-0.37762,-0.37762,0.23814,-0.38385,0.80587
1.25693,1.25693,-0.30121,-0.30121,-0.52455
-1.89635,-1.89635,-0.23706,-0.23706,-0.4752
-0.54188,-0.54188,-0.16337,-0.16337,-1.73438
1.27126,1.27126,-0.35946,-0.35946,0.77256
-0.5444,-0.5444,-0.24175,-0.24175,0.71145
