Mofea,Moutil,Moconv,Moeco,Mosatis
0.37213,-0.2595,0.01725,-0.56597,0.0733
1.25317,-0.22711,0.44037,-1.99802,1.39381
0.93084,-0.24259,0.02865,0.02735,-0.08605
1.25592,1.08014,0.03567,-1.57156,0.4807
1.25106,-0.21184,0.14249,0.41862,0.26203
-0.51408,0.0113,0.91046,0.16473,0.87096
-0.52283,-0.74093,1.58988,-0.14263,-0.71997
1.26066,-0.69185,1.10735,1.50453,0.14934
1.26289,-0.24257,0.36187,-1.40869,1.48358
1.26605,-0.23644,0.0932,0.03506,0.67991
-0.51788,1.0593,-0.00034,-1.68819,0.2297
-0.4986,-0.23304,-0.83167,-0.34347,0.55446
0.73085,-0.2276,0.09239,-0.387,0.24821
0.93084,-0.24259,0.02865,0.02735,-0.08605
-0.50539,-0.28792,-0.06482,-1.30374,0.32185
-0.50604,-0.24677,-1.46087,0.01321,-0.44151
1.26776,-0.22593,-1.42486,0.12983,-0.19051
-2.29815,-0.52142,0.14618,-0.1007,-0.1332
0.16532,0.81825,0.13113,-0.02656,0.11081
-0.50122,-0.69609,-1.36722,-0.06101,-0.88265
0.37183,-0.20281,0.19807,0.09911,1.05349
0.17415,0.49104,-0.02634,0.15371,1.25774
-1.01587,0.37843,0.27541,0.06366,-0.37471
0.37003,-0.23198,0.11292,0.07031,0.3305
0.93109,-0.24571,0.00232,-0.55854,0.0641
-0.1574,0.83996,0.16024,0.69631,0.49193
-1.3666,-0.26191,-0.79777,-0.21079,-0.72549
1.26956,-0.23163,-1.42896,-0.1012,-0.22521
-0.51861,1.08481,0.10266,0.50996,0.16429
-0.50973,0.17697,-0.10461,0.40712,0.61427
-0.5215,-0.2565,0.07791,-0.43129,-0.2622
0.556,2.01506,0.31128,0.781,0.09777
0.04109,-0.23794,0.07878,-0.44544,0.04423
0.17149,-0.25131,0.06535,-0.17641,-0.0283
0.93032,-0.23636,0.08133,1.19912,-0.38635
-2.27256,-0.25809,-1.46527,-0.14659,-0.06125
-0.5194,-0.28002,-0.63285,-0.03379,-0.9313
0.92723,-0.2312,0.03684,0.48941,-0.01664
0.91883,0.89679,-0.63534,0.38692,0.32851
-0.50424,-0.25247,-1.46496,-0.21783,-0.47621
1.21784,2.22866,1.87821,0.36507,1.45713
0.37452,-0.25695,-0.5569,0.56725,-0.32469
-0.52436,0.63674,1.72577,-0.15136,0.51981
1.26202,1.35702,0.03576,1.42656,0.06664
0.56205,1.08743,0.08292,0.00385,0.04584
-0.8579,2.41871,-0.55376,0.44774,-0.49818
-0.50849,-0.26573,-0.58543,-0.09854,0.01559
-1.39583,-0.25351,-0.85206,-0.00655,-0.46932
-0.47714,-2.4179,-1.70529,0.03722,-0.66943
1.26282,-0.26615,0.03013,-0.42122,-0.10771
-0.51231,-0.25097,-0.8762,-0.51254,-0.5093
-0.52243,2.42175,-0.51555,-0.13043,0.41792
-0.51213,-0.27049,-0.60124,-0.07696,-0.30004
1.25972,0.03214,0.94647,0.28135,1.12196
0.17447,-0.25335,0.06552,0.60592,-0.14852
-2.29246,-0.29241,-0.02624,-0.13344,-0.76898
-2.29482,0.35336,0.22124,-0.26283,-0.46491
-0.52589,1.11015,0.16028,0.81297,0.29072
-0.51528,-0.26369,0.05191,0.54749,-0.3525
0.37945,-0.26468,-0.63147,0.60528,-0.07998
-2.29108,-1.74208,0.2211,0.84804,-2.37558
-0.52757,0.65805,1.77592,0.09268,0.87492
0.37773,-0.68022,0.16243,0.85104,0.01862
-0.54523,2.46083,1.72877,0.44095,1.32326
-0.52094,1.09765,-0.49696,-0.04251,0.30848
-0.19418,1.54836,-0.54188,0.061,1.19995
-1.21302,0.42706,0.08835,0.43654,0.0151
-0.72378,1.13649,-0.3975,1.05595,0.71358
-0.5375,0.87052,-0.34797,0.49547,0.38242
1.26435,-0.195,-0.38424,1.48709,0.81093
0.18674,2.48134,0.344,-0.33334,1.24821
1.24615,-0.2359,1.62147,0.30805,0.72986
0.92513,-0.20368,0.13251,1.12569,0.24057
-0.51528,-0.26369,0.05191,0.54749,-0.3525
-0.52102,-0.24094,0.13178,1.20535,-0.41092
-0.52774,-0.24054,0.07149,0.51722,-0.35684
-0.73385,0.81165,1.69099,-0.51357,0.56719
-1.20785,1.06823,0.03638,-0.72025,0.26061
0.37188,-0.25639,0.04358,0.01991,-0.07685
-0.52191,-0.23155,0.12517,0.04658,0.20978
-1.20611,-0.25898,0.02864,-1.21822,0.30132
-0.20053,-0.99201,1.72998,0.12164,-0.32215
0.35374,-0.4971,0.14633,-0.23744,-0.2031
-1.41459,-0.50272,0.14603,-0.16621,0.21186
0.37003,-0.23198,0.11292,0.07031,0.3305
0.35701,0.64645,1.10507,-0.66132,0.38692
-0.21347,0.39067,1.85381,-1.19913,0.87716
0.54374,0.83363,1.72598,0.00657,0.60514
1.25903,-0.24908,0.03525,-0.50766,0.1988
1.25225,0.63524,-0.46824,-0.00732,-0.92027
-0.5272,0.40156,-0.30785,0.34928,-0.15045
1.25513,-0.21586,0.13502,0.35965,0.49071
1.25458,0.42421,0.3784,-0.00077,0.76008
0.92175,-0.21156,0.09037,0.56139,0.07509
-0.17805,-0.24764,0.15128,-0.44236,0.90154
-0.71051,-0.25076,0.03801,-0.37733,0.46356
1.24974,-0.46669,0.21585,-0.01285,0.90399
0.14807,-1.35249,-0.03838,0.55902,-0.29314
-2.3036,1.08457,0.0935,-1.68525,0.39562
-1.3806,-2.65546,-1.57431,0.51689,-0.721
-0.51928,-0.28007,0.90511,0.08089,0.28945
0.38177,-0.27661,-0.68824,-0.79753,0.18561
-0.8415,-0.86496,-0.17221,-0.85883,0.73728
0.36189,0.80897,0.07864,1.39836,-0.39114
1.2536,1.12694,0.18167,0.09109,0.9728
0.36067,0.82402,0.13962,0.20435,0.06703
1.24627,0.84694,0.24801,0.20305,0.26346
-2.29174,-0.99202,0.19683,0.36059,-1.13185
1.25719,-0.26374,-0.65289,-0.91687,-0.11661
-0.66931,-0.24115,-1.39397,0.25237,-0.15199
1.26776,-0.22593,-1.42486,0.12983,-0.19051
1.2714,-0.22117,-1.40906,0.10825,0.12512
-0.30886,-0.23053,-1.43248,0.45357,-0.13495
-0.49939,-0.26184,-2.16653,-1.00069,-0.20897
-0.50902,-0.20567,-0.70356,-0.30952,0.40148
1.24468,2.17835,0.85334,0.38751,0.58746
0.53105,-0.52368,0.22966,0.63137,-0.01164
-0.54816,0.97867,1.33801,0.91394,-1.64681
1.24043,0.87282,0.28356,0.93353,0.45452
1.25305,1.11701,0.21035,0.82238,0.28746
-0.30956,0.88382,0.07147,0.64971,-0.55383
1.26331,-0.50485,-1.40267,1.09675,-0.77058
-1.75343,0.82659,0.13457,-0.06605,-0.57249
-0.51528,-0.26369,0.05191,0.54749,-0.3525
1.25852,-0.24285,0.08792,0.66412,-0.1015
-0.53933,2.42932,0.15832,0.14429,-0.32565
0.57188,-2.97116,1.471,0.37652,-0.81899
0.02217,-0.23907,-1.35506,1.21416,-0.36996
-0.51537,-0.21262,-1.37282,1.13313,-0.43052
-0.51949,-0.29566,0.8662,0.84742,-0.23335
-1.07175,-0.24237,-0.78461,1.09228,-0.41536
0.92698,-0.22808,0.06317,1.0753,-0.16679
-0.53119,0.19311,1.54038,1.20638,0.585
0.56434,-0.21283,-0.42962,0.68949,0.09592
0.02492,-1.36277,-0.99355,0.69319,-1.59033
0.37268,-0.26741,-0.57679,0.3578,-0.67502
-0.71242,-0.26377,0.04751,0.54761,-0.27402
-1.59836,-2.52725,0.75604,1.32216,-0.33469
-1.78944,2.19176,-0.25158,0.31945,0.45494
-0.51159,-0.3125,-0.08676,0.44671,-1.16721
0.93347,-0.24316,-0.57183,0.57468,-0.33388
0.375,-0.24539,0.11206,1.17011,-0.06152
0.36413,-0.24353,0.08863,1.67534,-0.62337
1.24841,-0.97296,1.77754,0.8971,-0.57555
-0.84646,-0.25517,0.04515,0.30016,-0.51712
1.27301,-1.31226,-0.01029,1.11661,0.16958
0.38788,-0.22371,-1.38492,0.61424,0.1651
-0.51134,-0.27675,-0.63895,1.15444,-0.67126
-1.40218,-0.27411,0.03391,0.48918,-0.478
-1.41075,-1.68394,0.42193,0.15219,-1.56462
-0.87051,-0.3299,-0.69425,0.4006,-1.33419
-0.507,-0.21473,-0.4087,0.33552,0.96108
-1.96061,-0.78785,-0.64642,0.77342,-2.3842
-2.25955,-1.32634,-2.45239,0.58464,-1.09809
-1.75642,-0.29612,-0.62181,1.06699,-0.55042
0.93071,2.0156,-1.29426,-0.02716,-0.36401
1.26474,-0.25004,0.06193,1.64289,-0.1918
0.569,-1.89537,0.95194,0.26979,-0.49187
0.5684,-0.24695,0.05634,1.26419,-0.20614
-0.53311,1.27174,0.05839,1.03717,0.26723
-0.50735,-0.26438,-0.87706,0.58726,-0.90133
-0.30092,-0.02567,-0.69212,0.23925,-0.48095
0.5643,-0.95498,0.25934,0.76644,-0.79912
1.24617,1.04824,-0.04334,0.82159,-1.3116
0.57038,0.23939,0.08281,1.15198,1.32586
-0.5215,-0.2565,0.07791,-0.43129,-0.2622
1.25001,1.10347,0.10062,0.29331,0.28452
1.23556,2.18903,0.22282,0.2813,0.39848
0.37188,-0.25639,0.04358,0.01991,-0.07685
0.36824,-0.26115,0.02778,0.0415,-0.39248
-0.17981,-0.26065,0.09012,-0.03068,0.5636
-2.29623,-1.74484,0.26862,-0.17897,-2.76822
-2.28908,-0.28453,0.01591,0.43086,-0.6035
0.00631,-0.25871,0.14175,0.9877,-0.47636
0.20515,-0.26121,0.09774,0.82916,-0.34006
0.94855,-0.1994,-2.91791,0.71645,-0.7145
-0.53075,-0.27342,1.5907,0.103,-0.1732
0.38016,-0.27239,-0.01284,0.18177,-0.05171
1.25104,-0.50102,0.17519,0.66806,-0.18871
-0.50449,-0.28422,-1.52786,0.10822,-1.38405
0.36465,1.09046,0.10486,0.58986,-0.02584
0.36793,-0.20446,0.2086,0.70659,0.58771
1.2449,-0.27298,0.94228,1.20301,-0.74144
1.26343,-0.96264,0.20888,0.14543,-0.22109
1.25554,-0.24081,0.08775,-0.11822,0.01872
1.25822,-0.22103,0.17951,1.06936,0.121
-0.5098,-0.75492,0.34387,-0.70339,-0.66913
-0.30141,0.01148,-1.54374,0.00914,-0.43278
0.70938,2.19031,0.80821,0.03807,0.40525
-0.51397,-0.24608,-0.5319,-0.02656,0.10732
0.0439,-0.26917,-0.01334,-0.47145,-0.59659
-0.30343,-1.3523,-0.09223,-0.02651,-0.39479
0.23625,-0.22649,0.08422,-0.76303,0.23756
0.89402,0.67987,-0.27862,0.04274,0.45641
1.25807,-0.28201,1.49161,0.18848,0.31295
1.27143,-1.32584,-0.05653,0.32127,-0.03061
0.92313,0.66891,0.24018,1.14355,-0.62154
-0.5194,0.58938,0.97929,-1.26668,-0.22012
0.19231,0.31864,1.6668,-1.5414,-0.36746
-0.51416,0.44638,-0.15126,0.26291,0.3607
0.52703,1.54058,0.08132,0.54029,1.25306
1.25878,-0.24597,0.06159,0.07823,0.04865
1.2614,0.90863,0.11771,1.60496,-0.65542
1.26692,-0.23106,-0.82848,-0.64853,0.02263
-0.51,-0.0276,0.81375,-0.15408,0.34195
-0.50973,-0.28078,-0.03102,-0.65888,-0.05698
0.39126,-1.34968,-0.1532,0.06995,0.05389
0.36649,-0.7118,1.05773,1.48938,-0.60742
-0.50849,-0.26573,-0.58543,-0.09854,0.01559
0.36649,-0.7118,1.05773,1.48938,-0.60742
1.27012,-0.00231,-0.0602,-0.97367,0.21659
-0.50614,-0.68018,0.21286,-1.66726,0.71773
-0.84898,0.16914,1.36437,-1.28162,1.27481
-0.67969,-0.28044,0.04931,-0.04607,-0.35012
-0.32157,-0.21792,0.16866,0.06226,0.53388
0.36307,1.11175,0.14786,0.05436,0.53167
-0.52146,-1.85813,1.0417,-1.05584,0.5462
0.02949,0.83255,0.13286,-0.04298,-0.09759
0.90187,-0.23962,-0.78298,-0.85253,-0.07658
0.37573,-0.30996,-0.74842,-1.48765,-0.71888
0.6134,-0.88794,-0.25484,-1.7676,0.3074
-0.51777,-1.90695,0.90302,-1.15663,-0.26852
-0.52892,1.13089,0.22536,-0.15001,0.7836
-0.3141,0.56839,-0.62255,0.5359,-1.86906
-0.17736,-0.2417,-0.78532,0.08106,0.1065
0.36931,0.84554,-1.94747,0.02096,-0.29973
-0.50801,-0.28812,-0.66209,-1.7108,-0.06915
-0.5061,-1.16663,1.73215,0.18326,-0.06265
-0.53874,2.41566,1.5872,0.57399,0.62542
0.37826,0.03463,0.66827,0.08334,0.83102
1.26122,0.00921,0.27648,-0.00404,0.58699
1.25956,-0.21736,0.11312,1.56946,0.43512
-0.512,-2.52868,0.72168,-0.02245,-0.02207
0.19578,0.33706,0.19803,-0.10279,-1.27478
-2.27875,-0.94653,0.02233,-0.21911,0.23324
-0.51502,-0.26681,0.02558,-0.0384,-0.20235
0.73369,-0.24268,0.02425,0.02747,-0.00757
1.26982,-0.23474,-1.45529,-0.68709,-0.07506
-0.50604,-0.24677,-1.46087,0.01321,-0.44151
-0.18547,1.10069,-0.45875,-0.62069,1.22458
-2.09093,1.95815,-1.36364,-2.03994,-0.60884
-0.3251,-0.52801,0.09091,-0.62047,-0.21789
0.38322,0.87341,0.02,1.67112,-0.84273
0.93066,1.09911,-0.57376,-0.63463,0.48321
-1.94414,-0.28385,-1.509,-1.70797,-0.0113
0.8405,2.47432,1.72998,1.53659,1.64091
0.36127,1.08258,0.06271,0.02555,-0.19132
-0.51139,-0.26205,0.04138,-0.05998,0.11328
1.23732,1.00446,1.34242,-0.79185,0.00153
1.23779,0.36292,1.75538,-2.08633,0.13166
-0.50368,-0.02315,-0.09621,-1.09029,-0.03441
0.35935,0.38354,0.88626,-0.02775,-0.30635
-1.78337,0.15945,0.87258,-0.24468,0.24728
0.69605,-0.26531,0.38596,-2.05584,0.99565
-1.89151,-2.54936,0.69447,-0.13932,-0.43003
0.38975,2.27665,-0.54833,1.36239,1.11092
-0.51608,0.62962,-0.46855,0.06392,-0.50531
-0.51502,-0.26681,0.02558,-0.0384,-0.20235
1.26447,-0.21115,-0.47888,0.53334,0.82552
-0.50798,0.45789,-0.112,1.06104,0.64305
-0.52772,0.86663,0.29818,-0.20224,1.00724
-0.51143,-0.24334,0.10663,-0.24062,0.48593
0.93693,-0.21888,-0.83098,0.11751,-0.22751
-1.06671,-0.27108,0.07212,-0.089,0.4381
-0.51213,-0.27049,-0.60124,-0.07696,-0.30004
1.26531,-0.24488,-0.54942,0.01809,0.26659
0.37188,-0.25639,0.04358,0.01991,-0.07685
1.27525,0.03224,-1.51213,0.12589,-0.1033
1.24243,2.48776,0.27742,-1.9012,1.75236
-0.5314,1.2644,-0.57269,-0.01475,0.25507
0.9301,-0.72663,0.3466,-2.20231,-0.31237
0.74498,0.05456,0.05695,-0.94523,1.29072
-1.17946,-2.65685,-1.53612,-0.16333,-0.58318
0.36819,-0.20758,0.18226,0.1207,0.73786
1.27532,-1.32419,-0.06706,-0.2862,0.43517
-0.51695,0.17883,-0.69489,-0.00274,0.1411
-0.50928,-0.32443,-0.14353,-0.9561,-0.90162
-1.39294,-0.25719,-1.47888,-0.04511,-0.56701
1.26579,-0.26728,-0.62609,-1.59417,0.18185
-0.52772,0.86663,0.29818,-0.20224,1.00724
1.26974,-0.28525,-0.04548,-0.06572,-0.13481
1.26658,-0.22959,-1.42913,-0.88353,-0.10499
-0.1136,-1.19563,1.65581,0.15421,-0.94259
-1.95038,-0.93974,-0.22805,-1.84821,0.20949
0.71039,1.03215,1.37443,-0.79222,0.35267
0.16317,0.86028,-0.37619,0.22931,0.77559
0.04659,0.48934,-0.08104,0.29915,1.07449
-0.53847,0.83359,1.72347,0.15783,0.90845
-0.32722,0.63682,1.73017,-0.15148,0.44133
-0.51074,-0.03604,0.17113,-0.17106,-0.07137
-1.1911,-0.77218,-0.65138,-1.89384,-1.12163
-0.87684,-0.28052,0.04491,-0.04595,-0.27164
0.72927,0.21656,-0.02743,-0.11635,0.71928
0.92602,0.20672,-0.065,0.10156,0.3551
-0.71615,0.59922,1.01686,-1.48458,0.14406
0.90555,2.41752,1.57645,-2.08288,0.72648
1.26237,-0.2225,0.14264,-0.124,0.73693
-0.51074,-0.03604,0.17113,-0.17106,-0.07137
-0.51502,-0.26681,0.02558,-0.0384,-0.20235
-0.51318,-0.29121,-0.04376,-0.08879,-0.60971
0.18192,2.3901,1.61511,-2.09799,0.58791
1.25903,-0.24908,0.03525,-0.50766,0.1988
1.25338,-0.20767,1.71833,0.08424,1.73377
1.25523,-0.26694,1.55975,-0.22599,0.56873
-0.34137,-0.23314,-1.4846,0.02088,-0.29374
0.93084,-0.24259,0.02865,0.02735,-0.08605
-0.50604,-0.24677,-1.46087,0.01321,-0.44151
0.93744,-0.22511,-0.88366,-1.05427,0.07279
-1.40169,-0.9884,-0.43831,-0.20554,-0.95389
-0.52143,0.2038,-0.02508,-0.49968,0.7963
-0.51687,-0.2424,0.09492,0.01199,0.205
-1.18831,0.00106,-1.56175,-0.04917,-0.55828
1.06031,1.14721,0.23199,-0.6969,1.88971
-0.51123,-2.3118,0.22424,1.07905,-1.23217
-1.95843,-0.74766,0.10763,-2.20509,-0.58877
-0.12613,-0.22835,1.69112,-0.03263,1.32581
1.27322,-1.29667,0.02862,0.35008,0.69238
1.26236,-0.18763,0.23188,0.13584,1.49462
-0.71475,-0.72652,0.40847,-2.21755,0.05716
-0.31788,-0.26673,0.02998,-0.03852,-0.28083
-2.3001,-1.76829,0.17261,-2.37992,-2.78498
0.93158,0.64814,-0.46957,-0.10137,-0.42371
-2.27204,-0.33405,-1.69642,-1.83805,-1.27633
1.23805,2.24536,1.01584,0.14644,1.90743
-2.3001,-1.76829,0.17261,-2.37992,-2.78498
