pca01,pca02,pca03,pca04,pca05,pca06,pca07,pca08,pca09,pca10
-1.2139413,-0.437979487,-2.009129743,-0.191712278,-0.856913423,0.148446446,-2.372479299,-0.69513891,1.180128174,1.144293069
1.283677835,1.319649246,4.153494512,1.684488719,0.862771104,-5.865559841,0.953749401,5.363885032,-0.974121846,0.703427917
1.622272702,-1.792622457,2.464657185,0.975258798,-0.582657814,0.773398885,0.713520619,-0.138831032,0.126314199,-0.469130854
1.194124872,0.369141093,0.674886595,-1.382218282,0.735786412,1.488370598,2.454366419,0.185268828,1.191707497,-0.08371796
0.701302733,1.04917865,0.285529973,-0.72975153,1.64145529,-0.971341797,0.562105013,1.292531791,0.395798849,0.263550812
1.733405565,0.510270126,1.197999958,-0.849383784,2.021851549,-0.201231282,1.272512407,1.144538216,0.749900239,0.279267838
1.323615587,-1.990836066,1.167496909,-0.152397691,-1.053545246,1.173291261,-0.343399883,0.138976312,-1.53270056,-0.196280651
0.125468002,-1.974015094,0.517661003,0.311404551,-2.392660398,0.383202918,-1.274543517,0.358458399,-0.005560294,1.17851269
0.927436224,-1.339733154,1.635789509,0.514031334,-1.06218982,-0.291172239,-0.184503622,0.952158251,-0.26560456,-0.399878239
1.762583599,1.917419136,0.710739173,-1.790060305,3.349623455,-0.27069162,2.444698255,1.467667232,-0.813014372,0.823279916
0.395821919,-0.16232321,0.480798131,0.310155468,0.420272626,-0.215058163,-0.093806668,0.043658487,-1.2445425,0.232868087
2.156718978,-2.736457237,3.254910935,0.976721276,-1.510118981,2.445507631,1.900516975,-0.96016406,-0.613587605,0.196240941
2.220124978,-3.730237903,3.597980134,1.255232263,-2.680814806,3.134999806,1.745347295,-1.3274447,-0.053106802,-0.550981804
1.365464054,-0.515967398,0.82416707,-0.602479764,0.732062072,-0.043701314,-0.11240138,0.971603716,0.891303687,0.004229859
0.520729776,1.268265746,1.54733458,0.461122735,1.138293558,-3.942108075,-0.245350918,3.505983747,1.267651511,0.288728003
0.888061221,-0.695155032,0.533939559,-0.668677333,-0.257609726,0.143481383,-0.177948147,0.9654158,-0.97012426,-0.397557765
0.822385423,2.531564705,0.436039005,-1.618969704,2.49319049,-0.577287361,3.092273452,1.551383346,-0.175378456,0.491505647
1.160183746,-0.332671297,0.781896427,-0.714766082,0.421825785,0.7416974,0.910359545,0.391853913,-1.570881457,1.355572936
2.360583883,-1.198625932,4.058104197,1.196393587,-0.053448075,-0.428682935,2.085512817,1.339990607,0.685589746,-0.141648586
2.139195176,2.867772543,1.032460794,-2.314882784,4.335649695,0.497095422,4.588654817,1.128417904,0.110535317,-0.626315276
1.735924738,-0.745772934,3.700062846,1.478865246,-0.158475132,-1.468833512,1.496718779,1.793465573,-0.686279136,-1.43267129
0.945026866,0.708527315,0.703154916,-0.745747435,1.227810814,-0.573637701,0.987376764,1.28551197,-0.556118747,-0.130060294
0.49118956,-0.644718055,0.66996191,-0.06999977,-0.606675408,0.239782345,0.179841003,0.399336428,0.067838514,-2.019927332
1.798272718,-0.303138413,1.178056633,-1.447429676,0.587892949,2.742436675,3.116143146,-0.533103817,0.633661025,-0.698199675
1.166733439,-0.220784001,0.634934901,-0.799412199,0.660938208,0.061962476,0.265614601,0.963020185,-0.596974287,-2.390304367
2.223521144,-1.060773495,1.172127538,-1.11967012,1.012973761,1.429941556,0.662614342,0.329158017,0.731380253,0.590422061
1.357546924,-2.939459243,0.904072153,-0.126606368,-1.706612795,3.564688919,0.214867599,-1.952828736,1.32041401,-0.874435648
0.788644606,0.295776454,1.420306382,0.234344847,0.51466072,-2.705482772,-0.542253647,2.798755739,-1.183056185,-0.252763255
-0.249770855,0.999023486,-0.523701655,-0.677496145,0.526019563,-2.377116958,-1.197740016,2.380320119,-0.064688605,0.072874098
0.092596603,0.185561462,1.70465503,1.406408506,-0.251954617,-2.001019033,0.333209965,1.269942688,0.868772501,-1.186336427
-0.628047374,0.994949801,1.075133105,1.248773737,-0.272506468,-1.662024699,1.186269014,0.713326107,0.540908519,0.876169167
1.896546066,-1.664032631,4.349465804,1.959571458,-1.196747348,-1.049439112,1.484409256,1.579657226,-0.596411408,-0.299181772
0.46454799,-0.680333149,3.316167554,2.269062279,-1.582727486,-1.597156724,1.481917743,1.214576685,-0.879282782,0.34859512
-0.063429473,0.324620753,0.276490776,0.059768789,-0.072142844,-1.782036343,-0.716294103,1.688307599,1.481960768,-0.283218039
-0.140230293,0.307277769,0.429610148,0.275342247,-0.23152813,-2.22147995,-0.921292601,1.983388591,-1.551512249,0.662051835
1.650330471,-0.241888754,0.976049072,-0.513877418,1.599199118,-0.672249933,-0.38936959,1.306619917,0.506240989,1.447305699
1.011771274,-2.077617981,1.166876021,0.192284766,-1.484931476,0.596161113,-0.855108314,0.419828401,0.955269237,-0.038742895
0.937829508,0.040155932,1.339487265,-0.004102732,0.391166967,-2.435510619,-0.711781036,2.81508122,-1.269998597,0.668840131
1.011140561,0.157755142,1.115460439,-0.943880708,-0.016111949,1.787561815,3.08084916,-0.128616451,-0.179093285,0.395819781
1.201700299,1.47498933,0.390129553,-1.605106772,2.173802648,-0.46243616,1.663672105,1.608983179,-0.132136589,-0.523731303
0.404917392,-0.460062472,0.180332662,-0.384996266,-0.301762455,-0.602671252,-0.860017726,1.163057034,-0.805171752,1.076848145
1.472813127,0.095928212,0.731109629,-1.125613654,1.248318871,0.634220584,1.164582747,0.652388239,0.5861658,-0.412413818
0.968735756,-2.201492604,1.613522115,0.448387493,-2.014458013,2.048977461,0.836769596,-0.822394902,0.015182943,-0.974806576
0.740017938,1.211309543,-0.04581489,-1.319361267,1.693244279,-1.350823703,0.175469182,2.052068254,1.923445795,-0.77461497
-0.529537624,-0.005368797,0.734665874,1.121986644,-0.93429307,-1.576880144,-0.363376324,0.865692108,-0.668345195,-0.061075671
0.847689157,0.28327607,0.715870046,-1.147584866,0.054871123,1.465679516,2.562909657,0.146642831,2.184096733,0.570507208
0.764425932,0.71841418,3.784714015,2.097732137,-0.059491613,-3.267174855,2.146961068,2.647777607,-0.845673104,-0.014098966
0.848274283,0.566691981,2.740258727,1.530878228,0.687156279,-3.193729806,0.658650445,2.49685777,1.350852331,-0.653679141
0.509017156,1.061536325,0.133852432,-1.044159274,1.07039147,-0.571012198,0.997030891,1.298932571,0.421546084,0.266818396
3.062148786,-2.461542082,5.005298161,1.141938524,-1.254699774,0.768139776,2.659574019,1.19060345,0.209470084,-0.98453405
0.419522754,0.791020281,0.249244791,-0.334375016,1.176042415,-1.720383231,-0.386270304,1.689714939,0.496873591,1.069771455
0.514994821,-1.056429836,2.157384992,1.295594189,-1.466755237,0.165257079,1.244432695,0.042928688,-2.371659361,2.042069653
-0.430647594,-0.382952847,-0.042895615,0.308929965,-1.036586343,-0.376473209,-0.61354113,0.283211919,-0.115224233,-0.384942888
-0.111598882,0.961886309,-1.068133576,-0.974549509,1.166991452,-3.398668368,-2.903544842,3.215059972,1.311167498,-0.224318971
1.328238079,0.372912557,0.822078487,-1.327380708,0.911743261,1.339565986,2.423216381,0.299075505,-0.149940719,-1.433151815
1.160010514,-1.436976696,2.00979198,0.752704928,-0.863650742,0.60414758,0.738540759,0.038344574,1.393181258,0.839349114
1.809974312,1.302533837,1.885000561,-1.26390341,1.802560118,2.545745187,5.673854813,-0.655975094,0.319524671,1.653617268
0.124749622,-2.853470704,1.830481971,1.642097649,-3.654693737,2.293876521,0.738749889,-1.724730019,0.644518492,0.928245691
1.744317755,0.354608371,1.093324702,-1.28209945,1.529445953,1.25999881,2.396952349,0.32542371,-0.451949372,-0.789338506
1.212566059,-1.024997464,0.007737963,-1.001745588,0.402044919,-0.107294529,-1.648711768,1.170423173,-0.995148482,-0.181503162
-0.234231143,-2.086476532,-1.328537093,-0.870217226,-2.232347848,1.514911797,-2.386211589,-0.404143248,-0.992866001,-1.445205264
0.933523921,1.758036584,2.83011179,0.747584674,1.290411634,-4.573953368,1.247141344,4.335918858,0.692769032,1.105833066
-1.070710347,-0.992687572,-0.404208372,0.305148728,-2.75573947,-1.160591773,-1.98169476,1.28376625,0.782130002,-0.790899382
1.316050634,-1.299190016,4.670348073,2.429500424,-1.981043044,-1.489076349,2.225285645,1.788602123,0.79185931,-0.57064043
1.639383472,0.111272136,1.108004079,-1.030861522,1.262735175,1.217463009,2.075439383,0.201960099,2.169936588,-1.423682637
2.798903251,-1.685607596,4.54779596,1.153592562,-0.331175072,-0.742140241,1.716808081,2.036966919,0.510157469,1.272570163
2.253219339,-2.1863844,1.08909472,-1.005223814,-0.017234824,1.986188771,-0.294082474,0.025934081,-1.373402889,0.51990214
2.333717726,-3.357285426,3.791710604,1.144850887,-2.361600221,2.62879923,1.983069653,-0.769131659,1.427305364,-0.419434753
2.024152054,-1.687169069,4.553363093,1.59464709,-1.608893363,-0.897744218,1.986899043,2.012415509,-1.661083416,0.503252065
2.064678432,-3.110243088,2.714986866,0.530100019,-1.950235703,2.993301876,1.431639524,-1.128147156,-0.667189085,-0.732968899
2.206239651,0.108154444,1.135849518,-1.525632911,1.955684178,1.113435136,1.825346415,0.667425194,-0.514782675,0.243530204
2.078144614,-2.261294458,3.183564167,0.783619718,-1.257757754,1.260562504,1.460200165,0.176817574,0.290947364,0.957839631
1.013518747,1.275748987,0.358832178,-1.073108097,2.14382295,-0.62846829,1.137171873,1.228675482,1.146030144,-0.777371485
1.617040723,-2.04842818,3.133336791,1.210866765,-1.519796259,0.123179452,0.797945401,0.787904859,0.645587712,0.019381238
2.851432582,-0.863144013,0.820656696,-1.943072192,2.218481235,1.789002358,0.558191795,0.380742568,1.558789184,-1.53046141
3.518500173,-1.355500887,5.019799401,0.876132688,0.761117823,-1.331273,1.866080728,2.815478585,0.350370216,-0.844324037
1.311061872,1.087049318,0.281529508,-1.703509229,1.99567972,-0.172436479,1.285303489,1.477113397,-0.457848386,-0.159362232
1.058982809,0.90677878,0.322927042,-1.375969082,1.522910222,0.058763082,1.384760063,1.075161783,-0.454794717,-1.039806531
-0.41266727,1.136060788,1.059320303,0.685261904,-0.236130685,-2.709469631,0.540503289,2.222260901,-1.186993388,1.057814181
0.094506944,-1.242933147,-1.610772025,-1.107375126,-0.363284015,2.69696051,-1.045404427,-1.904105797,0.822782781,-0.962651012
0.909934198,-1.417510788,4.16996923,2.505168944,-2.290950445,-0.289449717,2.63231074,0.443616921,1.369701108,-1.086054582
-0.880797117,0.545491439,0.667953363,1.076252548,-1.041841495,-1.738120406,0.298430306,0.984181698,0.85670248,1.677377088
2.331288405,-0.588730408,1.492681606,-1.280426531,1.229237673,2.364864802,2.45799064,-0.309597164,-0.397195316,-1.10226974
0.141160662,3.555842729,-0.63581694,-1.765715764,3.382744447,-2.920342829,1.18046132,2.996686351,1.237653758,0.379767636
1.202199887,1.369378532,1.104473302,-0.960594176,1.843209739,0.481687267,3.121866732,0.520355964,0.37334856,0.31237821
1.383300471,-3.154505245,1.561390116,0.121817265,-2.497981867,2.680122161,0.095406699,-0.867226238,-0.565576368,-0.471315721
0.266863691,1.233751115,0.126486873,-0.618769356,1.19579271,-2.034165504,-0.094599331,2.151147,1.393454528,0.710549102
1.291155725,-1.666944605,2.942962542,1.323865799,-1.420324656,1.017236613,1.880835155,-0.312792438,0.295279941,-0.77649914
0.901077953,0.146942665,2.147570881,0.936328412,0.428738001,-2.298334126,0.313628565,2.101153565,0.003147727,1.229990368
1.897838184,-0.491767405,0.995079167,-0.970245018,1.344440949,0.883285155,0.726184513,0.445585124,-0.735201035,1.656208252
0.557864978,-0.575206023,1.745838935,0.569339894,-1.080626726,-0.92111408,0.545777868,1.43887722,-1.064220007,-0.009844809
1.221195107,0.18021016,1.28088755,-0.962358258,0.255171064,2.258992735,3.601662321,-0.523022742,0.961987189,-0.23701197
1.375119954,3.794210707,0.653959661,-2.079622566,4.450845563,-0.636339893,4.537893877,1.59912354,-2.02179864,-0.101280719
-0.247077595,0.384941703,2.709452626,2.443461118,-0.956107637,-3.159216315,0.854783882,1.897127324,-2.063403152,-0.317350492
1.396462587,-3.126453528,2.123832951,0.810087949,-2.39869625,3.009817369,0.909688189,-1.62447844,0.51887118,0.495805021
0.934304338,0.131966419,3.379362995,1.701424051,-0.272416945,-2.194950495,1.864970043,1.989037652,1.441945006,-0.512374241
0.893342344,0.592405955,0.427018999,-0.781517863,1.290786276,-0.916934174,0.204204535,1.500190374,-0.608226507,0.363115628
0.833262415,-0.291009536,-0.266960128,-1.228888717,0.512764768,-0.83545882,-1.475409571,1.82176218,-1.098620425,1.420504287
0.834873737,-0.95849628,2.681209226,0.963590772,-1.685347714,-0.123289775,1.82592155,0.947370153,0.130690024,-0.141525753
1.421276595,-2.613979442,2.527278357,1.163489664,-1.870258587,2.575142296,1.516198326,-1.568837546,0.326855401,-1.38929873
1.796676089,-0.382089811,2.788809626,0.509478076,0.532824257,-0.55684837,1.708854875,1.303183771,0.395420985,-0.957568955
0.088926412,0.523327574,0.251715374,-0.399533964,0.040973686,-0.642537931,0.541862615,1.053758973,-0.294242506,1.356583386
1.262573065,1.729442593,1.361021057,-1.50075353,1.492477228,2.837071437,6.136472912,-0.923524104,-0.365505937,-0.15129922
1.939397212,-2.485758543,4.037086577,1.70997247,-1.919135758,1.663238175,2.511463265,-0.547794327,-0.114640836,0.264268272
0.369643242,-0.461850127,3.165279912,1.942441915,-1.702831272,-1.306316637,1.976429441,1.208995114,0.226684248,-0.561557746
1.012052481,-1.355084503,1.011957988,-0.467479278,-1.147225949,1.732063907,0.991287026,-0.183647634,-1.143019312,0.820158187
1.707883261,-1.876066278,3.264308209,0.831701494,-1.707081032,-0.125165622,1.0966502,1.492349979,-0.340598707,0.500143033
1.399163299,-2.474278233,1.484088384,-0.099473821,-1.798358988,2.653319197,0.790734238,-0.891815873,0.949594571,-0.059415181
1.836515971,-1.28169491,2.128763136,-0.084204683,-0.245758786,-0.47632854,0.057960475,1.79538963,-0.218866252,0.766242975
0.301623681,1.03699449,-0.900850325,-0.949614343,1.997844355,-3.980989936,-3.403304723,3.613302018,1.362562853,1.640614563
1.053593031,-1.022650048,1.453983395,0.155208868,-0.546871691,1.054667776,1.104784589,-0.157432112,-0.896332659,0.219302337
2.825037528,-1.579643848,1.399046984,-1.142001286,1.442864199,1.777190452,0.27453921,0.114246403,1.428857708,-1.474132132
1.249718818,3.272274319,-0.041441924,-2.019070665,4.507783034,-2.242797482,1.605757743,2.716265859,0.181062743,1.303278037
0.479629104,1.62967427,-0.344317836,-1.280245602,2.0270965,-2.133074935,-0.307303978,2.455827988,-0.834323045,0.764029782
-0.510194849,0.287392069,-0.47779105,0.085227403,-0.111983741,-1.644093581,-1.456455872,1.173252042,-0.596629059,2.097939339
2.023956404,0.270694135,1.318166458,-1.151804309,1.91509995,1.189374401,2.301611371,0.292474687,-0.739371407,1.191899334
1.094396294,1.225291525,0.465497504,-1.342583027,1.8323311,-0.007982021,1.847179017,1.06529175,0.049308332,0.768839676
0.829849129,2.852183841,0.103018957,-1.7706472,3.151967459,-1.27096792,2.408619675,1.992940601,-0.607646345,-0.137310966
1.263072513,-1.981162693,0.909850299,-0.226400805,-0.92719552,0.901838559,-0.874136923,0.306836711,-0.585927673,0.329106779
0.527054488,0.769436035,1.065015233,-0.5266627,0.137568595,1.02103559,3.188821693,0.011075157,-0.12373268,0.45780561
2.78725266,-2.606366521,4.27126362,1.338525868,-0.865596384,1.044843257,1.726591298,0.299704891,-2.036220503,0.047493468
1.02369838,0.9593989,0.664704779,-1.011548433,1.461704883,-0.244539645,1.552416578,1.155464706,-0.432773884,0.793818467
2.854184782,-3.355085117,4.641827158,1.631461375,-1.752256262,2.122969234,2.199175152,-0.518612055,1.699435983,-0.401795027
1.415345938,0.131690631,0.483990472,-1.062658908,1.544869701,-0.342462115,0.006539685,1.290718585,0.355668949,0.191577396
-0.633896659,-0.350401319,1.358898625,1.62597275,-1.824946792,-0.394829989,1.054851908,-0.187626151,-0.100475721,-0.057390703
-1.75056065,0.787816972,-2.991510242,-0.781982902,0.006083598,-0.40036688,-2.292597444,-0.414070068,-0.608350765,0.592530307
1.087418204,2.350359076,0.928154407,-1.366545678,2.523605571,0.1009084,3.888837659,0.929176205,-0.256340678,-0.538047758
0.803385784,-0.337024891,1.672134197,0.424696711,-0.296910063,-0.227924015,1.156315396,0.711512333,1.748137069,1.04006182
2.657866067,-1.944586133,5.574668165,1.979919156,-1.371372886,0.327075609,3.617169711,0.97832779,-0.409308474,1.005924512
2.196730736,-1.250706384,5.923658888,2.646296691,-1.335022141,-2.552686126,2.488144144,3.016118284,-1.092141593,-0.253676078
0.740140919,-0.952480619,2.068707343,1.001021952,-1.056683077,-0.976504,0.220519292,1.246503271,-0.318748315,-1.029811849
2.693290153,-3.053312393,2.814059075,0.382054636,-0.762768047,1.735678727,0.149161725,-0.042802771,-0.589332231,-0.458638636
1.138271128,-0.386145378,3.767052976,1.974379239,-0.631559043,-2.426378645,1.401353718,2.256481995,0.227495876,0.635967751
2.568492772,-2.335253023,2.046975485,-0.674663732,-0.346856244,3.717226647,2.069455097,-1.335221953,0.301700009,0.17553623
1.488549093,-0.925103235,0.289132497,-0.954645199,0.827711484,-0.486238717,-1.674309973,1.503018357,0.073196991,-0.150242989
1.396385609,1.320583888,0.888201316,-1.378332081,2.043307385,0.557408774,2.858257143,0.735049408,0.258661148,0.212739776
1.734820521,-2.849885699,2.107980201,0.39682912,-1.752480698,2.031879968,0.294101304,-0.486340279,0.514883596,0.819925253
1.835679446,-0.591982734,0.637361028,-1.272339369,1.212456789,0.638253129,0.06274685,0.845251786,-0.062639577,0.243123459
1.1025434,-2.751502821,2.340031626,0.612839979,-3.125320477,2.949307924,1.934081639,-1.142307501,-0.315296655,-0.941022701
-1.526224568,-0.185953973,-0.900075117,0.728792655,-1.690817322,0.193353727,-0.573317925,-0.97794693,0.447393937,-0.501234108
2.124229412,-1.851621022,2.754608582,0.426018474,-0.521023525,-0.502983169,-0.109418276,1.736661613,1.35111409,1.29274529
0.852861939,-0.510597346,2.763459184,1.281101748,-0.882915444,-1.981186757,0.682172442,2.133490938,-0.196921808,-0.464581078
1.653359457,-2.431810485,3.219839447,1.317491911,-1.873400767,1.517132664,1.616740644,-0.43299788,-1.037066074,0.665368935
1.059450658,0.61262728,0.416041087,-1.047089682,1.412202563,-0.652885917,0.436297659,1.496505434,0.007880185,-0.325611052
1.50089601,2.244470979,0.931528399,-1.535095777,3.143659443,0.064579602,3.503255476,1.012951581,-3.00763234,0.571179406
0.696498941,0.238024507,0.060594274,-0.915632534,0.749345538,-1.176156782,-0.737953506,1.857577946,0.444773808,-0.825653683
2.137574971,-0.279926031,1.070737635,-1.436784899,1.522247528,1.104232537,1.306501377,0.695716583,-2.38692987,-0.495878172
0.455536464,-0.007578114,3.372522009,1.575413938,-1.661655783,-2.465593562,1.921719879,2.68986092,0.827115429,0.157974312
1.543889847,-2.580876545,3.889648455,1.935120456,-2.504957351,-0.173369597,0.822637661,0.974629309,-0.214067698,0.379405398
0.471004638,1.479301383,-0.344850983,-0.98832208,2.149041206,-2.792436524,-1.173721997,2.75131321,-0.809380821,0.956703186
1.059651267,1.548394938,4.763376742,2.633356145,0.896990454,-5.018389053,2.554931228,3.876652395,0.216683119,-0.303350067
1.50053889,0.699430171,4.034330079,1.60376046,0.70524487,-3.736447773,1.774946207,3.544113656,1.635066395,1.311693449
1.259938834,-0.459164483,2.796922413,1.101622601,-0.128455467,-0.748893175,1.60195483,1.029840575,1.007157201,0.517994776
0.367313249,-1.098171677,1.086800301,0.334959679,-1.517535992,0.657211371,0.57775897,0.064421189,1.296063062,-1.107156817
2.227171983,1.682731921,1.563354692,-1.825587394,2.988091977,1.718841071,4.840408091,0.211594853,0.596441138,-0.634285848
-0.291771806,0.272431309,0.044070791,0.093441429,-0.310214103,-1.752284946,-0.939811624,1.569878524,0.324458604,-1.803862793
2.400059377,-2.782294644,4.989294749,2.065178078,-2.08689656,0.750540646,2.330868796,0.471755722,-0.790881792,0.034008096
1.224440585,-2.172760702,3.440771876,1.479635974,-2.651591156,1.179754687,2.211943705,-0.038987197,0.690472686,0.265616993
0.409702434,-1.922109758,0.932639784,0.536934478,-1.973759239,0.687817197,-0.663433514,-0.046388585,-1.395448505,-0.707910941
0.51341778,1.120364946,4.338244017,2.687287712,-0.234990106,-4.931304069,1.920678754,3.833456422,-2.169677418,-1.194189401
-0.296380829,-1.091891713,0.846914035,1.10980945,-1.831369346,1.100333935,0.726950999,-1.191177326,1.062657291,-0.375633666
0.832165062,-0.145627914,2.449057469,0.532076026,-0.903831284,-0.314080733,2.409458462,1.178391403,0.246083615,-0.802280027
2.009526575,-0.822216893,0.881664715,-1.19234606,1.104398862,0.839827601,0.180782891,0.751615978,-1.176173337,0.487560297
0.793834312,0.828881855,3.230773291,1.317958288,-0.009055721,-3.444080452,1.638316216,3.313066772,0.587855888,0.619738785
1.233090245,1.99340723,0.744630792,-1.398789471,2.632735451,-0.046013064,2.994368492,1.025250543,0.858014195,-0.828196273
1.9200361,-0.60195535,1.624087507,-0.872367959,0.567115836,2.730436655,3.077616406,-0.851359486,1.159381043,0.973101561
1.700034327,-1.167904004,3.173381165,0.888527852,-0.694503776,0.25697133,2.025348615,0.726018235,1.220282896,-1.076679127
-1.348579019,-0.70944869,-0.78215094,0.693204565,-2.104775242,0.233692712,-1.048478994,-0.763549447,1.149672019,0.296576939
1.116879048,-2.433162667,1.102788881,-0.11523565,-1.922202281,1.315085094,-0.654912684,0.185515855,-0.19087222,-0.198195676
0.193735372,0.75840562,2.329482316,1.616399728,0.065209228,-2.962944679,0.910437739,2.10718518,-0.679230653,-2.91425599
1.709973946,-1.404875515,1.362858041,-0.54288518,-0.183226336,0.024643062,-0.493670633,1.427885631,-0.553089817,0.695863839
0.977356385,-0.660496621,3.114829842,1.500775378,-0.986499895,-1.296183396,1.431004247,1.494661056,-0.024232834,1.202451248
0.201111246,-1.115307816,0.311308597,-0.449958395,-1.772240828,1.090784698,0.267722822,0.147732232,-0.388346938,-0.305619111
0.863915115,-1.291073079,1.274312566,-0.181850119,-1.423592792,2.548071622,2.130754807,-1.042752593,-1.615886787,0.299647688
0.470847763,-0.31197583,3.019593889,1.888240791,-1.166050432,-1.519737702,1.679522374,1.250536751,-1.911316892,0.092979247
2.569227376,-2.704744752,3.984584062,1.148939514,-1.312309584,1.236000943,1.612597758,0.288167696,-0.082715024,0.243091728
0.163163445,0.355785081,2.908204249,2.086966173,-0.721060194,-3.404785929,0.774358126,2.540148263,0.190916524,-0.036330608
2.569757281,-0.645385968,1.857284695,-1.245847129,1.273788738,3.303825651,3.547331551,-1.028582414,-0.973378838,1.007133336
0.765150019,-0.883560213,-0.102053862,-0.412547291,0.334152532,-2.330980424,-3.49696664,2.547733882,0.603094685,-0.850535279
0.984610962,1.556925783,0.513463885,-1.215538725,2.049904059,-0.695480185,1.719082654,1.500458369,-0.140375059,0.307612668
1.456148703,-1.543540161,2.534350973,0.446938657,-1.346480517,0.779952597,1.499848671,0.573608879,0.420699631,-0.577920777
-0.337039156,0.719800521,1.551455155,1.35320894,-0.462142398,-3.102924036,0.111165683,2.241409587,0.389604524,-2.220421009
2.90186576,-1.078237458,1.75208379,-1.071817913,1.83013844,1.796944053,1.280772146,0.052195338,-0.836062152,1.424495821
0.63286988,-0.918827864,1.391152943,0.608788603,-0.800954692,-0.079372394,0.26200549,0.428739256,-1.392735472,-0.034550624
1.819392839,-2.453868105,3.276628293,0.873637909,-2.083659121,2.487409644,2.598840752,-0.788620118,-0.391876765,-1.017764309
-0.475294741,0.058726279,-1.015927451,-0.332861363,-0.073696685,-2.291823235,-2.897598196,1.950100364,-0.123344064,0.309047443
1.534321164,-1.556140994,0.900970486,-0.830913089,-0.459766795,1.851156954,0.471015247,-0.102043338,-0.823935487,-0.719109451
1.621175443,-1.70093858,2.881527008,0.737618893,-1.295156946,0.197910802,1.08868792,0.989106445,-0.385672631,0.434502646
1.304263069,-2.279743783,1.906535761,0.237516393,-1.96645196,1.983452749,0.986759777,-0.400167269,0.666269672,0.577978524
0.321844672,0.068456447,1.376535239,0.938826051,0.047631729,-0.953807392,0.646126897,0.57473162,-0.249071845,-1.672893901
-0.441714006,1.479111507,-0.453314114,-0.778969428,0.464170668,-1.560466076,0.33034692,1.725331152,-1.518910825,-2.630730137
2.545257555,-2.758638121,4.054381221,1.223881405,-1.433065271,1.769906965,2.096278594,-0.210964265,0.500831591,-0.878473801
-0.131738016,1.161443841,-0.704235125,-1.03231125,0.833015004,-1.838682198,-0.755545344,2.07363246,-0.009288562,0.306981073
1.299182837,2.098346951,0.913485735,-1.315417187,2.772204399,-0.758816195,2.666880065,1.633921243,0.464369864,-0.550551932
-0.691108823,-1.005942729,0.578153363,0.760855005,-2.678661738,-0.28918182,-0.279604129,0.487957943,-0.608006143,-1.014479727
1.627610975,-1.332937508,3.632241799,1.803909252,-0.636132975,-0.048812167,1.88334881,0.299226584,0.146935298,-0.52213157
3.397263773,-2.811364889,4.751652624,1.051232122,-0.672556439,1.328124811,2.143446546,0.557036265,-0.461169732,0.756564675
2.993744165,1.711293933,6.403348304,1.83220025,2.436401804,-5.102415787,4.04625332,5.233727543,-0.845153958,0.553388983
0.36869576,-0.772265031,0.576187366,-0.470533284,-1.350017306,1.418620259,1.202074445,-0.135924728,0.243657224,-1.090208407
1.793096578,0.295911781,0.90682077,-1.467319478,1.606406971,1.129910866,1.991182554,0.532876505,-0.007044985,-0.215609579
1.77839033,-0.231219557,1.106417482,-1.051755177,1.149577012,1.232513214,1.61412102,0.275910549,-0.598437581,-0.966587891
0.256453932,-0.538579226,1.760983805,1.06756817,-1.186608464,-1.16666204,0.386780679,1.177550624,-0.666848717,0.197916667
1.111881344,0.029215949,0.991772486,-1.03128918,0.122429087,1.618709568,2.571566293,0.039764322,0.189328307,0.297244273
1.745547907,-1.381187332,2.909086713,0.893193534,-0.496926997,-0.115850408,1.031483883,0.913981583,-0.796136803,-0.950063497
0.766415806,-2.003689701,3.4122551,2.236412625,-2.620894133,-0.20315583,1.155950867,0.409024247,0.872824351,-0.966156723
0.576430753,-2.658684795,0.048068743,-0.369058082,-2.305579055,2.602826425,-0.8669015,-1.147459882,-1.58358839,0.412998912
1.659970066,-1.285572987,0.790132053,-0.830568799,0.286192189,1.116347889,-0.132015779,0.318002114,-0.363116661,-2.007456861
0.80876261,-0.863437488,0.48797295,-0.85912075,-0.780216964,1.188092456,0.617614478,0.316606282,0.537629903,0.428186248
0.961948168,-0.346518383,2.274543136,0.279157274,-0.912163624,-1.25434009,1.149504413,2.241627361,-0.448542837,0.238554954
1.377891601,-0.095458555,0.531668406,-0.865870589,1.345502992,-0.482555304,-0.355721807,1.31239246,-0.517692573,-0.088091244
0.276123147,0.180099381,1.447390607,0.578312688,-0.41541344,-0.520734804,1.465370116,0.673240428,-0.417430382,0.344053922
-0.440876957,2.396840078,0.712322206,0.196213375,1.094783683,-4.085564302,0.474933793,3.366532687,0.754733298,0.199423986
1.080548812,0.891901914,1.445195422,-0.888170476,0.643953017,1.623741681,4.160606826,-0.107948822,-0.087435329,0.548319628
-0.201454744,0.485622972,1.712421386,1.350292599,-0.643867701,-2.763060554,0.287138555,2.081619359,-2.17821132,-0.529466964
1.414017911,-1.058493879,1.248627802,-0.54730934,-0.281913179,1.589701449,1.274766322,-0.081511315,-0.268645753,-1.836359784
2.46213043,-0.405451475,4.709332223,1.629654014,0.73397224,-2.194957205,2.143988602,2.567201132,-0.900590353,-1.132784951
-0.22951853,2.123676704,0.262521648,-0.373477761,1.219825979,-2.406747015,1.034619529,2.194031897,-0.360039269,-0.728077098
2.769939676,-1.334524903,1.901231245,-1.130247147,0.97503485,2.858365456,2.270572422,-0.566221661,1.453275476,-0.078230659
2.395477688,-0.423287159,1.183243484,-1.477946137,1.749229845,1.613383955,1.571497208,0.293823925,0.595490898,-0.589894756
1.289659114,-2.005157389,4.091844768,2.14778739,-2.421464015,0.094768505,2.080473603,0.521105352,0.356252789,1.261519253
-0.11847688,-0.324684908,0.761823305,0.050168659,-1.594068214,0.527434345,1.339680749,0.23762826,0.859584872,0.079801484
1.786528368,-0.117631275,0.791936218,-1.41474068,1.31203568,1.459866189,1.625019264,0.234609668,0.664702745,-0.552920837
1.068020422,0.674692565,3.892053723,1.973804828,0.2986427,-3.280052488,2.074083216,2.76645629,-1.690671628,-0.978499546
1.267352405,-3.238758074,1.038675518,-0.160912746,-2.486587225,3.235511867,-0.091671632,-1.338266655,-0.225656381,1.389024363
0.081952389,0.120028775,1.009997602,0.503718932,-0.438568681,-0.599360761,0.853423824,0.616960988,1.592669998,0.019344071
-0.457191161,-1.124214584,-1.390937321,-0.136032512,-0.682017464,2.183441161,-1.069291733,-2.267729357,0.659451241,-0.803948415
0.124044365,-2.502572458,-0.202457548,0.088544625,-2.311032916,2.181892112,-1.313032692,-1.375181557,-0.262746748,-1.595893969
1.779376733,-2.579339163,3.593671072,1.912032923,-1.59724394,0.600370433,0.848678881,-0.061251429,1.452117699,0.014149265
2.680978513,-1.437574765,5.050598295,1.509909062,-0.558303981,-0.135150916,3.188051359,1.383191007,-0.64166682,1.665351918
0.817891165,2.121705946,0.608112003,-1.505508365,1.907513502,0.51750742,3.789285128,0.69550263,-1.349576212,-0.415213768
1.750796966,1.568276509,1.133229485,-1.488035009,2.703823535,0.981055742,3.635998217,0.404063255,-0.235969987,0.74418571
1.242104624,-0.680770926,3.478491028,1.352419371,-1.055719492,-1.619294647,1.558524306,2.143088336,0.30740357,-0.82461225
1.578833539,-1.515996995,2.947666158,0.844538592,-1.137725379,0.242910485,1.408335336,0.812953775,2.388371993,1.184256645
0.093549113,0.755872409,-0.177718393,-0.626192874,0.628620371,-1.560281876,-0.535449535,1.756829276,0.242882013,-2.082098703
0.997141601,0.407131791,0.629896989,-0.689631936,1.146877651,-0.513731978,0.528491413,1.191059721,2.093197932,-1.51188342
0.613108754,-0.218407389,0.9009546,-0.212487572,-0.305663106,-1.775698865,-0.73986135,2.392281073,0.742458914,-0.637587542
1.286646183,1.968757994,0.529314727,-1.131198023,3.287487134,-1.933949366,0.851881417,2.232806989,0.957791614,0.207603351
1.871388326,-1.348264036,3.559146833,1.43280604,-0.413324561,0.582825394,2.285305939,0.017712456,0.681362327,-1.153692281
1.51000328,-1.714635889,0.81768648,-0.680076288,-0.428408308,1.585155413,-0.112678752,-0.042350614,-0.132169356,0.072278965
2.839775765,-1.509141063,6.542493727,2.232073694,-1.443158446,-1.200755983,4.006931637,2.565688595,1.255403609,0.945869644
1.0373693,1.115250502,5.875925745,3.356079551,-0.328510312,-5.791043883,2.791536277,4.720696417,-1.008448733,-2.085897878
0.363777243,0.271879233,0.196427717,-0.566088924,0.248923563,-0.955558916,-0.216711655,1.469685317,1.249504901,-1.332777397
-0.249899334,0.239282117,2.366837622,2.196807893,-0.957000661,-2.631026819,0.746428743,1.51380539,-1.688505188,-1.120047422
0.921228963,0.075321491,0.549268698,-0.738517587,0.636212706,0.05666396,0.615454197,0.831781663,-0.993862675,0.420191543
1.326828944,-2.419674333,1.132214423,0.16015148,-1.159818798,1.261935347,-0.949421614,-0.205954988,0.034713749,-1.968504213
1.585989324,0.655905373,0.669872919,-1.306218683,2.046008446,0.193105834,1.303562483,0.967096336,0.997632077,-0.286794236
0.765831613,1.265659247,3.444456438,1.814669811,0.714736212,-4.255703687,1.519168708,3.438393387,0.386382654,0.837764222
1.007175234,-0.809084368,1.311954568,0.080516503,-0.308828064,-0.241631477,0.091253452,0.959728361,1.096547118,-2.191253851
2.578615236,-2.581600257,5.833033034,2.265144772,-2.332534917,0.07636012,3.029927713,1.334826942,1.534482102,1.122374219
0.793822479,0.870995848,0.83397518,-0.718078056,0.943563263,0.054725745,2.005863363,0.788669784,1.351072892,0.886191189
1.848857046,-2.488245886,4.306193131,1.699625883,-2.499314292,1.02491512,2.458947568,0.312136746,0.587262413,-0.205627854
0.759238103,-1.719968418,0.078693429,-0.554237329,-1.026880742,1.908416439,-0.444923845,-0.703027362,-0.940398916,-0.560760907
1.001814734,-0.637928595,1.539938116,-0.2439052,-0.751983696,2.392440777,3.0363325,-0.932849414,0.139887233,0.996118215
2.700018513,-2.59463469,5.388117081,1.786830267,-2.019167563,0.519056208,2.853910163,1.131652772,0.421780074,1.310191908
1.266774101,0.811741502,0.263072031,-1.166541929,2.184835507,-0.910805273,0.092001054,1.584041075,0.225761523,0.017613252
1.096984327,1.094832628,0.669230986,-0.922412186,1.879341975,-0.634493948,1.270343439,1.314424236,0.960304796,0.462483624
1.315107807,-0.297417157,2.135165876,0.660628795,0.551733355,-1.945047243,-0.077369366,2.081716384,-0.235916529,-0.406885245
1.722085498,0.257621584,4.308224771,1.577845225,0.311501711,-2.073796412,2.966844384,2.322502413,-1.936752703,-0.76135527
0.644769826,2.747099242,-0.365115605,-2.077981899,2.875638754,-1.346888894,1.814700329,2.220474564,0.995581514,1.70317261
-0.031172311,-1.203451381,-0.526632641,-0.05775627,-0.870717576,0.669031345,-1.491730351,-0.476167474,-0.561842099,0.479360953
1.265089317,-0.072029269,0.979541152,-0.468324835,0.98213511,0.256007784,0.874230545,0.52575034,-0.393052757,1.001631825
1.331949018,-0.473323959,1.324910556,-0.493795357,0.187022357,1.464142112,1.957744277,-0.159204822,1.669069526,-0.942558006
1.781800721,-0.776688921,1.10248722,-1.127454013,0.436765923,2.063613025,1.759515935,-0.185799571,0.379153119,1.230222176
2.231754973,-1.208297503,0.623253749,-1.269210258,1.398114783,0.404123701,-1.144530221,1.083986182,0.103438129,2.04207604
-0.139075065,-1.408346623,-0.897884142,-0.182126713,-1.009865972,0.874209552,-1.961152164,-0.665250541,0.703440133,2.154928677
1.860629182,-1.049729365,4.663062474,2.007444059,-0.898836979,-0.493253578,3.109738035,1.034596565,0.507020272,-0.057395365
0.200461758,-0.830507945,0.372792583,-0.566728242,-1.648029892,0.891784772,0.562094216,0.418907987,-0.738057084,0.181251163
0.492963008,0.519370968,0.151037251,-1.071761204,0.343591575,0.276349094,1.183342347,0.785958286,-0.723990332,-0.195390351
0.636935189,0.868584875,-0.00884235,-1.124323654,1.224795014,-0.953489766,0.181697825,1.650832581,1.192735165,-1.257868156
1.497939731,-0.127593439,2.18267075,0.377569142,0.79435391,-1.552599167,0.511488744,1.962068638,0.323185482,1.28381686
-0.286180668,1.505038448,-0.691508416,-0.808699434,1.111804129,-3.089742405,-1.417451666,2.894008702,-0.142146537,0.338687318
-0.247319741,0.137567908,-0.001543844,-0.325837304,-0.766052497,-0.478452425,0.105160105,0.927680894,-0.6701152,1.171717915
0.964805639,-1.143219662,0.476057039,-0.661025092,-0.52509495,0.833086234,-0.231885979,0.409920597,0.164294765,2.196223142
0.457014708,-1.306811221,-0.429097807,-0.472783024,-0.50079383,-1.597150884,-3.557851642,2.010698421,1.181891093,0.480908093
2.535875544,-1.253995048,6.43436485,2.935248925,-0.910033062,-2.090696411,3.244207668,2.454519553,1.173442277,-0.272544721
0.903722634,-2.475852815,2.870017618,1.928832819,-2.491219915,1.013346566,0.89009092,-0.631892551,-0.739771164,-1.334610607
-1.419129782,3.734464423,-1.425464749,-1.116527792,1.801166129,-4.015472293,0.145395189,3.269680152,1.036087651,-1.422974925
1.840509631,-0.658367195,1.162481804,-0.887691387,0.889329641,0.965970283,0.877666918,0.489540936,-0.397679694,-1.184030558
2.636491124,-2.395579705,4.040380857,0.768536714,-1.285111528,1.737202453,2.600024346,0.203981435,-0.177917876,-0.912810919
0.193352051,2.479094435,-0.021161711,-1.475742805,1.76347939,-0.387924256,2.922905535,1.170970071,1.009471789,-0.844941439
1.540442071,-3.409264441,3.159831382,1.368894471,-3.139880157,3.2361633,1.990561479,-1.692772183,0.993782215,1.373914385
0.099308504,-0.641358062,-0.108671997,-0.176142961,-0.601076451,-0.789990303,-1.522696018,1.064612623,1.294985585,0.544220352
0.171970491,2.866164994,2.263997769,0.872166334,1.748385396,-5.864582722,1.025131291,4.873112797,0.486184792,-1.949371755
1.280921746,-1.063326094,0.81999437,-0.594252598,-0.08481929,1.14786384,0.364407799,0.115773109,1.856647437,-0.481765971
1.619363274,-1.631455321,2.93836447,0.953250355,-1.047634174,0.392292415,1.307748713,0.553263177,3.07686037,1.3601159
1.067558457,1.641479452,0.892923715,-1.510190142,1.533073729,1.389027056,4.250787501,0.184086677,-0.092944207,-0.239501922
2.122304216,0.912333482,1.828792687,-1.383862565,1.985440911,2.388409002,4.841979138,-0.408895931,-0.104342793,0.39330705
0.708954025,1.2682914,0.877438403,-0.550573404,1.346987138,-0.651348358,1.88546494,1.147606854,-1.189232465,1.053985771
0.692974529,2.22754693,3.54423509,1.540286817,1.237448633,-6.085490533,1.358752378,5.216672417,0.409636119,0.356972759
2.007292227,-0.501346155,1.166294061,-0.932908492,1.40102974,1.087104401,1.045933932,0.29386292,0.160489624,2.212531039
1.474964378,0.330142135,1.556210625,-0.89270975,0.726386735,2.187324851,3.888248296,-0.514997983,1.194762862,0.894647188
1.360952247,0.560393175,0.137938596,-1.582026369,1.804878885,-0.304345687,0.279444363,1.508330344,-1.151153737,-2.839078659
2.181448728,-3.523299687,2.258104975,0.044856568,-2.112088231,3.79901891,1.119685511,-1.508818071,-0.878263253,0.099886954
1.731651118,-2.059118065,4.110570856,1.636537017,-2.06519139,1.339073489,3.015448165,-0.15764253,0.286774112,-0.147205279
2.172125105,-2.233191724,1.395022281,-0.41678346,-0.00183353,1.803143921,-0.265102246,-0.257710405,1.097300188,-1.565648032
1.903130253,-2.54034857,4.419620315,2.134642403,-2.109566347,0.09415913,1.520276359,0.694504334,-0.468496113,-0.758765258
1.187449002,-1.073528978,1.017774634,-0.301510767,-0.244315864,0.849814622,0.329961487,0.222938033,-0.985539601,-0.96974372
3.143030791,-1.517400609,4.897259849,0.914922767,-0.063670238,0.300550538,3.169627942,1.419709413,0.686353555,-0.838892674
0.31022475,0.745062129,0.13713315,-0.963665174,0.33107473,-0.229018022,1.068123527,1.106759573,0.045491476,0.558336423
1.728230947,1.728389316,0.46747755,-1.747884007,3.408135325,-0.723473362,1.48640234,1.728810747,-0.61085764,0.504483256
0.715558673,-1.812125361,1.922055309,0.653950228,-2.310262075,1.150741029,1.068406591,-0.037837245,1.096069907,0.425321308
1.796730911,-2.065018149,2.655939562,0.870241813,-0.881089846,0.595534077,0.476016016,0.3275557,-0.033925226,-1.594755958
1.670688149,-2.459209298,2.232907128,0.260255117,-1.744125028,2.572216586,1.490112298,-0.829035981,0.756488354,-1.914060071
-0.356355678,0.752301626,0.950560251,0.638393428,-0.469869867,-2.223187524,0.349345577,1.868886424,-0.900671383,-0.964200071
0.739116716,1.145986147,0.674111573,-1.158880594,0.868338016,0.563382572,2.759026789,0.679433706,-2.07781182,-0.320297805
-0.173982132,0.396694105,0.827923579,0.421205299,-0.560415454,-2.15103355,-0.198468625,2.028970575,-0.188261335,1.193112946
2.006564243,1.683020492,0.887704684,-2.057442365,3.105668418,0.908115632,3.406368138,0.832082843,1.001824854,-0.497570838
0.42321569,-1.814646862,1.336532715,0.36545866,-2.521230873,2.202331798,1.439046335,-0.950263062,-0.6870141,-1.350555964
0.514546388,0.684829689,1.83674578,0.420023155,0.011252918,-3.203674753,0.22216531,3.336505969,0.307345617,-0.247752418
0.541933581,1.903667,0.473667254,-1.143765375,1.593538281,-0.302318693,2.68551406,1.104862761,-1.042577695,-1.172233753
2.1009397,-1.236124579,1.178013257,-0.874840459,0.788566417,1.108104514,0.181293599,0.446590966,-0.692250329,-1.968923142
0.888992069,0.858160543,3.377598125,1.689624778,0.452372571,-4.699431051,0.563087965,4.0494203,-1.443604262,-0.482909839
1.198089469,1.085590982,0.794458001,-1.491515101,1.318000123,1.410350332,3.400966493,0.212012753,1.608780856,0.82822969
1.183989707,-2.38488875,0.255374312,-0.24059621,-0.737472626,1.596328779,-1.659038175,-0.634793605,0.200459631,0.608905356
0.521989752,1.892246016,-0.098912535,-1.544683055,1.83354675,-0.646058736,1.720039251,1.4964054,-1.01969532,0.206361771
-0.044653401,1.960475751,-0.709111427,-1.271928783,1.71156086,-2.711704619,-0.586687801,2.826486914,0.692857584,0.582571319
1.070421439,1.37641423,0.061284005,-1.560603056,2.236826323,-0.711691511,0.920915067,1.62621946,1.139555536,-0.387361965
3.056756225,-1.521065864,4.840556784,1.243263549,0.171304063,-0.332422877,2.441577446,1.582411282,0.671944608,0.384202072
1.50226621,1.592653517,3.756666763,0.903975202,1.345430181,-4.54431131,1.984837047,4.616944188,-0.005954709,0.784002779
2.805595935,-0.711162134,1.886095636,-1.390154005,1.526691116,2.7933709,2.971552717,-0.445156285,0.060085995,0.388312005
1.169685301,-0.764784776,3.352788298,1.64959541,-0.814455774,-0.837033403,1.844461316,1.012826623,0.107444374,0.387371481
-0.202871519,-0.076789566,0.885438866,0.902697384,-0.718979997,-1.445693207,-0.246606032,1.007152666,-1.340072071,0.432216691
1.43044309,0.677512404,0.784986091,-1.176598003,1.712754484,0.236593606,1.599646946,0.922397404,0.515294322,-0.83428181
2.670948692,0.080830684,1.371444541,-1.41345311,2.792837017,0.841369142,1.497588849,0.736106154,0.872197,-0.315086731
0.826204852,1.68277598,0.269396559,-1.464462152,1.87712394,-1.101847408,1.388452881,2.031469498,1.206608155,-1.527167857
3.001286869,-2.832122619,4.809134176,1.374451701,-1.315302441,0.893341867,1.992155219,0.797190105,1.103933547,-0.256280824
1.018466704,0.870897288,3.364574813,1.856337238,0.975198011,-3.77957201,1.14924074,2.908953309,-1.127496099,1.127908993
1.708753635,0.266076486,1.132342819,-1.429524702,1.132088172,1.754772592,2.885566271,0.141743753,0.290897058,-1.99553178
1.794659748,0.234618297,4.407457179,1.469599931,0.188673669,-2.926156791,2.367832491,3.296010999,0.657763176,-0.069532286
-0.362995357,-0.640972093,-0.65536635,-0.250125219,-1.025264469,-1.611334403,-2.653977121,1.716843618,3.24309297,2.307916251
1.630065649,0.849255465,1.658226204,-0.598215388,1.875684592,0.533856188,2.927619631,0.431192635,-0.064077764,0.53629091
0.60558689,0.851692322,2.581865425,1.275691927,0.394271924,-3.472836649,0.811292409,2.967413453,-0.062648222,0.241240248
1.730900022,-1.085276019,3.328264558,1.158636721,-0.447875556,-1.755432794,0.480603091,2.307215594,-0.016610342,-0.105818757
-0.924468601,0.212961306,-1.029589517,-0.212368547,-0.76408689,-2.874129838,-2.947923851,2.488334749,1.868817841,0.419705608
0.768121502,-1.151494167,2.491022426,0.752958391,-2.061204432,-0.889857615,0.833878313,1.88054093,0.082832571,-0.728171901
2.264715251,-1.590630512,1.654054313,-1.198533461,-0.221722509,3.674349713,2.745707332,-1.070591419,1.218194712,1.057368305
0.376747024,0.281000125,0.480348756,-0.187580068,0.336270455,-1.355049085,-0.312938306,1.567245866,0.722826895,0.111799158
2.639637533,-0.401880733,5.869007018,1.926395891,-0.04679155,-2.076561292,3.741106544,2.903404633,0.845802873,0.514062552
2.556404843,-0.501453321,1.693581284,-1.443639339,1.409197312,3.394191674,3.639695085,-1.036957073,-1.49901596,-0.091844764
1.222273292,-0.061512192,3.273138076,0.783211728,-0.730033377,-1.521824392,2.302818409,2.389734959,0.852468643,-1.229183598
2.413811629,-1.601631854,3.470988901,0.414766539,-0.499355867,1.26624661,2.541965339,0.445515444,0.789919722,0.969569026
-1.024996647,1.520049724,1.082771855,1.509552245,-0.280732561,-2.946299876,0.860275717,1.564992399,-0.345164705,0.489254535
0.566686095,0.524140756,0.074324293,-0.776467851,0.93438311,-1.034692795,-0.253902963,1.515045843,-0.781156378,-0.259800141
0.550574368,1.001224178,0.775007501,-0.658233347,0.685569255,-0.390761351,1.841918897,1.148030658,-2.018487864,0.145063746
0.964265659,-0.674065668,1.462971695,0.095438031,-0.442175673,-1.68704916,-0.731189034,2.359545253,-1.197966429,0.887079776
-0.700716506,2.015410308,-0.266315701,0.043697229,1.165888635,-3.860249341,-0.968214347,2.860339034,0.044358798,-1.745707433
1.005240806,-0.771882603,2.458096916,1.310755847,-0.402931899,-0.939440392,0.676480518,0.91980508,0.410550085,-0.231069477
2.168177999,0.219402785,4.507731394,1.463655663,0.898717055,-1.254193234,3.630033346,1.661245296,0.632454217,-0.474178175
0.73964342,-0.897660277,2.248175132,1.320854689,-0.852576261,0.679397013,1.800063913,-0.565821568,-0.019873635,-0.107264766
0.792006239,1.435368284,0.136996716,-1.314212542,1.846000351,-1.170306449,0.808858381,1.910733443,0.424066862,0.039447048
0.804074722,2.653839171,2.907383886,0.825446995,2.037970678,-5.618496125,1.512742565,4.977302906,0.279083858,0.291563677
2.188135761,-2.442546133,3.051965181,0.306948629,-1.581048567,1.606107772,1.51054425,0.379274698,-0.771771957,1.609520666
1.256955148,1.277501595,0.288389993,-1.254482157,2.579926926,-1.44879404,0.231186326,2.036332175,0.28100925,-2.132595626
1.150786693,0.742049372,0.956457615,-0.718820752,1.439693683,0.056747293,1.770836893,0.754021332,-0.811000864,-1.11404645
-0.792482273,0.311442541,0.870533729,1.103293078,-1.357971256,-1.975956595,0.070377603,1.374425198,-0.518252639,1.32527609
0.546086543,2.497860889,3.836143793,1.98267859,1.335503633,-6.306073762,1.805175597,5.053846469,-1.290561422,-0.143258915
0.59913087,2.323394258,0.308906407,-1.17205977,2.395766883,-1.467906447,1.86445521,1.892260783,-1.537584796,-0.144904579
2.964804088,-5.659501883,4.537322231,1.553355613,-4.165102667,5.051662044,1.982263502,-2.360428754,-0.114802249,0.566771726
2.097681961,-2.527692948,3.338294948,0.800158712,-1.713032661,1.466671693,1.56111046,0.18141979,0.14583647,0.585299437
1.611530846,-0.543366228,3.093181532,0.84342039,-0.118983525,-1.834981064,0.894712061,2.448591951,0.551885972,0.680230208
0.82038142,-1.776855018,0.789061233,-0.054882197,-1.333001516,1.510535568,-0.054663893,-0.423549763,1.471034691,-0.69949522
2.167574961,-2.692683062,1.609679179,-0.494943298,-0.915696881,3.040514382,0.663046484,-0.946786102,1.643378156,0.360647891
1.979927837,-3.193641706,3.027427087,0.730468267,-2.433355663,2.470072833,1.343560692,-0.581094363,0.861436526,0.251316648
0.961128806,-0.925158016,0.677773451,-0.331753783,-0.179362194,-0.080613323,-0.626858277,0.906313499,-1.638029057,-1.786375465
0.936823919,3.272206002,0.393768476,-1.373609635,3.949693203,-2.094753546,2.322538077,2.25611883,0.700700612,2.814654444
0.942974384,1.345822782,5.075412356,2.440777693,-0.236636012,-5.214068747,2.842213157,4.686911599,-1.18896342,-0.049880154
1.938004367,-0.786647528,0.916843494,-1.414409477,0.706038198,2.425615311,1.791909142,-0.373533492,1.813407699,-0.342878862
-0.555629792,2.177475247,0.299211709,0.372871504,1.306766744,-4.648660508,-0.876027836,3.47538056,-0.589112133,-0.935596299
1.220935193,0.694277375,1.002939791,-0.879070891,1.30656031,0.511699329,2.20306431,0.560095622,-0.524662407,0.493654848
2.781794352,-2.621109358,5.177327494,1.960205375,-1.391117691,0.802554195,2.587012933,0.451395702,0.473038282,-0.645572072
1.152278556,1.455903796,0.574255298,-1.346263375,2.089989279,-0.170702847,2.081716921,1.187133501,1.509131013,0.605606233
0.675583843,2.068140611,0.353486812,-1.021499565,2.375737415,-1.452392961,1.531533016,1.780743085,-0.412220745,0.913473732
0.665014236,3.407755144,-0.012583244,-1.81252102,3.533998421,-2.214054825,2.184442229,2.691384707,0.278348635,-0.509213363
0.949380369,-0.926276474,2.791373971,1.241458544,-1.225483487,-0.627968063,1.367710607,1.073011413,-1.04019372,1.945195074
1.811679312,-0.840907596,5.280854106,1.908444288,-1.685134857,-0.697629686,4.204070127,1.781156082,-1.742221693,-0.546041799
0.803253248,1.270009875,0.398220574,-1.010936728,1.674921884,-0.830584074,1.156679661,1.474725725,-1.851842732,0.783589665
1.671778688,-0.554791879,0.963784381,-0.770083667,1.013483295,0.185289176,0.095441446,0.945789899,-1.366858363,0.592567274
1.100354187,-0.288808001,4.429654713,2.315948403,-1.094022365,-2.91155427,1.971051283,2.770795015,-0.294455758,1.452755545
0.425865695,-1.621343102,0.623997703,0.566448832,-1.143569285,0.414072093,-1.073942153,-0.200560228,-1.095270519,-3.176703813
-0.911933162,1.744228151,-0.345841264,-0.139139154,0.271100121,-3.042198605,-0.426421542,2.490287344,0.793175688,-0.122057132
0.075981654,3.112714204,-0.112710013,-1.165527108,2.692057877,-2.946644119,1.22928648,2.870643227,-1.097368319,-1.476924928
0.18132498,0.857785701,0.573288061,-0.397870436,0.233466954,-0.231571958,1.673805762,0.751237952,0.307676653,-1.095519389
-0.489512597,-0.98270329,-0.116743523,-0.066036609,-2.204764151,-0.104094463,-0.906269353,0.715814797,0.950015829,0.243004722
0.506682951,0.997667324,0.549180884,-0.805293734,0.716878625,-0.048649922,1.89125253,0.866529902,-0.339122279,0.370061115
-2.455306528,2.895828943,-1.400746589,0.956558331,0.731839262,-4.428390819,-1.305938502,1.865264,-0.277544256,1.291273839
0.76100131,-1.072144903,3.73938182,2.472608677,-1.701023728,-1.393540956,1.540832233,1.102881002,0.138645184,-1.086126299
1.762558165,-3.421518107,2.495389077,0.357430818,-2.89912619,4.291359311,2.189710176,-2.00212589,-0.887329459,0.771796177
0.245214215,-2.387668947,1.30414615,1.080685914,-2.766839256,2.020897845,0.391040284,-1.412131499,0.808919269,-0.584455292
0.679447988,2.652661227,0.238596443,-1.557220385,2.635620438,-1.074000731,2.580145352,1.798933496,-0.346426506,-1.611567359
0.1517347,-1.441447335,-0.418530456,-0.461253583,-1.34579696,-0.632444546,-2.628831521,1.322854185,-1.12124374,0.929409985
1.028538949,1.284148125,0.388272304,-1.533074238,1.639754641,-0.1094934,1.85598641,1.351921082,-0.181449069,-0.106337003
1.739259446,-1.69392269,1.597749275,-0.287340629,-0.477199489,0.584978322,-0.122956634,0.867876151,0.48074458,1.496710407
-0.012007845,0.614085967,-0.132736667,-0.454398359,0.365448923,-0.389451069,0.37182163,0.6032798,-0.822076012,-1.219284467
0.342240226,-1.392112947,1.470677021,0.725944189,-1.983452824,1.341590475,1.252386351,-0.635991041,-0.595534935,0.900533077
1.403890517,-1.366725442,3.350876355,1.583245006,-1.070126983,-0.763221712,1.098537447,1.142914673,1.528747851,-0.081045965
1.109793604,1.031268155,0.336619969,-1.152608934,2.005273823,-1.229215567,0.291253829,1.911688596,-0.991696663,-0.632880275
1.027429657,0.436696674,4.180557438,2.164494244,-0.230840957,-2.198260698,3.114977823,1.867413113,-0.21596052,0.937477493
0.398804335,-0.051970224,1.359044791,0.533489662,-0.356156736,-1.370349048,0.280615577,1.470543321,-1.35693557,0.223153055
0.256005892,0.369409247,0.65538525,-0.567671903,-0.467759194,0.587607356,1.994481058,0.430714738,0.585904201,-0.736770136
0.938046688,0.891691197,0.663284372,-0.983743162,1.223287766,0.126155921,1.846311445,0.847109319,2.049812096,0.000682819
2.40210732,-1.630554108,5.453844732,1.834159633,-1.593010621,-0.604436956,3.259282228,1.934338385,0.637324683,1.616300043
1.235405938,-1.596047022,0.672076872,-0.448986752,-0.472611945,0.515452944,-1.015623698,0.62431627,-0.622034806,0.582737583
-1.221918274,0.252223869,-1.260627727,0.015305359,-0.817298877,-1.166979951,-1.688942451,0.578621041,1.406934746,-0.484118495
0.281449801,-1.075855644,-0.654681803,-0.592241359,-0.442005535,0.349868202,-1.799099581,0.192847803,-1.271919001,0.211396567
1.955314627,-0.84047447,0.448464373,-1.462934179,1.222579911,0.609270625,-0.520403725,1.002302116,-1.179369122,0.172254386
0.699661592,0.722507959,0.856663079,-0.588552249,0.674361305,0.664913611,2.407666478,0.184383201,-1.831144878,-1.228443831
-1.539183045,2.395496417,0.360441324,1.233643454,0.218330877,-4.290046095,0.107112557,2.505117418,-0.075871451,-1.684667577
1.105462892,1.999672248,2.751884361,0.798725318,2.129165029,-4.548327245,1.246025477,4.004713974,0.730958976,-0.650659827
0.971801645,0.014617515,0.686654841,-1.052808578,0.156601852,1.006631466,1.688887166,0.466053324,1.614778791,-0.322028154
-0.08499499,1.01947881,0.668331147,0.022976365,0.144006368,-2.450189888,0.108385986,2.401681267,0.240205844,1.253132825
2.115589106,-0.845198121,4.442164349,1.436893743,-0.434989467,-1.472499317,2.246465616,2.283253949,-1.176962113,1.820543908
0.527425171,-0.4565434,1.120993789,0.463780118,-0.296151277,0.07869674,0.639443115,0.129766918,0.348341739,-0.897830066
-0.701984407,2.10487764,0.784783388,1.042817695,1.005525191,-4.174583625,-0.029238053,2.667552217,0.37021189,0.584314166
1.09763967,-1.3885262,0.988762356,0.12132958,-0.308771798,1.165150676,0.0676267,-0.463822064,-1.472037073,-1.373834825
0.534872702,2.179997781,0.589130814,-1.007707717,1.905361488,-0.498778316,2.931770819,1.099400504,-2.704391632,-0.629884552
1.229443062,-1.437743011,0.495710296,-0.581284189,-0.220285454,-0.056475182,-1.529386374,1.122363052,-0.989957793,-0.03500761
1.486818931,-1.782777195,0.56722632,-0.787948939,-0.365551637,0.516211618,-1.406829218,0.919687186,0.336144963,-0.22747626
-0.483145124,-2.196393276,-1.000742691,-0.194000296,-2.599237008,1.779283617,-1.922104768,-1.085339457,-0.657372554,-0.048965031
1.572090673,-0.403299004,0.973014323,-0.722421752,1.010548143,0.369956262,0.486159429,0.713891774,1.598538112,0.802128459
1.289238703,-1.936329628,0.354024444,-0.748747092,-0.652747003,2.522050487,-0.058988974,-0.985539132,0.267843638,-0.823534971
0.525246315,0.011745307,1.528779042,0.77727657,0.056130796,-1.48188194,0.290217424,1.306797847,1.948342645,1.025109153
2.148264273,-2.565684394,3.536217274,1.014083985,-1.674827479,0.390832592,0.760772288,1.043290163,0.545786714,-2.171571405
1.55426107,-2.695527624,3.042368673,1.284166438,-2.206378965,2.541703996,2.024748733,-1.321283098,-0.958778456,-1.352508689
0.691722601,0.680159413,0.55475636,-0.540926375,1.038502722,-0.94843221,0.507799458,1.39018165,1.01263741,-0.158153844
-0.11103979,1.646113005,1.695894647,1.013211524,0.578692404,-3.657839609,0.858220863,2.828391401,-1.616713375,-0.229382332
3.181722313,-1.942891615,4.860603112,1.246978914,-0.06058777,0.493506131,2.61531273,0.933515664,-2.050357457,0.739180495
1.129038223,-3.176287243,0.716523211,0.03001803,-2.079755659,4.208589176,0.319551994,-2.686764534,1.166370546,0.530975662
0.515074669,1.500976919,0.913049118,-0.871740258,0.790457326,0.616533099,3.589442863,0.427685544,0.20953423,-1.091625172
1.530699114,-1.181707288,1.266421872,-0.761119059,-0.418508151,2.326767205,1.810899209,-0.483515646,0.692855756,0.734637545
-0.501475039,0.514025353,-0.388559282,-0.763706062,-0.875547744,-0.277889479,0.514840205,0.980344359,0.978889559,-1.371743129
1.538316406,-1.849397064,2.067214715,0.428865381,-0.926284552,1.249258723,0.790962098,-0.12723428,-0.475795444,-0.826111992
1.231743087,0.714736715,3.562681382,1.280304988,0.38730035,-2.029812501,2.89593981,2.144715826,-1.544937347,-0.539305014
1.58768636,-3.806578924,1.140142022,-0.020244733,-2.407668111,3.508348398,-0.647274879,-1.631269974,0.102484642,-0.482827591
1.085180405,0.967298022,-0.03225697,-1.6534303,1.802802647,-0.627402529,0.441028552,1.744427053,0.022630853,-1.405563054
0.968078139,-0.183899477,0.535213745,-1.185152925,-0.031934437,1.560050876,1.781505943,0.085171819,-1.119546128,-0.393529856
1.543831352,0.798121614,1.25669479,-1.108010218,1.57950635,0.967989037,2.952508066,0.430107522,0.381309612,0.311652856
2.173672712,-1.307043655,0.784186028,-1.322814465,0.887139729,1.34451158,-0.130475316,0.481796565,2.485189917,0.264775311
1.690783526,0.602812637,0.992628353,-1.35430247,1.74991307,0.80265017,2.201878328,0.690145881,-0.399899062,0.269294753
1.346859241,0.294864395,0.142609271,-1.456845371,1.590815064,-0.286402951,-0.038446895,1.445257994,1.629642131,-0.372675584
1.072267731,0.376448337,3.285174546,1.460405432,0.183160791,-2.471907445,1.762038412,2.313528715,0.210600839,-0.48847608
1.059147806,-2.297540255,2.542363882,0.903339408,-2.635001971,1.85500195,1.693765601,-0.500853306,0.480260501,-1.055107675
-0.67159663,-2.034667364,-0.333743651,0.331980159,-3.12679974,1.25762609,-1.280598879,-0.718756254,-0.496531735,-1.153492426
0.030449785,1.088485351,1.880909026,1.218184618,0.226598549,-3.294658459,0.629630302,2.522388697,0.001619031,0.414772891
0.110333559,2.175794099,0.292411112,-0.641175727,1.715547218,-2.384363078,1.0206752,2.347603607,0.508608373,-0.43030932
0.498272703,0.680584706,0.27112834,-0.667274528,0.829631707,-0.994771053,0.251641287,1.468057639,-0.068123425,0.363970631
0.057023247,3.134895706,-0.973167336,-1.752830551,3.141442719,-3.480813521,-0.210556013,3.435025585,-1.771068553,0.47154238
1.595242123,1.603468219,1.667004266,-0.567673796,2.679436005,-3.097710869,0.684596817,3.466844967,0.577363525,-0.128659446
1.914922143,-3.615881307,2.793524926,0.924883822,-2.553543535,3.023525778,0.948742275,-1.327601982,0.531026095,0.148876804
0.141126461,-0.266917772,0.251548915,-0.065002126,-0.402494096,-0.229890048,-0.176673208,0.525392866,-0.607472288,-0.404361993
2.600602263,-2.06765258,4.101012304,0.83191393,-0.991621461,1.078080031,2.484878838,0.668580864,-0.852386766,0.475365611
1.454861119,-2.042068554,0.475993714,-0.475790272,-0.278770087,0.419856096,-2.0442374,0.653469374,-1.264498407,-1.793106453
0.369085275,0.222029466,-0.278036617,-0.976395246,0.358815616,-1.533782825,-1.287296546,2.168637003,1.252842634,-0.448224616
0.049768459,1.977656325,-0.103792187,-1.032719145,1.434534279,-1.329951604,1.340492814,1.672531665,-0.113480646,0.221558474
1.451376794,-0.591538806,1.003735384,-1.061431057,0.105587648,1.65576419,1.692461609,0.122392005,1.275390738,-0.151714434
0.542629435,0.664415733,0.450983452,-0.878544511,0.449743322,0.068801174,1.487517526,0.885424902,0.492986459,-0.057517753
0.978653226,-0.531865555,2.804696166,1.236249987,-0.713445095,-0.716983755,1.718929876,1.00466128,-0.231300943,-0.576419576
1.346554324,0.086849585,3.687498716,1.413054259,-0.112507711,-1.812997708,2.432504713,2.058946566,0.982683143,-1.400070723
2.20871992,-1.429407957,4.550148216,1.786751146,-0.652999063,0.066701925,2.834229859,0.683496331,-0.080917338,-3.170425736
0.998971733,0.947051551,0.098873483,-1.206817411,1.904959831,-1.178009598,-0.006167209,1.83474802,0.025210868,-1.543118228
0.241686477,-0.718708065,-0.523423586,-1.128434363,-0.885155809,-0.178002961,-1.352246292,1.350130433,-0.863493605,-0.031203489
2.972507684,-3.701583466,4.397709558,1.339139724,-1.902716967,2.147300672,1.52322364,-0.285497812,-0.569449774,-0.124021387
1.530030911,-2.040264815,2.71846477,0.478774709,-1.972547403,1.125434367,1.463617565,0.515272695,-2.090302899,-0.170258247
2.113384264,-2.409055227,2.7162825,0.312971056,-1.26265716,1.711314894,1.17582339,0.034446986,-1.005601376,0.360164184
0.751767089,1.830069261,3.727469335,1.878525543,1.044096272,-5.303741325,1.654586504,4.333365297,0.81398086,0.12861745
1.268490675,2.348492872,0.01577164,-1.858298985,3.562920385,-1.497986498,1.228993966,2.218403211,-0.779852946,1.081984809
1.582767192,-1.074454855,0.975814817,-0.480297428,0.497314877,-0.159216892,-0.818474748,1.147732272,2.349075787,-0.716043436
1.74810205,-3.981339149,2.397830051,0.548344929,-3.253953511,4.577491633,1.590109419,-2.362750178,-1.497257645,1.280939577
-0.261888378,0.30214603,0.469850508,-0.292533171,-1.177420372,0.196673822,1.577997213,0.579707093,0.533359245,0.839468505
2.004880545,-0.19534295,0.602918693,-1.433721534,1.926231661,-0.094556779,-0.23647723,1.459887624,-0.496932025,-0.182568974
-0.383250549,-0.648447243,-0.109425968,-0.30290172,-1.837753862,0.107046088,-0.317564643,0.647233469,1.462195939,0.448635765
1.301285481,0.745697304,0.739501945,-0.898446704,1.863615086,-0.521442568,0.920505472,1.267122417,1.234751914,-1.031955242
2.029090624,-2.046570926,3.427052874,0.941223382,-1.26694388,0.272279089,1.186860366,1.018681803,0.081278422,-0.037893082
2.147771019,2.170824594,0.913331194,-1.84303714,4.192865467,-1.108665235,2.037572033,2.173899943,0.986376506,-0.711973227
0.381241425,-1.496884594,2.014362685,1.391269291,-1.998268008,0.378970199,0.786917161,-0.15103106,0.045563881,0.623407138
1.631580774,0.894126869,1.094089126,-1.413224524,1.767381077,1.201067055,3.089842315,0.396152448,-1.975487771,0.751099455
2.087078615,-0.965201405,0.939525109,-0.977435474,1.274228243,0.761935185,-0.123278628,0.610211281,0.204758882,0.765878279
1.791021158,-2.84606993,4.004646891,1.812691493,-2.528584376,1.598655833,2.082789932,-0.430947758,-0.459764616,0.543390828
1.310503291,0.089407377,0.66749723,-1.309388907,0.755663935,1.23263677,1.792164079,0.371079172,-0.242698748,-1.890010171
1.316947257,2.165511145,0.444032681,-1.709968138,3.066278723,-0.818239683,2.15349219,1.787636107,-0.297376079,-0.246383403
1.36684183,-0.174641029,2.710072207,0.67293965,0.071151776,-2.295845243,0.595587134,2.769183222,-0.749357689,-0.221536598
2.778016398,3.401087412,1.507879173,-2.577875971,5.509225151,0.967838053,5.921152862,0.877879216,0.887503967,0.760846654
1.51580718,-1.223812134,1.29657403,-0.354892771,-0.097901822,1.30905656,0.75105176,-0.01897873,-0.279993302,-1.279030736
0.924058269,-1.258520356,1.64635148,-0.201963937,-1.752805349,3.130350137,3.196075105,-1.302058071,0.759514887,-0.291758632
2.42182868,-0.738477078,0.888181887,-1.380965231,1.918469213,0.558385442,-0.191646213,1.016321426,-0.9933587,-1.015878827
3.109536172,-0.885698186,2.047081551,-1.874427274,1.275075668,4.606241285,4.575116838,-1.452883105,-1.390221925,0.157761439
0.725474379,-1.162080169,2.004969516,0.96079587,-1.299502899,-0.829030107,0.052975959,1.200448113,-0.008113202,0.158089225
-0.831532126,0.543814634,0.691764426,0.733216348,-1.344786712,-1.506633194,0.666081334,1.20455984,-1.821086069,-0.597667683
0.907410004,0.847783703,2.721185486,0.826508041,0.402091369,-2.298946057,2.007072452,2.420762561,0.627606298,-0.279507463
-0.728226993,-1.054298882,0.392641312,0.686062087,-2.652391117,0.521863107,0.1393459,-0.27179875,1.029413101,0.796701927
0.537348495,-0.512056057,0.097174261,-0.898706217,-0.518082566,0.416529195,-0.021705306,0.769820689,-1.358574015,-1.079736321
1.673898244,-0.307417964,0.909875854,-0.919608909,1.215780524,0.13945196,0.316164547,1.039868937,-0.04489303,0.182501031
0.244186308,0.969015496,0.21284823,-0.93166793,0.381293556,-0.505072299,1.229335844,1.326359857,1.029457482,0.87231538
1.29981918,-1.131791971,0.53995381,-0.657123907,0.161981253,0.029764533,-1.074213717,1.020976294,0.034027411,0.111372602
-0.256353315,2.286847263,0.123329799,-1.006725399,0.844753223,-0.696674715,2.795500563,1.270858968,-0.055920449,0.337957528
2.035968289,0.519953311,1.251005988,-1.397376519,2.053017279,1.242970778,2.629674685,0.401726234,-0.856851865,-1.126053961
1.324680843,2.147381113,1.268371047,-1.20866144,2.552610299,0.220241057,4.023583706,0.844733062,-0.26265952,-0.336386945
2.073135986,-0.602414433,3.37259252,0.67653764,0.326517299,0.100657009,2.621253465,0.890990526,-1.027403552,-0.373268246
0.052857955,2.269425813,-0.460870408,-1.444054273,1.790445867,-1.966769079,0.773259918,2.388322093,0.553149156,-0.548200298
0.603838462,-0.038764152,2.429079918,1.132023495,-0.602114622,-0.75422619,1.996399337,0.874164166,-0.672485596,0.223270836
1.255536808,-0.806106781,2.510642945,0.587224411,-0.759166267,-1.438396948,0.466110561,2.23289476,-1.365021795,0.701494782
0.29930477,1.435602205,-0.870901151,-1.109696473,2.255174725,-3.371886118,-2.32414817,3.128078516,-0.445943714,0.113140457
1.266180525,1.351230493,0.314153323,-1.788739558,2.075004698,0.296780445,2.099957245,1.100519895,0.347561614,0.086697699
1.617362782,-2.261110855,1.918380096,0.512672787,-0.95312496,0.745409902,-0.418614846,0.231112555,0.5873917,1.414187288
1.235653334,-1.961835718,0.440985733,-0.414085339,-0.570168388,0.057125288,-2.175318911,0.96041604,1.116833776,0.18641617
0.760921969,-0.281785287,-0.040795249,-1.005579357,0.318544166,-0.265331942,-0.688825163,1.222991607,-2.196127821,-0.162123975
2.025340211,-3.111731723,2.515293596,0.203382931,-2.13883981,3.595713922,1.832959265,-1.401824421,-0.453636388,1.726226546
-0.843674751,1.005454494,-1.315275246,-0.528136981,0.370147202,-4.270718704,-3.619661614,3.604384354,0.782873735,-0.43112557
2.007727856,-0.833227509,0.669085704,-1.467181626,1.067354415,1.688666265,0.704660816,0.159318441,0.25719897,-0.240665175
2.347094816,-1.705988961,1.466799457,-0.90563263,0.380223712,1.616158517,0.367498941,0.30397865,-2.065083046,0.028457581
1.743156103,-0.026583381,1.54010081,-0.948563176,0.867649967,1.998553513,3.130274681,-0.279986256,-0.649826885,0.08416823
-0.060554877,1.575814309,0.276636033,-0.339249663,0.973884803,-2.141187174,0.535701544,2.043674514,-1.689183038,-0.471263741
1.622695097,-2.130198638,2.688623571,0.690971258,-1.592578277,1.100040587,1.115752643,0.231591085,1.188596823,1.849362141
0.998024357,-1.574749511,2.886781858,0.971452315,-2.305094456,0.299543089,1.699731708,0.866623001,-0.939463242,1.119244918
1.775439208,1.873519358,0.545787194,-1.800607476,3.528132094,-0.565480129,1.887612634,1.63267626,-0.38281719,-0.123728946
0.350874811,-0.292860108,0.233323588,-0.41126928,-0.327707254,-0.918044886,-0.808477785,1.491347598,-1.841897773,0.8920676
1.146541205,-1.679978442,2.688559663,1.147349277,-1.637370839,0.150283377,0.944409959,0.588088928,-1.058440634,-2.498061017
0.40083823,1.065160394,0.211761083,-0.749873593,1.05082631,-1.075040556,0.628843558,1.501093413,0.233848026,1.035443416
-0.102106545,0.270115603,0.670913614,-0.226579878,-1.036107399,0.802621925,2.206098531,0.028127659,-1.484056665,-0.208468211
0.606427262,-0.004075265,0.867962308,-0.417740479,-0.226558488,0.658922824,1.620448253,0.3086464,-0.614323144,-0.709788992
1.058620378,-1.156732696,0.180923249,-0.974482616,-0.29629886,0.387233645,-0.994866506,0.945989992,0.178694717,1.229214784
-0.366893644,1.407739264,-0.567297605,-1.035955685,0.411364133,-1.530840177,0.174151025,1.926633351,0.618886298,1.638359732
-0.5631746,0.500286859,-0.87829416,-0.557055963,-0.15724504,-0.202440973,-0.246842892,0.296254851,-0.63002498,0.731955503
1.201759874,1.529815111,1.577598041,-0.04390468,2.401355927,-3.086745737,0.523772388,2.943414891,0.192596919,2.392109635
1.824679302,-1.27421372,0.190879797,-1.178339128,1.056386416,-0.287406967,-2.189831493,1.49389039,0.277358462,-0.022278979
3.988996745,-2.75230811,5.790620042,1.114333394,-0.560460138,0.355634444,2.475252092,1.869959059,-0.047370703,-1.582176763
-0.017581448,1.531661651,-0.891663431,-1.519738813,1.232851483,-1.911556874,-0.547358462,2.415268766,0.572006278,-0.704728436
-0.61908017,1.002488888,-0.118821376,-0.519662855,-0.644456146,-0.531763679,1.213113012,0.985163252,1.325432109,-1.406815009
1.904575166,-1.07424961,0.825741164,-1.112993149,0.731708803,1.199312346,0.170644221,0.425685588,0.990166239,-0.217131075
0.89971534,-0.904959281,0.55198368,-0.396064219,-0.204494471,-0.337466796,-0.934886029,1.148840211,-0.48083379,0.696167997
-1.080980856,2.274614473,-1.168583457,-0.759893109,0.893804971,-3.950024992,-1.437810064,3.350259799,-0.968045759,-0.310307705
0.217853501,0.029659756,0.020976115,-0.816360033,-0.40829889,0.272048479,0.538793526,0.689026497,-0.799940507,-1.908002137
-1.197019877,1.228961851,-0.583347217,-0.344963128,-0.892259822,-1.419787442,0.362047827,1.41642987,-0.571746042,0.33260751
0.578811128,0.888987026,0.421280264,-1.009482845,0.692620969,0.145241403,1.787913278,0.8539238,-2.177065046,0.178476664
-1.202284329,0.754779875,-1.279780807,0.130127743,-0.016976294,-0.839315426,-0.970319717,-0.089395092,-2.320315598,0.782629826
2.551652041,-0.826422548,1.421574084,-1.220572781,1.601733797,1.835134343,1.433601595,0.025830519,-1.372859451,0.3514799
0.853100413,-1.047629773,0.716566945,-0.190192943,-0.455661319,0.633917705,-0.078449757,0.200260492,2.755217744,-0.305610614
0.368050795,0.24805197,0.2823789,-0.636234822,0.043415942,-0.526393447,0.287047415,1.239409212,0.311109991,-1.889649292
1.900886784,-1.619189621,1.05988453,-0.951490105,-0.040329968,2.328681176,0.821148116,-0.422575126,0.79784378,-1.859336772
-0.090856761,0.912165801,-0.373324632,-0.692550177,0.569420913,-2.386758256,-1.187996674,2.480532004,-0.714680677,0.521279905
2.104162964,-1.550913136,4.522626445,1.533432324,-1.303408416,-1.893128503,1.208538138,2.889333897,-0.158305478,-0.183853893
-1.00679795,-1.193473173,-1.235643976,0.138868927,-1.928244036,0.40437808,-2.116672981,-0.554966968,0.652306152,-1.63133511
-0.386900749,0.548229987,1.158102359,1.171584059,-0.449398003,-1.429699366,0.873896923,0.714848994,0.168015341,0.945211535
1.066383781,0.93571362,0.924464635,-0.935195306,1.283057342,0.514965727,2.499031714,0.551559975,1.678674673,-1.911640551
0.401076446,-1.317262644,1.453964211,0.993027574,-1.458677752,-0.477110349,-0.42147846,0.624167186,0.994447376,0.646006187
-0.42196688,-2.125609793,-0.717171206,0.030275683,-2.499435234,1.540215446,-1.775492059,-0.986605056,0.591442152,0.68022036
-0.160866734,1.196926018,-0.571410063,-0.867283331,0.81410983,-2.356249965,-1.013335672,2.444710885,0.654975584,0.810798646
-0.239347593,1.226466715,3.762554542,2.943470908,-0.778214517,-5.042594715,1.526396992,3.492793979,0.870746645,0.948813096
-0.10061858,0.356338356,2.828689297,1.697710887,-1.643728869,-2.675204834,1.68308137,2.436983405,-0.537645758,0.65540383
0.805697879,2.166093695,0.445477185,-1.250276697,2.4169273,-0.908909593,2.253914994,1.542244111,-0.202524227,-0.528297047
0.140645093,-1.45102423,-0.37267864,-0.325421351,-1.261329547,2.148709002,-0.266141691,-1.364889227,-0.35084943,-2.21834776
0.777141874,0.878132364,1.066056112,-0.819992154,0.508317072,1.28033942,3.478092921,-0.01992263,0.932434871,-0.415100289
0.524381024,-0.854861177,0.339245367,-0.51072903,-0.841800005,0.161683449,-0.424687634,0.838426271,0.322082311,-0.011092004
1.937654365,0.082803103,5.021371564,2.11027976,0.241451739,-3.21723791,2.459446979,3.215606934,0.850079332,0.417680752
2.946882723,-3.280942152,4.894416269,1.481635073,-1.946729709,2.675677357,3.140652862,-0.711645572,-0.423598582,-1.365617404
0.117810051,-0.590021492,0.741183399,0.3606011,-1.009749479,-0.55302102,-0.245846737,0.801826556,0.026204753,-0.303564325
1.991266274,-1.508242401,4.024531625,1.317956294,-1.074539973,0.223890224,2.486836796,0.863862099,0.05586394,-0.309649714
0.834174449,-0.842726403,0.406909405,-0.300319404,0.015930785,-0.560495528,-1.27698595,1.126060134,0.316358322,-0.885248686
1.026458035,-0.278171486,0.757345043,-0.729478304,0.200716217,0.946402268,1.220230545,0.249375562,1.855503315,0.224234745
0.110754322,-1.344249792,1.481093791,0.800357184,-2.397350608,-0.037359496,0.296135727,0.644531838,-0.079388424,-0.300465949
1.053941936,2.942342215,0.431124774,-1.941463374,3.15564247,-0.426108208,3.637425768,1.544938134,-0.580648303,-0.611385247
1.14223388,-0.757017487,3.065451677,1.388520135,-0.787172476,-1.252187521,1.213039599,1.512829642,0.084505146,0.79799455
0.579439455,1.656722934,0.251398206,-1.078465665,1.74028352,-1.178536242,1.26761626,1.728795626,-1.395789202,0.591349242
2.52498255,1.563079205,0.854659564,-2.143916147,4.081588424,0.339047077,2.370649045,1.224783565,1.07036516,1.271892422
-0.174568568,1.856831868,-1.273246188,-1.19793091,2.11971812,-2.364022851,-1.206470574,2.072078944,-0.762519239,1.036302892
1.177898009,0.876927005,0.99506462,-1.131985661,1.159926234,1.129659544,3.077757168,0.259778888,-2.391956204,0.844774376
0.508039749,1.244919833,0.166719158,-1.005020947,1.284036494,-0.879968913,0.964509568,1.488663402,-0.95091073,0.318521005
0.101382636,1.435479103,-0.749635395,-1.25761867,1.48751253,-2.69776198,-1.330243919,2.892757817,-0.975366027,1.303507932
1.133319843,-0.43009364,0.86607866,-0.527601372,0.338562601,0.239942653,0.433977452,0.73194149,-1.542803218,-0.16063112
-0.6582658,-0.83947561,-1.655685723,-0.587437433,-0.979300569,0.136648782,-2.515674168,-0.024269166,0.494705654,0.383435031
0.070836963,-1.20962688,-0.064674467,-0.403153289,-1.645147716,0.10515457,-1.170711594,0.800326427,0.149363482,0.364140296
-0.197240809,-0.668821965,0.550602769,0.752122992,-1.134709313,-0.895183164,-0.863369464,0.655021719,-1.38786855,0.763860352
-0.366820391,-0.712609065,-1.774695107,-1.13148607,-0.607080597,1.25518517,-1.566467107,-0.648009549,-1.046121085,0.473407416
0.771267402,-1.182041761,0.85249462,-0.35117939,-1.152781305,1.357861889,0.748556938,-0.059300031,-0.060403729,1.127780251
2.244640527,-2.199971403,3.277235603,0.470358906,-1.28136562,1.131396771,1.588052075,0.662560565,-0.248615854,0.626613637
0.170406555,0.273526489,0.201974903,-0.695532345,-0.333414003,-0.251345113,0.613264451,1.08865671,-0.022300284,-0.688885543
1.780357352,-0.585038224,0.78555612,-0.848288609,1.36449818,-0.392899559,-0.750226437,1.394027376,0.862223512,-1.416227056
-0.491773269,-1.210549858,0.927471224,1.524204455,-2.069095785,0.089184327,-0.192019536,-0.582478489,-1.394495069,1.053891552
1.209078257,-2.768523168,1.697247319,0.231114423,-2.497645282,1.963467509,0.197567239,-0.301584083,-0.580016333,-1.156415817
1.8554166,-0.31480297,1.323550483,-1.34478253,0.626677542,2.629809007,3.13363839,-0.470226853,0.671531172,1.528031359
0.341859633,-0.846121142,0.274936315,-0.35647489,-0.988511618,0.216834602,-0.400069091,0.628388898,0.276581506,0.008556081
2.087066802,1.139375979,0.6123962,-2.052566416,3.000851232,0.236920743,1.7560877,1.395862663,-0.856498237,0.097670377
0.250229322,-1.635586609,0.825856283,0.782178918,-1.583100568,0.410680922,-0.750822357,-0.219741423,-0.681380235,0.967826024
0.449033907,0.662496543,-0.888104862,-1.203699869,1.60052056,-2.557825283,-2.568148664,2.709156574,-2.075588009,-0.086069693
2.262037365,-2.089001321,5.165848012,2.322189898,-1.517783069,0.844569236,3.412713233,-0.002751224,0.227034479,-0.324068175
1.006631242,0.158030162,3.598991692,2.083169642,0.048917833,-3.461410889,0.902145504,2.793000519,0.157127919,0.176189823
2.370516164,2.169054137,1.161605624,-2.013748164,4.193353538,0.16345864,3.407874147,1.305767693,-0.091706024,-0.887769512
0.037498387,2.707503058,0.069048342,-1.164754206,1.899312243,-1.515461596,2.317005584,1.872376429,-0.524567014,1.352202679
-0.005407326,1.943793939,0.524785087,-0.673992822,0.852591688,-0.656886696,2.704852438,1.1316007,-0.164335206,0.212093353
0.728907127,-0.347624654,1.074133227,-0.047558786,-0.233460287,-1.247180833,-0.341162047,1.823159738,-0.487705373,1.074333005
1.435607664,-0.680502236,1.382932156,-0.672977404,-0.09285556,2.233687588,2.485244077,-0.564549263,1.284095794,-2.426392071
-0.29808348,0.583522198,-0.055720721,-0.411392787,-0.381353151,-1.087539343,0.071606352,1.407926701,-1.199697528,-2.316143863
1.806085533,-3.832074114,2.670370206,0.853937766,-2.973169673,3.312503616,0.893966228,-1.46136941,0.951306244,0.526897924
1.156389303,3.10277975,0.249401022,-2.202375892,3.525883933,-0.428796775,3.580295503,1.623816514,-1.415267192,0.218534042
1.477737988,1.398042112,1.024259605,-0.882553225,2.679555566,-1.106510545,1.419008295,1.668452102,-0.478758572,0.359475798
0.824532158,1.04828202,0.211055629,-0.680602936,2.060293844,-2.203744626,-0.724708817,2.243092547,-1.500221861,-0.778837043
0.008475224,-0.968367734,-0.19101,0.047073501,-0.819422571,1.077408265,-0.458469908,-0.832072162,1.021515393,0.918914855
1.861289939,-1.189618127,5.029230157,2.200834333,-1.335147735,-1.178353921,2.840822584,1.760683952,-2.017338798,-2.832325925
1.494443175,0.308745305,0.753732256,-1.079079711,1.567670428,0.091207609,0.927371034,1.017152045,-0.88075409,1.798725018
0.44442865,2.353278977,0.192443508,-1.28591903,2.107737739,-1.219234931,2.110974639,1.78370046,-0.892787515,0.513614464
1.232408063,2.623393227,1.080649711,-1.517309323,2.815899341,0.722825259,4.908835015,0.491189589,-1.435909524,-1.315815816
0.422238317,2.262567237,0.377995256,-0.878864378,2.156203243,-1.726353943,1.677192959,1.922512554,-0.371857882,-0.728461622
-0.624645151,1.952347951,-0.428289096,-0.705714429,0.656394854,-2.023577694,0.597084037,1.986843456,0.007178467,-2.086477658
1.047086319,-0.09683198,0.597339945,-0.937931634,0.433315503,0.293022308,0.705079838,0.910379142,-0.059826144,0.493560204
1.609652799,0.628458332,1.25623795,-1.232149729,1.393953144,1.476137259,3.210591415,0.153323915,0.388375729,-0.094824231
-0.205804577,0.260025168,-0.298423548,-0.092387628,0.102674825,-2.622336356,-2.194032786,2.299192103,-0.916320919,-0.836920704
-0.328541168,0.637771371,0.688083867,0.575716167,-0.27581332,-2.894174344,-0.739451179,2.389559928,-0.653898388,0.02731338
0.959454327,-1.129006606,0.160723704,-0.7781542,-0.243356468,0.287867572,-1.101378451,0.809693899,1.065171966,1.452616745
0.841284746,-0.671555621,0.120542634,-0.964211313,-0.12317914,0.238930816,-0.519487939,0.943673861,0.018016872,0.472630346
-0.679626828,2.141551978,-1.638012849,-1.15118329,1.819453471,-4.518965968,-2.910140449,3.852395132,-1.217282692,0.159462507
1.562937594,-0.374584263,3.155640533,0.753475108,-0.201557179,-0.927476254,2.029811233,1.73703915,-0.665422298,0.721903485
1.348886323,-0.484628774,0.532477223,-1.265125127,0.384501543,1.094163052,0.791375947,0.538049226,-0.84635972,-0.584907653
1.586119372,-1.131882645,3.444801896,1.161508917,-0.967008832,-0.311457469,1.951202186,1.157890536,-1.157116619,-1.333128355
2.446847951,0.593243817,1.300862266,-1.594729233,2.783828828,0.873362124,2.243406915,0.797735494,-0.079067342,-0.57912411
2.38744772,-1.899609098,4.241066344,1.156603992,-1.100260854,0.687170561,2.555223604,0.76622677,-0.221042464,0.069369803
1.679744593,-0.043931681,2.938518699,0.583200469,0.545824183,-1.518449983,1.54472011,2.140262754,-0.49496548,-0.497572498
0.77629537,0.646154487,3.567520054,1.802963168,-0.168260487,-3.712914634,1.496684755,3.285536478,-1.055089368,0.126267736
0.757849957,0.36466891,0.957965177,-1.077570345,-0.282884276,2.305273985,3.773650201,-0.510514437,-1.542801515,-0.63275503
0.786554675,-1.242426001,3.286445101,2.077921685,-1.68643007,-0.74224562,1.393447969,0.703711813,-0.868260962,0.097813293
-0.527335111,1.136361609,-0.700311393,-0.586654243,0.392555413,-2.350187819,-1.122209314,2.186940106,0.408052847,0.550797572
-0.5298848,-0.110774567,0.093355058,0.130266143,-1.324087416,-1.071157468,-0.528073234,1.203500414,0.933128072,-0.222720701
0.11610256,0.21152116,2.853133433,2.229247813,-0.752779817,-1.928959475,1.752131655,1.036049623,-0.994428522,0.24954819
-0.183839493,0.064837311,-0.971638784,-0.636192753,0.212540781,-0.925073374,-1.739874702,0.96567614,0.262066809,-1.949561718
1.027837764,-0.992653186,1.037044658,-0.362915687,-0.604007289,0.923263681,0.669049922,0.298469521,-0.416625306,-0.063123013
0.473884357,-0.637393529,0.220771447,-0.376933742,-0.399875295,-0.564563289,-1.016794138,1.183397597,1.897767017,-0.947892717
0.191604797,-0.873348454,0.006781314,-0.454592991,-1.122589351,0.004383076,-0.852555629,0.824118796,2.01527511,1.290644461
3.006458932,-1.581055569,6.760239471,2.040479628,-1.650898551,-1.259512161,4.17906785,2.980449286,1.378469627,0.115824587
0.468848561,0.572285291,1.67648008,0.665234439,0.26736101,-2.333656069,0.503688138,2.162204758,-0.150116951,-1.264006168
-0.232924634,1.641487773,0.783943558,0.617792023,1.047370837,-3.933304947,-0.485879892,2.930925025,0.487305237,1.071929865
-1.391015493,0.146798901,-2.181757029,-0.690712249,-0.895715102,0.081932778,-1.664295776,-0.268746534,0.404212865,0.715872745
1.243928462,0.075305667,0.534020386,-1.069828524,1.021491866,0.329024504,0.734212636,0.8298804,3.152056735,-1.123494033
1.591658235,0.364626469,0.690569726,-1.282222124,1.712842058,0.304568937,1.09788852,0.960043278,0.568103205,-1.049655499
0.335383752,2.522458459,-1.091750652,-2.156675831,2.755726219,-2.751427707,-0.453248664,3.283163296,-0.678643061,-0.318237528
1.196021129,1.421069651,0.31207937,-1.344730218,2.491605755,-0.370726127,1.434213302,1.153574259,-1.388542554,-1.600271105
1.706497087,-0.050776886,3.742695316,1.292226398,0.330942945,-2.093112272,1.903760787,2.386290462,1.663732832,0.305243127
2.544976523,-0.327191743,4.200857132,1.069787196,1.059616438,-1.841091048,1.966087455,2.48405903,0.564842359,1.635797806
-0.668396349,-0.050723693,0.198740234,0.577330864,-1.208128005,-1.360569066,-0.664347095,1.027881928,0.276600766,1.195480651
-0.096266205,2.366965384,-0.171136525,-1.001301428,1.683758306,-1.914372041,1.262774866,2.040098612,-0.589892318,0.698688814
1.421873088,1.074528365,0.844946914,-1.389865681,1.849673915,0.333482343,2.320347846,1.004083802,1.435087399,-0.347302289
0.949747793,0.412976739,0.398546304,-1.135996995,0.861171862,0.555213482,1.353074633,0.617331421,-0.15032046,-0.326696213
0.991603547,0.300462766,4.104719582,1.927496533,-0.646780406,-2.810965829,2.480032091,2.745424078,0.154493666,-0.33655259
2.248950426,-3.129267372,3.524408903,1.257263565,-1.805720817,2.655774043,1.851477978,-1.194299278,0.941181866,0.191897736
0.794880585,0.606869536,2.350533963,0.636451211,0.136068362,-2.010297265,1.607822886,2.255649654,0.881146721,0.001325689
0.702701975,-0.801293424,1.689982935,0.968962905,-0.49182104,-0.142513982,0.555735751,0.181291924,-0.534756671,0.294971456
0.410655112,-0.882134567,3.104214638,2.083816612,-1.862627674,-0.434847515,2.062396567,0.31984547,0.718417423,-0.157746983
0.059822031,2.066048534,-0.02920722,-1.017893967,1.476295178,-1.814617263,1.123688224,2.119213357,1.075343402,0.210668465
0.74711201,0.086085403,3.373200836,1.634619198,-0.827688264,-3.004075452,1.302585456,2.926624591,-0.459656772,-1.079842448
-0.380625936,-0.297923592,0.720506298,0.960863002,-1.101630309,-1.147437163,-0.374054654,0.703413749,-0.655687719,-0.235711245
1.088142912,0.158820438,0.239718112,-1.194982643,1.009620157,0.005350828,0.285138088,1.101835663,0.321678541,0.168059806
1.065641132,-0.03167882,1.086804097,-0.508876389,0.393583067,0.527245871,1.494335097,0.497889043,0.012828644,0.479827035
1.246256221,0.550008157,4.348784153,1.690545206,-0.354722906,-2.648001836,3.181921174,2.866068776,-1.781158414,-2.230468019
2.861121363,-0.473155199,2.181468014,-1.665044583,1.257590942,4.382209281,5.130594618,-1.442594539,-0.370582762,-1.348047112
0.084111453,1.505000995,3.036287303,1.812440727,-0.022390324,-4.831532853,1.207911231,3.900667931,0.32434021,-0.532725498
0.379315345,2.5281835,-0.227883298,-1.611522828,2.348567778,-1.845081665,1.339847814,2.409463366,-0.731631739,1.890440685
1.09560296,-3.289431523,0.340627344,-0.036275289,-1.882028737,3.196233793,-1.181593887,-1.906464473,-0.806376929,0.07569494
1.877220253,-0.721358513,1.322689789,-0.656487203,0.947631513,1.087543991,1.011820356,0.214229034,0.429340823,0.379639648
1.198654308,-1.699716378,0.162620456,-0.796071064,-0.403538659,0.143176519,-2.022062692,1.067302901,0.516946516,-0.221513263
-0.069714102,0.113742829,-0.237081029,-0.953884371,-0.777058326,0.267974281,0.529726766,0.777677957,-0.11081256,-0.388243054
0.939692705,-0.457661134,1.9758669,0.475109533,-0.465998014,0.437589864,1.924045009,0.252239966,0.496400118,2.075065039
-0.050897595,1.371636173,-0.0477433,-0.592502384,0.893564121,-2.258522565,-0.163035549,2.293617987,-0.349439327,-0.772568749
0.772886964,1.31083087,0.62221034,-1.485029615,0.852728563,1.361816354,3.675846855,0.240026872,-0.488273842,0.633326826
1.776699056,-0.660668626,6.104310238,3.127881895,-1.278663915,-1.974986279,3.986596605,1.994895296,0.839663864,-1.35751754
0.834008187,-1.168694656,1.142633745,-0.380626174,-1.399158528,2.204585996,1.894268874,-0.60859513,-0.779092739,0.203235955
0.927422996,-0.138830019,-0.001448192,-0.965291384,0.851629462,-1.128834235,-1.361190406,1.85773519,-0.457633249,0.18568858
1.989192346,-0.13041889,4.318557872,1.155882736,-0.014855044,-0.663309802,3.762806835,1.587645666,-0.195698531,1.06008974
0.994248558,-1.084426841,1.772484864,0.7538904,-0.514529355,-0.046255565,0.334358088,0.395278117,-0.051522929,0.503090369
-0.576325216,3.460128445,3.163688036,1.958874632,0.777141155,-7.206837397,1.957887799,5.57690388,-0.525630934,0.032407013
0.950582771,0.10591902,1.164667071,-0.498279116,0.209754294,0.91795372,2.182119297,0.191139156,-0.484173951,-0.96624632
1.650087267,-0.534866202,1.183756359,-0.719117086,0.769547819,1.448833216,1.520853321,-0.105275861,-1.843793583,-0.890317848
-0.674621596,-0.936462467,-0.905146278,-0.335203327,-1.834025263,0.187332169,-1.537181998,0.244954056,0.843105332,1.162838578
0.882580499,0.345519117,4.492709965,2.717865876,-0.475228644,-3.774829957,1.990538049,2.96539929,-2.099356264,0.683223015
2.704431038,-0.660836533,5.23975788,1.538464483,0.195460835,-0.93495358,3.607704069,1.919607272,1.181567716,2.343654053
-0.107820518,-1.652713388,-0.111258969,0.200032577,-1.825752132,1.693043668,-0.538671226,-1.207685705,0.523223186,-1.22032069
1.12986305,-1.281415443,0.066764398,-0.705295684,0.153503152,-1.02693058,-2.702268741,1.825166383,0.086110868,-0.746923285
1.014839634,2.395717315,-0.012514225,-1.881730389,3.057951649,-1.081641969,1.805671337,1.952775436,0.14304877,0.849611989
0.985280268,-1.96040232,3.765754354,2.153931911,-2.627902851,-0.174378557,1.63870372,0.639890612,-1.070191563,1.719040613
1.289815626,-1.18489088,3.323907067,1.251056158,-1.450756829,-0.896395993,1.402248915,1.656416227,0.923508616,-1.050623322
0.840028589,-1.554295906,3.428459518,2.095414257,-2.093136687,0.211842393,2.033354479,0.009138702,-1.0921212,0.135338348
1.056151157,-0.405984633,5.306123108,2.773696775,-1.961990154,-1.978939789,3.788190746,2.086799086,-1.19452294,0.285803287
-0.024501252,1.158250269,0.176656075,-0.769490109,0.231702569,0.122244257,2.043924947,0.575506092,0.526536684,-0.477410706
1.38408139,1.794421453,0.62870343,-1.979257866,2.254199458,1.203931663,3.838349325,0.52670379,-0.984993126,0.19868001
0.248793778,-1.798176399,0.362496162,0.156512257,-1.875128299,0.155854253,-1.535966628,0.512920264,-0.200352578,0.231842092
0.763551317,2.006460927,0.323151079,-1.202610743,2.339460967,-1.429591442,1.459543359,1.946923701,-1.978225249,0.046934902
-1.00475965,1.430418644,0.402241088,0.559690008,-0.521698154,-3.878648245,-0.607577984,3.125223178,-0.984654785,-0.792523447
1.751394519,-1.988804598,2.210456574,0.153829358,-1.097464316,1.873072333,1.360676778,-0.290052872,-2.624817056,2.549009709
-0.168559538,-0.893625016,0.642803723,0.689262072,-1.526331536,-0.672935935,-0.766738195,0.676245753,-1.307369782,-1.597872134
1.527946668,-1.805076806,0.829626525,-0.575981138,-0.400828756,0.978235631,-0.775573195,0.418394521,-0.782003493,-0.759703117
2.033670282,-1.250955286,3.387964161,0.579427367,-0.672503449,-0.660676136,1.377070319,1.99899281,1.146027575,-2.837506441
1.561338816,0.804005973,0.338413794,-1.570738094,2.298265286,-0.468450684,0.54628777,1.607688947,0.494063919,-2.854626663
0.574897185,-0.496806305,-0.222281042,-1.16066271,-0.290817714,0.209292007,-0.569518431,1.018496846,1.090861671,-0.462939512
1.365438332,-0.25392803,0.48945463,-1.046364909,0.987648286,0.078782991,-0.013057418,1.060997302,-1.563034307,-1.179459665
-0.113897523,1.505754098,0.527692959,-0.174506912,0.625651147,-2.00157331,0.923733812,1.956777909,-0.985803809,-0.284155098
-0.185288606,-1.338933907,-0.14373237,0.239071561,-1.550622281,0.847841832,-0.924907107,-0.587745224,-0.125174428,0.846882104
0.504767411,-0.311654343,0.82751606,-0.020225503,-0.329085339,0.342638397,0.834328243,0.22965219,-0.243061199,0.002287936
2.147440739,-2.090193242,5.633968776,2.387811502,-2.33036787,-0.094620461,3.393014937,1.205708666,-0.856169841,0.035566074
1.87131601,-2.589608851,4.038846728,1.924361681,-1.962847518,1.374104402,2.100889215,-0.479988904,1.604339108,-0.285094257
0.749301119,0.654184694,0.233436578,-1.104709575,0.93495061,-0.3676437,0.720464459,1.304136837,0.460271625,0.19484234
0.218286289,0.447024195,2.761020822,2.212388338,-0.157077108,-3.743831513,0.249908702,2.512304098,-0.566394591,0.831616786
2.207513228,-2.321010399,5.518210861,2.010941901,-2.729428718,0.799981795,3.869542748,0.832111374,-0.739028658,0.652330338
1.409007734,-3.46710731,1.856069991,0.73520835,-2.505311762,3.299855571,0.402901753,-1.881558391,1.080056059,0.942788514
1.746180231,-2.772472641,2.907520502,1.167324656,-1.823091658,1.837464734,1.041205697,-0.697390292,0.670911248,0.60379052
