너비,높이,무게,각도,종류
0.214709631,0.350965952,0.837663989,0.412561144,차량용
0.230979567,0.557146254,0.237306691,0.036657532,휴대용
0.682845958,0.420799657,0.728480906,0.308244267,탁상용
0.433022218,0.353398705,0.64911938,0.642166005,차량용
0.398741396,0.592750216,0.761941809,0.547644738,차량용
0.628555332,0.478423092,0.287269368,0.007884549,휴대용
0.37330854,0.466038955,0.795883936,0.514398722,차량용
0.419349702,0.699514594,0.583566427,0.301158744,탁상용
0.212962515,0.333858689,0.707374057,0.460533141,차량용
0.437354234,0.51182008,0.6325479,0.38010482,차량용
0.646485973,0.737203368,0.838982173,0.287027196,탁상용
0.351722509,0.69265744,0.195581684,0.290427623,휴대용
0.386070242,0.799488588,0.061904574,0.233221486,휴대용
0.472568815,0.793601876,0.292371378,0.10609195,휴대용
0.153731874,0.678036711,0.243966781,0.083913407,휴대용
0.541330937,0.600063048,0.81743204,0.48991089,차량용
0.331311036,0.504798453,0.701615622,0.705115407,탁상용
0.556198936,0.526062898,0.587507534,0.458432302,차량용
0.340015802,0.284230242,0.752731261,0.227765493,차량용
0.499265493,0.136216498,0.75017644,0.672293616,탁상용
0.346429718,0.349471878,0.136047902,0.36424891,휴대용
0.651899285,0.496566347,0.747337866,0.589520377,탁상용
0.098978759,0.50576428,0.072281341,0,휴대용
0.65059931,0.87672979,0.798501415,0.202816806,탁상용
0.111037987,0.227285362,0.456694383,0.580453539,탁상용
0.57366968,0.576838816,0.695640223,0.473293387,탁상용
0.388004534,0.283979967,0.799262259,0.647008227,탁상용
0.501975622,0.42848094,0.894027756,0.573134064,탁상용
0.200005663,0.474124869,0.175638626,0.116936257,휴대용
0.113942696,0.560406971,0.030808908,0.106228293,휴대용
0.444013154,0.637524169,0.2889876,0.101949305,휴대용
0.246775461,0.694880304,0.21519263,0.015461838,휴대용
0.582176884,0.042415765,0.761788064,0.427223354,차량용
0.245095069,0.5592675,0.187439591,0,휴대용
0.271801366,0.499878016,0.093853031,0.185954663,휴대용
0.588121166,0.255363732,0.836089002,0.459381882,탁상용
0.626077051,0.46743667,0.647005528,0.289559811,차량용
0.338852767,0.501894209,0.156094457,0.153199995,휴대용
0.305267969,0.619962355,0.175845438,0.064134747,휴대용
0.290932936,0.832135049,0.017321656,0,휴대용
0.131288294,0.55508396,0.854607657,0.50081529,탁상용
0.607264835,0.128444061,0.601137198,0.541632182,차량용
0.165884846,0.537998969,0.686582436,0.583065823,차량용
0.192531864,0.558665128,0.208525102,0.025189403,휴대용
0.295332071,0.439266663,0.017225609,0.111542544,휴대용
0.418861513,0.38549876,0.619749158,0.413183744,차량용
0.512781473,0.571129594,0.636220062,0.641976304,탁상용
0.357297616,0.227678378,0.610623295,0.362118613,탁상용
0.566391924,0.617492769,0.461071805,0.240565304,차량용
0.718650185,0.31992325,0.612651982,0.409007479,탁상용
0.423955354,0.55348278,0.645096431,0.151511429,차량용
0.659708431,0.246790998,0.702859964,0.542908115,탁상용
0.341128076,0.658713527,0.705145977,0.69206025,차량용
0.415176931,0.518982332,0.092436717,0.053830264,휴대용
0.379005685,0.051565199,0.659951962,0.55080783,탁상용
0.540370679,0.277353418,0.751112114,0.42635173,차량용
0.2371043,0.578380532,0.271967555,0.231088557,휴대용
0.366625595,0.634704898,0.122655232,0.062707606,휴대용
0.112912526,0.396364972,0.299579326,0.183741065,탁상용
0.507838784,0.232663952,0.695084998,0.463504759,차량용
0.726634668,0.546459838,0.918518914,0.461841966,탁상용
0.351908522,0.25671501,0.287545532,0.216812111,휴대용
0.28066872,0.520829899,0.255170616,0.105158462,휴대용
0.231205059,0.910154534,0.033794421,0,휴대용
0.340644999,0.460241219,0.57974988,0.530883414,차량용
0.235581494,0.465485266,0.054110262,0,휴대용
0.398985393,0.341904333,0.685359101,0.385730893,차량용
0.544348525,0.574327557,0.59915397,0.419540045,탁상용
0.42381458,0.68655307,0.040309489,0,휴대용
0.287840791,0.705152821,0.584312474,0.422260307,차량용
0.752683384,0.655508978,0.595508592,0.290302397,탁상용
0.149524801,0.564236595,0.089709795,0.337875097,휴대용
0.352262764,0.739145029,0.860118697,0.661868309,탁상용
0.490174649,0.505300041,1,0.26237846,탁상용
0.599833752,0.072670417,0.767206641,0.506519006,차량용
0.683621008,0.699017996,0.769962597,0.331079388,차량용
0.387349935,0.430475586,0.859102675,0.460474943,탁상용
0.538310143,0.490199761,0.81681153,0.401048675,차량용
0.408260196,1,0.209839787,0,휴대용
0.633066553,0.556411436,0.594248738,0.625400549,차량용
0.323281037,0.264332038,0.740692252,1,탁상용
0.145832614,0.541912996,0.212861732,0.058112938,휴대용
0.043965475,0.618475205,0.264496543,0.189502362,휴대용
0.415840369,0.257973727,0.722178484,0.379291532,차량용
0.439476696,0.243642499,0.617825137,0.374064999,차량용
0.328888985,0.515998322,0.13332256,0.122583282,휴대용
0.56669785,0.342146991,0.767776231,0.758011545,탁상용
0.306057899,0.548037512,0.231820323,0.247423155,휴대용
0.162527387,0.384269693,0.18538605,0.02201732,휴대용
0.881361614,0.544201638,0.695634359,0.543178705,차량용
0.781390168,0.438599587,0.580759901,0.577969331,차량용
0.874849977,0.366265763,0.578115166,0.575005353,탁상용
0.410578466,0.12297304,0.613813994,0.423648018,휴대용
0.833920326,0.390189499,0.635549114,0.422827547,탁상용
0.560203295,0.420707054,0.828405052,0.623547664,탁상용
0.619109213,0.274374833,0.628528544,0.443183412,차량용
0.12338277,0.527186024,0.23237064,0.074506574,휴대용
0,0.386763302,0.448512802,0,휴대용
0.521854478,0.563085598,0.842812482,0.535360312,탁상용
0.726580287,0.587335096,0.55816538,0.176090596,탁상용
0.577695057,0.779075453,0.188832045,0.140732685,차량용
0.391576408,0.915675063,0.100632793,0.340555431,휴대용
0.057055444,0.487534066,0.251323688,0.017540882,휴대용
0.540333871,0.813665876,0.650271587,0.638607619,차량용
0.800242234,0.395523654,0.570825545,0.338534776,탁상용
0.434417688,0.50415938,0.241644626,0.220547219,휴대용
0.224493792,0.493894122,0.824419211,0.474434181,탁상용
0.216151354,0.34830094,0.916746578,0.410022053,탁상용
0.440811974,0.366109315,0.153284134,0.103466446,휴대용
0.521298029,0.260596182,0.794700274,0.520048941,차량용
0.455047423,0.118333385,0.672933967,0.539115381,차량용
0.357613733,0.453849094,0.555729827,0.360026269,탁상용
0.648344828,0.307582746,0.588890803,0.560963455,차량용
0.469508882,0.350988004,0.83063234,0.685578985,탁상용
0.059799279,0.612249334,0,0.048656782,휴대용
0.577043191,0.677882555,0.729317888,0.287350285,차량용
0.589208034,0.332243671,0.855844277,0.604833788,차량용
0.307265682,0.414377512,0.624631522,0.422291808,탁상용
0.653005329,0.301782022,0.780346426,0.383151961,차량용
1,0.404677841,0.685642119,0.538880129,차량용
0.533297641,0.391371627,0.588182302,0.616511311,차량용
0.441202474,0.738304326,0.323140037,0.152484429,휴대용
0.554293416,0.593029038,0.762149295,0.40089733,휴대용
0.330896335,0.353416041,0.614613719,0.311921889,차량용
0.327689638,0.576972485,0.213476583,0.194383134,휴대용
0.424739706,0.539195434,0.705539928,0.584715973,차량용
0.614894343,0.326020383,0.674283285,0.663710104,탁상용
0.632782455,0.664211958,0.746490889,0.532097146,탁상용
0.310334943,0.737095978,0.052223871,0.092777289,휴대용
0.538476845,0.232715856,0.649928835,0.29739674,차량용
0.336989152,0.802265402,0.449757767,0.476270078,탁상용
0.171180679,0.721622373,0.577252876,0.539007621,탁상용
0.078929708,0.672000974,0.192749403,0.118335609,휴대용
0.448285668,0.515416465,0.922528467,0.517073264,탁상용
0.222517048,0.367575799,0.123929085,0.161736506,휴대용
0.60137953,0.711833801,0.679125254,0.723728744,차량용
0.334245195,0.685833276,0.792186371,0.559866999,탁상용
0.423363067,0.63125477,0.762004496,0.39929217,차량용
0.51184634,0.42344049,0.691564387,0.469687893,차량용
0.777541365,0.547912777,0.754828278,0.364557673,차량용
0.467720393,0.365871093,0.698533908,0.495309725,차량용
0.302366838,0.196145638,0.560987164,0.807300792,차량용
0.682673225,0,0.763903044,0.747299049,탁상용
0.241832399,0.132987744,0.744877792,0.682751013,탁상용
0.419922463,0.704188251,0.295962547,0.035798833,휴대용
0.059097642,0.333782277,0.696812619,0.598357127,차량용
0.249335931,0.318730514,0.71910991,0.36405406,탁상용
0.273436095,0.819123167,0.157549673,0.127241155,휴대용
0.462851794,0.179136067,0.688453745,0.284649399,차량용
0.4660644,0.211112726,0.582494514,0.588387004,탁상용
0.554293416,0.593029038,0.762149295,0.40089733,휴대용
0.330896335,0.353416041,0.614613719,0.311921889,차량용
0.327689638,0.576972485,0.213476583,0.194383134,휴대용
0.424739706,0.539195434,0.705539928,0.584715973,차량용
0.614894343,0.326020383,0.674283285,0.663710104,탁상용
0.632782455,0.664211958,0.746490889,0.532097146,탁상용
0.310334943,0.737095978,0.052223871,0.092777289,휴대용
0.538476845,0.232715856,0.649928835,0.29739674,차량용
0.336989152,0.802265402,0.449757767,0.476270078,탁상용
0.171180679,0.721622373,0.577252876,0.539007621,탁상용
0.078929708,0.672000974,0.192749403,0.118335609,휴대용
0.448285668,0.515416465,0.922528467,0.517073264,탁상용
0.222517048,0.367575799,0.123929085,0.161736506,휴대용
0.60137953,0.711833801,0.679125254,0.723728744,차량용
0.334245195,0.685833276,0.792186371,0.559866999,탁상용
0.423363067,0.63125477,0.762004496,0.39929217,차량용
0.51184634,0.42344049,0.691564387,0.469687893,차량용
