성별,참여의사,지역,등급,구매횟수,외관1,외관2,외관3,편의성1,편의성2,편의성3,유용성1,유용성2,유용성3,구매의도1,구매의도2,구매의도3,구전의도1,구전의도2,구전의도3
1,2,1,6,3,3,2,3,4,4,4,4,4,4,3,3,3,3,3,3
1,2,1,3,5,1,1,1,5,5,5,5,3,3,5,5,5,3,3,3
1,2,1,1,4,3,3,3,5,5,4,4,4,4,5,3,4,3,3,3
1,2,1,3,2,1,1,1,5,5,5,4,4,4,3,3,3,4,4,4
1,1,1,2,2,3,3,3,5,5,5,4,4,4,5,5,5,3,3,3
1,2,1,2,2,3,3,3,3,3,3,5,4,4,5,5,5,3,3,4
2,1,1,1,4,3,3,3,3,3,3,5,5,4,3,3,3,3,2,3
2,1,1,5,1,5,5,5,5,5,5,5,4,4,3,3,2,3,2,3
2,3,1,4,4,1,1,1,5,5,5,5,3,3,5,5,5,3,3,3
2,1,1,2,5,3,3,3,5,5,5,4,4,4,5,3,4,3,3,3
2,1,1,5,2,1,1,1,3,3,3,4,4,4,3,3,3,4,4,4
2,1,1,4,3,2,2,2,3,3,3,3,4,4,3,4,3,3,3,3
2,2,1,4,5,3,3,3,4,5,4,4,4,4,3,3,3,3,3,3
1,2,1,1,4,3,3,3,5,5,4,4,4,4,3,3,3,3,3,3
1,2,1,2,2,3,1,1,3,3,3,4,4,4,3,2,3,3,3,3
2,2,1,1,5,3,3,3,3,3,3,3,3,3,3,3,3,3,3,3
2,1,1,3,1,3,3,3,5,5,5,3,3,3,4,3,3,3,3,3
2,2,1,5,2,3,3,3,1,1,1,4,4,3,3,4,3,3,3,2
2,1,1,4,4,2,3,3,3,4,4,4,4,4,3,3,4,4,4,3
1,1,1,1,1,3,3,3,3,3,3,3,3,3,3,3,4,3,2,3
1,3,1,5,5,3,3,3,4,4,4,4,4,4,5,5,5,3,3,3
1,3,1,4,1,4,3,3,3,4,4,4,4,5,3,4,4,3,4,4
1,3,1,1,2,3,3,3,4,2,2,4,4,4,5,4,5,4,3,3
1,3,1,4,5,3,3,3,4,4,4,4,4,4,5,4,4,3,3,3
2,3,1,1,4,3,2,3,5,5,4,4,4,4,5,3,3,3,3,3
2,3,1,3,3,3,3,3,3,4,3,4,4,4,3,3,3,4,4,3
2,3,1,1,4,3,3,3,4,1,2,3,4,4,3,3,3,3,3,3
2,3,1,3,3,2,2,3,5,5,5,3,3,3,3,3,3,3,3,3
1,1,1,3,1,3,3,3,3,3,3,4,4,4,3,3,3,4,4,4
1,1,1,2,3,3,3,3,3,3,3,4,4,4,4,3,3,3,4,3
1,2,1,3,2,3,3,2,3,3,3,4,4,4,3,3,3,3,3,3
1,2,1,2,3,4,5,5,5,4,4,4,4,4,5,4,4,5,4,5
2,2,1,4,3,3,3,3,4,4,3,4,4,4,3,3,3,3,3,3
2,2,1,4,5,3,3,3,3,4,4,4,4,4,3,3,3,3,3,3
2,2,1,5,5,3,3,3,5,5,4,4,4,3,3,3,3,3,3,3
2,1,1,1,4,3,3,3,1,1,1,3,3,3,3,3,3,3,3,3
2,1,1,3,5,3,3,3,3,3,3,4,3,3,3,3,3,3,3,3
2,1,1,4,5,5,4,5,5,5,4,4,4,4,4,3,3,3,3,3
2,1,1,3,2,4,4,4,5,5,4,3,4,4,4,4,4,4,4,3
1,1,1,5,1,2,2,3,3,3,3,3,3,4,3,3,3,3,3,3
1,1,1,2,1,5,4,5,5,5,5,5,5,5,5,5,5,5,5,4
1,2,1,1,4,3,3,3,4,4,4,4,3,4,3,3,3,3,3,3
1,2,1,3,3,3,3,3,3,3,3,5,5,5,4,4,4,4,3,4
1,3,1,3,2,3,3,3,5,5,5,4,4,4,3,3,3,4,4,5
2,3,1,4,1,3,3,3,5,4,4,4,4,4,3,3,3,4,4,4
2,2,1,1,1,3,2,2,3,3,2,4,3,4,3,3,3,5,5,5
2,1,1,1,2,3,3,3,3,3,3,4,3,3,3,3,3,3,3,3
2,1,1,4,2,3,3,3,2,2,2,3,4,4,3,3,3,3,3,3
2,3,1,4,1,3,3,2,3,3,3,3,3,3,3,3,3,1,1,3
2,3,1,3,5,2,2,2,5,5,5,4,4,3,3,2,3,3,3,3
2,3,1,2,2,3,3,3,3,3,3,3,4,4,3,3,3,3,3,3
1,3,1,4,1,3,2,2,3,3,3,4,3,4,3,3,3,5,5,5
1,3,1,3,3,3,3,3,3,3,3,4,3,3,3,3,3,3,3,3
2,3,1,3,1,3,3,3,5,5,5,5,4,4,5,5,5,3,3,4
2,3,1,1,3,3,3,3,3,4,4,4,4,3,3,3,3,3,3,3
2,1,1,5,4,3,3,3,1,1,1,4,4,4,3,3,3,3,3,3
2,1,1,4,3,3,3,3,1,1,1,4,4,3,4,3,3,4,3,3
1,2,1,3,1,4,3,4,3,3,3,4,4,4,4,4,5,4,4,4
1,2,1,5,2,3,3,3,3,3,3,4,4,3,3,3,3,3,3,3
1,2,1,1,4,3,3,3,4,4,4,4,3,3,3,3,3,3,3,3
1,2,1,5,3,1,1,1,1,1,1,4,4,3,2,1,1,3,1,1
1,2,1,4,2,3,3,3,3,3,3,5,5,5,4,4,4,4,3,4
2,2,1,3,1,1,1,1,4,4,4,4,4,4,5,3,3,3,2,3
2,2,1,1,1,5,4,5,3,3,3,5,5,5,5,5,5,5,5,5
2,2,1,2,3,5,5,5,3,3,3,4,3,4,3,3,3,4,4,4
2,2,1,4,3,3,4,3,3,3,4,4,3,4,5,4,5,4,5,4
1,2,1,5,1,4,3,3,3,2,2,3,5,3,3,5,4,4,3,3
1,2,1,3,5,3,4,4,2,3,3,4,3,4,4,3,4,4,4,4
1,2,1,4,5,5,3,3,3,3,3,4,3,4,5,4,4,4,4,3
1,1,1,2,1,5,5,4,5,5,5,4,3,4,4,5,5,3,3,3
2,1,1,5,2,1,1,1,5,3,4,4,4,3,3,4,4,5,5,5
2,1,1,5,1,2,3,3,5,5,5,5,5,5,4,3,4,3,3,3
2,3,1,3,5,2,2,3,5,5,4,4,4,3,3,3,3,3,3,3
2,3,1,5,5,3,3,3,3,3,3,4,4,4,3,3,3,3,3,3
2,3,1,5,1,3,3,3,3,3,3,4,4,4,3,3,3,3,3,3
2,3,1,3,3,3,3,3,3,3,3,4,4,4,4,3,3,3,3,3
2,1,1,1,4,4,3,3,2,3,3,5,5,4,3,4,4,4,4,3
1,1,1,1,1,2,2,3,3,2,2,4,4,4,4,5,5,4,4,4
1,2,1,3,1,3,3,3,4,4,4,4,4,4,5,3,4,3,3,3
1,1,1,1,3,3,3,2,3,3,3,4,4,4,3,3,3,3,3,3
1,1,1,5,5,3,1,3,3,2,2,4,4,4,3,3,2,3,3,3
1,3,1,2,2,3,3,3,3,3,4,5,5,4,3,3,3,3,2,2
2,3,1,3,5,2,2,3,4,4,4,4,4,4,3,3,3,3,3,2
2,3,1,5,5,2,2,3,2,2,2,4,4,4,3,3,3,3,3,2
2,3,1,5,1,3,3,3,4,4,4,4,4,4,3,3,3,3,3,3
2,3,1,2,2,1,2,2,4,4,4,5,4,4,4,3,4,4,3,4
2,3,1,2,3,1,1,1,3,3,4,5,5,5,5,1,4,4,3,3
2,3,1,3,1,4,3,3,5,4,4,5,5,4,3,4,4,4,4,3
2,3,1,5,2,2,2,3,5,5,5,4,4,4,3,4,4,3,3,3
1,1,1,2,5,3,3,3,5,5,5,4,3,4,3,3,3,4,3,4
1,1,1,1,3,4,3,3,3,3,3,4,3,4,3,4,3,4,3,3
2,2,1,1,3,3,3,3,5,5,5,4,4,4,3,3,3,3,3,3
2,2,1,5,4,3,3,3,5,5,5,4,4,4,5,4,5,4,3,3
2,2,1,1,5,3,3,3,5,5,4,4,4,4,3,3,3,3,3,3
2,2,1,3,1,3,3,3,3,3,4,4,4,4,3,3,3,3,3,3
1,2,1,5,1,2,2,3,2,3,3,4,4,4,3,4,4,3,3,3
1,2,1,4,3,2,2,3,5,5,5,4,4,4,3,3,3,3,3,2
1,2,1,1,3,4,3,3,3,3,5,4,4,5,5,4,4,2,2,3
1,1,1,4,5,1,1,1,1,1,1,4,4,4,3,3,3,4,4,4
1,1,1,5,1,3,3,2,2,2,2,3,3,3,3,3,3,1,1,2
2,1,2,4,2,3,3,3,3,3,3,5,4,4,3,3,3,3,3,3
2,3,2,2,4,3,1,2,4,4,4,4,3,2,3,3,3,3,3,3
2,3,2,2,2,1,1,2,3,3,2,4,4,4,3,3,3,2,3,3
2,3,2,1,5,3,4,5,4,4,4,4,4,5,4,3,5,4,4,3
1,3,2,2,3,3,3,2,5,5,5,4,4,3,3,3,3,4,4,4
1,1,2,5,2,3,3,3,4,4,4,4,4,4,3,3,3,4,4,3
1,2,2,5,2,3,4,5,5,5,5,4,4,5,4,3,5,4,4,3
1,2,2,5,1,4,4,4,1,1,1,4,4,3,4,3,4,3,2,2
2,2,2,5,2,3,1,2,5,5,5,4,3,2,3,3,3,3,3,3
2,2,2,2,1,3,3,3,4,2,3,3,3,3,3,3,3,3,3,3
2,2,2,4,2,3,3,3,5,5,5,3,3,3,3,3,3,3,3,3
2,2,2,5,1,3,3,3,5,5,5,3,3,3,3,3,3,3,3,3
2,2,2,1,2,3,3,3,4,3,3,3,3,3,3,3,3,3,3,3
2,1,2,1,1,1,1,3,3,3,3,3,2,3,3,3,2,3,3,3
2,1,2,4,2,2,3,2,3,3,3,3,4,3,3,3,3,3,3,3
1,1,2,2,2,3,3,3,5,5,5,4,5,4,5,5,5,5,5,4
1,1,2,1,5,3,2,3,5,3,5,4,4,3,3,3,4,3,3,2
1,1,2,4,4,3,2,3,3,3,3,5,4,4,5,4,4,5,3,3
1,2,2,5,3,3,4,5,5,5,5,4,4,5,4,3,5,4,4,3
1,2,2,3,1,2,2,3,5,5,5,4,4,4,4,5,5,4,4,4
2,3,2,5,1,4,4,4,4,3,3,4,4,3,4,3,4,4,3,5
2,3,2,5,1,3,3,3,5,5,5,3,3,3,3,3,3,3,3,2
2,2,2,4,3,3,3,4,2,2,1,4,4,4,3,4,3,4,4,3
2,1,2,5,4,3,3,3,3,3,3,4,4,4,3,3,2,3,3,3
2,1,2,4,3,2,2,3,5,5,5,4,4,4,3,4,4,3,3,3
2,3,2,4,2,1,1,1,3,3,3,4,4,3,3,4,4,5,5,5
2,3,2,5,5,1,2,3,5,4,4,5,5,5,4,3,3,1,1,1
1,3,2,1,1,3,3,3,4,3,4,3,3,3,5,3,3,3,3,3
1,3,2,4,4,2,2,3,3,3,3,3,3,3,3,3,3,3,3,3
2,3,2,1,5,3,3,3,3,3,3,5,4,4,3,3,3,3,3,3
2,3,2,4,5,3,3,3,2,2,3,3,4,3,3,2,3,3,3,3
2,3,2,5,5,3,3,3,5,5,4,4,4,3,3,3,3,3,3,3
2,1,2,3,3,3,1,3,3,3,3,5,5,5,5,3,3,3,4,3
1,1,2,4,4,3,3,3,5,4,4,4,3,3,3,2,3,3,3,3
1,2,2,4,1,3,4,3,4,3,4,3,4,4,2,2,2,2,2,3
1,2,2,3,3,3,3,3,4,4,4,4,3,4,3,3,3,3,3,3
1,2,2,2,4,3,3,3,2,3,3,4,4,3,3,3,3,3,3,3
1,2,2,1,5,3,3,3,1,2,2,5,4,5,2,4,3,1,2,1
2,2,2,5,2,3,2,2,2,1,2,4,3,4,3,3,3,5,5,4
2,2,2,4,5,3,1,3,3,3,3,4,4,4,3,3,2,3,3,3
2,2,2,5,5,3,3,3,5,5,4,4,3,3,3,3,3,3,3,3
2,2,2,5,1,3,1,3,4,4,4,4,4,4,3,3,2,3,3,3
1,2,2,2,3,3,3,3,4,4,4,4,4,4,3,3,3,3,3,3
1,2,2,5,4,3,3,3,5,5,5,5,5,4,3,3,3,3,2,2
1,2,2,3,2,2,2,2,3,3,2,4,4,3,3,2,3,3,3,3
1,2,2,3,3,4,2,3,5,5,5,4,4,4,3,3,4,2,2,3
2,1,2,3,3,3,3,3,4,4,4,3,3,3,3,3,3,3,3,3
2,1,2,2,1,3,3,5,3,3,3,4,3,3,5,3,3,3,3,3
2,1,2,2,2,3,3,3,2,2,2,4,4,4,5,5,5,3,3,3
2,3,2,3,2,1,1,2,2,2,2,4,4,4,1,2,1,3,1,1
2,3,2,3,2,3,3,3,3,2,3,4,3,3,3,2,3,3,3,3
2,3,2,3,5,1,1,3,3,3,3,4,3,3,3,3,3,3,3,3
2,3,2,1,5,1,1,3,1,1,2,4,3,3,2,2,3,3,2,3
1,1,2,5,2,5,5,3,1,1,1,2,3,3,3,4,3,2,2,3
1,1,2,1,1,3,3,3,2,1,2,4,3,3,3,2,3,3,3,3
1,2,2,1,2,1,1,2,5,5,4,3,3,3,3,3,4,5,4,5
1,2,2,2,4,3,3,3,5,5,5,4,4,4,4,3,3,3,3,3
1,2,2,5,2,1,2,3,5,4,4,5,4,5,4,3,4,2,2,1
2,2,2,3,3,5,4,5,5,4,4,4,4,4,4,3,3,3,3,3
2,2,2,5,5,4,5,3,3,3,3,4,4,4,3,3,3,4,5,3
2,1,2,1,2,3,3,3,3,3,3,3,4,3,3,3,3,3,3,3
2,2,2,2,3,1,1,3,4,3,3,4,3,4,3,3,3,3,3,4
2,1,2,2,4,4,4,4,5,4,4,4,4,3,4,3,4,3,2,2
2,1,2,4,1,4,3,4,5,5,5,4,4,4,4,4,5,4,4,4
2,3,2,4,2,3,3,3,5,4,4,4,4,4,4,3,3,3,4,3
1,1,2,1,1,3,3,2,3,3,3,4,4,4,3,3,3,3,3,3
1,1,2,2,5,4,3,4,5,5,5,4,4,4,4,4,5,4,4,4
2,1,2,5,4,4,4,4,5,5,5,4,4,4,3,4,3,5,5,4
2,2,2,5,5,3,3,3,4,4,4,4,4,4,3,3,3,3,3,3
2,2,2,3,1,3,3,3,4,4,4,4,4,4,3,3,3,3,3,3
2,2,2,4,5,3,3,3,3,3,4,4,4,3,3,3,3,3,3,3
1,2,2,4,2,1,1,2,1,1,1,4,4,4,1,2,1,3,1,1
1,1,2,2,4,3,2,1,1,1,1,4,4,4,4,3,3,3,3,3
1,2,2,1,5,3,3,3,4,3,4,4,4,4,3,3,3,3,3,3
1,1,2,3,3,4,3,4,5,3,4,4,4,4,1,3,3,3,3,3
1,1,2,4,5,3,3,3,5,5,4,2,2,4,3,3,3,3,3,3
2,3,2,2,1,3,3,3,3,3,3,5,5,5,3,3,3,3,3,3
2,3,2,2,2,2,3,3,4,4,4,4,4,4,4,4,4,3,3,3
2,3,2,3,3,3,3,3,5,5,5,4,4,4,3,3,3,3,3,2
2,3,2,2,5,1,1,1,3,3,3,3,3,4,3,3,3,3,3,3
1,3,2,2,1,3,3,3,4,4,4,4,4,4,3,4,4,4,4,4
1,3,2,4,3,3,3,3,4,4,4,4,4,4,3,3,3,3,3,3
1,3,2,5,3,3,3,3,5,5,5,5,4,4,3,3,3,3,3,3
1,3,2,2,2,4,4,4,5,5,5,4,4,3,4,3,4,3,2,2
2,1,2,1,4,3,3,3,5,5,5,4,4,4,3,3,3,3,3,3
2,1,2,3,4,2,2,3,5,5,5,4,4,4,3,3,3,3,3,3
2,2,2,2,3,1,1,1,3,3,3,5,3,5,3,4,3,3,2,3
2,2,2,1,5,3,3,3,4,3,3,3,3,3,3,3,3,3,3,4
2,2,2,2,5,3,3,3,4,5,4,4,5,4,5,5,5,5,5,4
2,2,2,5,1,3,3,5,3,3,3,4,3,3,5,3,3,3,3,3
2,2,2,4,1,1,3,2,4,4,3,4,4,4,3,3,3,3,3,3
1,1,2,1,4,3,3,3,4,3,3,4,4,3,2,2,3,2,2,3
1,1,2,1,5,3,2,3,5,4,3,4,4,4,5,3,3,3,3,3
1,1,2,2,3,3,3,3,5,4,5,4,3,4,3,3,3,4,3,4
1,1,2,3,2,2,3,3,5,5,5,5,5,5,4,3,4,3,3,3
1,1,2,1,4,4,3,3,5,5,5,4,4,5,5,4,4,2,2,3
2,1,2,3,2,4,5,5,5,5,4,4,4,4,5,4,4,4,3,4
2,2,2,5,1,1,2,2,3,3,3,5,4,4,4,3,4,4,3,4
2,2,2,5,4,1,1,1,5,3,4,5,5,5,5,1,4,4,3,3
2,3,2,3,5,4,3,3,3,3,3,4,4,5,3,4,4,3,4,4
2,3,1,2,1,5,3,5,5,3,5,4,4,5,4,5,4,4,5,4
2,2,1,3,4,3,3,3,5,5,5,4,4,4,4,3,3,3,3,3
2,1,1,5,4,4,5,5,5,5,5,4,4,4,5,4,4,4,3,5
1,1,1,5,5,2,2,2,5,5,5,3,4,4,3,4,3,3,3,3
1,3,1,3,3,3,3,3,3,3,3,5,4,4,5,5,5,3,3,4
2,3,1,1,5,2,2,2,3,3,3,4,4,3,3,2,3,3,3,3
2,3,1,4,5,4,2,3,4,4,4,4,4,4,3,3,4,2,2,3
2,3,1,2,3,5,5,5,4,4,4,5,4,4,3,3,2,3,2,3
2,3,1,4,4,3,3,3,3,3,3,4,3,3,3,3,3,3,3,3
1,3,1,2,1,5,5,5,4,4,4,5,4,4,3,3,2,3,2,3
1,3,1,3,2,1,2,3,5,5,5,4,4,5,4,4,4,3,3,4
1,1,1,3,5,1,1,1,3,3,3,4,4,4,5,3,3,3,2,3
1,1,1,5,3,3,1,3,3,3,2,5,5,5,5,3,3,3,4,3
1,2,1,2,4,3,3,3,4,2,3,4,4,4,3,3,3,3,3,3
2,2,1,2,5,3,3,3,4,3,3,4,4,4,3,3,4,3,3,3
2,2,1,3,5,3,3,2,4,4,4,4,4,3,3,3,3,4,4,4
2,2,1,4,1,1,2,3,3,3,3,5,4,5,4,3,4,2,2,1
2,2,1,1,3,3,3,3,4,4,3,4,4,4,3,3,3,4,4,3
1,2,1,4,2,2,2,2,5,4,5,3,4,4,3,4,3,3,3,3
1,2,1,5,5,3,1,2,4,4,4,4,3,2,3,3,3,3,3,3
1,2,1,3,3,1,1,2,5,5,3,4,4,4,3,3,3,2,3,3
1,2,1,1,1,1,2,3,3,3,3,5,4,5,4,3,4,2,2,1
2,2,1,5,2,3,3,2,3,3,3,4,4,3,3,3,3,4,4,4
2,2,1,1,3,3,4,4,4,3,3,4,3,4,4,4,4,4,3,4
2,2,1,1,4,3,3,3,3,3,4,3,4,4,2,3,3,3,3,3
2,1,1,1,3,3,3,3,4,4,4,3,2,3,3,3,4,4,4,3
2,1,1,4,5,1,1,3,3,3,3,4,3,3,3,3,3,3,3,3
2,1,1,2,2,3,3,5,3,3,3,5,5,5,5,3,3,3,1,3
2,3,1,3,2,4,3,5,3,3,3,5,5,5,5,3,4,5,5,5
1,3,1,1,4,3,3,3,4,4,4,4,5,5,3,3,3,3,3,4
1,3,1,1,4,3,3,3,5,5,5,5,3,4,4,3,3,3,3,4
1,3,1,1,5,5,4,5,5,5,5,4,4,4,4,3,3,3,3,3
1,1,1,2,1,3,3,3,3,3,3,5,4,5,2,4,3,1,2,1
1,1,1,5,4,3,3,3,5,3,4,4,4,4,5,4,5,4,3,3
2,2,1,4,1,3,3,3,1,1,1,5,3,4,3,3,4,2,3,3
2,1,1,3,1,3,3,3,3,3,3,4,4,3,3,3,3,3,3,3
2,1,1,1,3,3,3,3,4,5,4,4,4,4,3,3,3,3,3,3
2,3,1,5,1,2,2,3,5,5,5,3,3,3,3,3,3,3,3,3
2,3,1,2,2,3,3,3,3,3,3,3,3,4,3,3,3,3,3,3
2,3,1,4,4,3,2,3,3,3,4,4,3,4,3,3,3,4,4,4
2,3,1,5,2,1,1,2,2,1,1,3,3,3,3,3,4,5,4,5
1,3,1,1,2,3,2,3,4,3,3,4,4,3,3,3,4,3,3,2
1,3,1,4,2,4,5,5,4,4,4,4,4,4,5,4,4,4,3,5
2,3,1,5,2,3,2,3,5,5,4,4,3,4,3,3,3,4,4,4
2,3,1,2,4,1,1,3,1,1,2,3,3,2,3,1,3,3,3,3
2,1,1,1,3,5,4,5,3,5,5,5,5,5,5,5,5,5,5,5
2,1,1,1,2,3,3,3,4,4,4,4,4,4,3,3,3,4,4,4
1,2,1,4,3,3,3,3,3,3,3,4,4,4,3,3,3,3,3,3
1,2,1,4,1,3,2,3,5,5,5,5,4,4,5,4,4,5,3,3
1,2,1,2,4,1,1,1,5,5,5,5,5,5,5,1,4,4,3,3
1,2,2,2,3,1,2,3,3,3,3,4,4,5,4,4,4,3,3,4
1,2,2,5,2,3,3,3,4,4,4,4,5,4,5,4,4,4,3,3
2,2,2,1,5,3,3,2,2,1,2,5,4,4,3,3,3,3,4,3
2,2,2,2,5,1,1,1,4,4,5,5,3,3,5,5,5,3,3,3
2,1,2,4,2,3,3,3,3,1,1,5,4,5,2,4,3,1,2,1
2,1,2,2,2,5,4,4,4,5,3,3,4,5,4,4,4,5,5,4
1,1,2,4,1,4,3,3,3,3,3,4,3,5,3,3,3,4,3,4
1,3,2,5,3,3,3,3,3,3,3,4,4,3,3,3,3,3,3,3
1,3,2,1,4,3,3,5,5,5,5,4,3,3,5,3,3,3,3,3
1,3,2,5,4,3,4,5,3,3,3,4,4,4,5,4,3,3,4,4
2,3,2,4,4,2,3,3,3,3,3,4,4,4,3,3,4,4,4,3
2,1,2,5,3,2,3,3,3,3,3,4,4,4,4,4,4,3,3,3
2,2,2,4,5,3,3,3,5,5,4,3,4,3,3,3,3,3,3,3
2,2,2,4,5,3,3,3,2,2,3,4,4,4,5,5,5,3,3,3
2,2,2,1,5,3,3,3,3,3,3,4,3,4,3,3,3,3,3,3
2,2,2,3,5,3,3,3,5,5,5,4,3,4,4,4,4,3,3,3
2,2,2,2,5,3,3,3,4,4,4,4,4,4,3,3,3,3,3,3
1,2,2,4,2,3,3,3,5,5,5,3,3,3,3,3,3,3,3,4
1,2,2,5,1,1,1,1,5,5,5,4,4,3,3,4,4,5,5,5
1,1,2,4,4,3,3,3,3,3,3,4,3,5,3,4,3,4,5,3
1,1,2,5,5,1,1,1,5,5,4,5,3,5,3,4,3,3,2,3
1,1,2,2,2,1,2,3,4,5,4,4,4,5,4,4,4,3,3,4
2,1,2,4,4,3,3,2,3,2,2,3,3,3,3,3,3,1,1,2
2,1,2,1,5,3,3,3,4,4,4,4,4,4,3,3,3,3,3,3
2,2,2,3,4,4,2,3,5,5,5,4,4,4,3,3,4,2,2,3
2,2,2,4,1,3,3,3,3,3,3,4,3,3,3,3,3,3,4,3
2,3,2,4,1,2,2,3,3,3,3,4,4,3,3,3,3,3,3,3
2,3,2,1,1,3,3,3,2,2,2,3,3,3,3,3,3,3,3,3
2,2,2,1,4,1,1,3,5,5,5,4,3,3,3,3,3,3,3,3
1,1,2,4,3,2,3,3,3,3,3,4,4,4,3,3,4,4,4,3
1,1,2,4,2,3,3,3,5,5,5,4,4,4,5,5,5,3,3,3
2,3,2,1,4,2,2,2,5,5,5,3,3,2,3,3,3,3,3,3
2,3,2,1,4,3,3,5,5,3,3,5,5,5,5,3,3,3,1,3
2,3,2,1,3,1,1,2,1,1,2,4,4,4,3,3,3,2,3,3
2,3,2,5,5,3,2,3,4,5,4,5,4,4,5,4,4,5,3,3
1,3,2,3,5,4,3,3,3,4,4,4,3,4,5,4,4,4,4,3
1,3,2,3,3,4,3,3,4,4,3,4,4,5,3,4,4,3,4,4
1,3,2,5,5,4,3,3,3,3,3,5,5,4,3,4,4,4,4,3
1,1,2,3,1,3,3,3,4,3,3,5,5,5,4,4,4,4,3,4
1,1,2,1,5,3,3,3,3,3,3,5,3,4,4,3,3,3,3,4
2,2,2,2,3,1,1,3,3,2,2,4,3,3,2,2,3,3,2,3
2,2,2,2,1,3,3,3,3,2,3,4,4,4,3,3,3,3,3,3
2,2,2,5,3,3,3,2,4,5,4,4,4,4,3,3,4,3,4,3
2,2,2,4,4,3,3,3,5,5,4,4,4,4,4,3,3,3,4,3
1,2,2,1,3,1,2,2,2,3,3,5,4,4,4,3,4,4,3,4
1,2,2,5,2,1,1,1,5,5,4,5,5,5,3,3,3,5,5,5
1,2,2,3,3,2,3,3,5,5,5,4,4,4,4,4,4,3,3,3
1,2,2,5,3,3,3,3,3,3,3,5,3,4,4,3,3,3,3,4
2,2,2,2,3,3,3,3,3,3,3,4,4,4,3,3,3,3,3,3
2,2,2,1,5,3,3,3,3,3,3,4,4,4,3,2,3,3,3,3
2,2,2,3,4,3,3,3,3,3,3,4,4,4,3,2,3,3,3,3
2,2,2,3,4,3,3,3,3,3,3,4,4,4,3,2,3,3,3,3
2,2,2,3,2,3,3,3,3,3,3,4,4,4,3,2,3,3,3,3
