Nor,Ske,Neg,Cat
57.451,3.313,-16.694,D
47.926,1.953,5.434,D
59.715,13.888,-6.626,C
72.845,16.442,5.706,C
46.488,46.57,-7.633,C
46.488,5.321,-18.049,B
73.688,4.652,-16.275,D
61.512,14.98,0.481,A
42.958,4.167,2.597,B
58.138,26.701,-9.043,A
43.049,19.548,6.386,A
43.014,5.604,-16.615,B
53.629,13.898,-0.661,A
21.301,14.046,-12.11,D
24.126,1.088,-6.518,A
41.566,23.284,0.474,D
34.808,7.037,-8.604,D
54.714,17.513,-3.846,D
36.38,3.857,10.063,C
28.815,22.588,-5.769,A
71.985,4.93,8.357,B
46.613,0.109,-11.297,B
51.013,23.579,5.298,A
28.629,0.957,14.416,C
41.834,3.847,-24.716,C
51.664,29.97,-7.969,D
32.735,30.079,5.771,A
55.635,8.52,-2.03,A
40.99,9.992,3.711,B
45.625,5.95,-6.04,A
40.974,3.47,0.866,C
77.784,3.985,-1.557,A
49.798,11.163,11.678,B
34.134,13.958,2.544,D
62.338,15.682,3.376,B
31.687,15.588,-4.119,B
53.133,0.956,-4.876,D
20.605,6.82,-4.326,B
30.077,0.593,3.945,B
52.953,7.975,-4.21,A
61.077,5.826,2.898,A
52.571,21.866,20.754,D
48.265,4.322,8.711,A
45.483,1.245,-3.26,A
27.822,1.543,12.012,B
39.202,14.334,-4.081,C
43.09,9.629,-20.381,A
65.857,1.066,-10.081,C
55.154,0.879,-18.708,A
23.554,12.072,-3.515,A
54.861,0.755,0.184,D
44.224,17.252,16.764,D
39.846,12.25,3.269,D
59.175,0.848,-2.191,C
65.465,0.887,8.294,B
63.969,43.155,-22.111,A
37.412,4.688,2.356,A
45.362,4.631,7.709,A
54.969,16.756,-14.786,C
64.633,29.422,11.438,D
42.812,42.688,3.385,B
47.215,13.999,-4.153,C
33.405,4.72,6.328,D
32.057,0.872,22.707,C
62.188,15.012,1.819,B
70.344,8.174,2.482,D
48.92,5.52,-4.594,C
65.053,23.682,-8.498,B
55.425,1.179,8.303,A
40.323,6.785,-8.561,B
55.421,0.114,0.716,A
73.071,6.324,-4.777,C
49.463,0.58,4.79,D
73.47,1.265,3.337,D
10.704,1.25,10.375,C
62.329,10.476,-5.1,D
51.306,13.706,-2.699,D
45.515,8.756,-9.788,A
51.376,32.747,-4.443,C
20.186,4.698,3.773,B
46.705,3.365,7.57,A
55.357,20.295,-9.222,C
72.168,2.531,8.696,A
42.226,33.029,13.556,B
37.873,0.122,4.134,B
42.474,35.025,18.768,C
63.731,0.441,-7.738,B
54.931,22.177,-12.447,A
42.054,7.501,-17.787,B
57.699,49.568,14.96,A
51.456,0.767,6.544,A
64.53,8.071,-0.556,B
39.469,34.836,2.8,C
45.085,7.404,-11.255,D
44.118,9.926,24.458,B
28.047,11.899,1.292,A
54.442,6.061,1.094,A
53.916,9.877,7.258,B
50.077,8.778,4.81,C
46.481,23.142,2.239,C
28.769,0.465,-7.905,A
43.69,3.298,4.715,A
44.859,30.04,18.82,C
37.966,22.097,13.454,D
47.581,6.082,15.932,B
56.061,9.679,-5.112,A
78.293,3.249,-9.896,A
52.619,2.084,-1.258,C
53.863,6.231,0.557,B
48.883,4.36,10.942,C
21.218,8.762,-16.925,B
49.602,0.809,15.296,B
50.903,36.65,-1.58,B
86.949,42.839,-4.269,A
47.115,11.979,-10.121,D
54.523,7.681,-16.549,C
49.479,3.704,8.232,D
32.47,16.809,0.733,C
67.142,11.543,-12.9,B
61.279,1.775,-12.951,A
61.865,24.183,-3.358,D
36.359,17.29,16.69,A
71.042,29.917,-2.596,C
28.972,12.936,-15.031,A
58.803,9.504,-2.457,A
82.857,5.417,-2.727,D
35.142,26.99,-26.969,B
41.506,20.104,-0.543,A
51.495,0.463,-2.309,B
42.448,0.267,6.962,C
26.74,4.723,18.49,A
51.028,16.636,11.266,D
34.065,43.643,-2.689,C
57.104,1.63,-11.065,C
36.209,9.017,25.734,D
73.249,4.795,0.592,A
38.251,35.037,0.139,A
45.169,18.459,-0.241,C
62.203,18.222,1.981,A
31.537,6.324,-1.444,B
53.412,5.358,-5.737,D
69.607,3.194,-5.469,B
25.888,0.58,-0.328,A
52.77,20.004,-5.434,C
53.898,16.761,-7.128,D
61.727,81.724,1.064,A
31.446,56.949,-2.55,A
30.193,8.107,15.04,C
57.829,14.653,-26.51,C
54.455,28.962,10.915,B
53.757,18.948,12.461,D
55.197,2.842,-20.734,D
39.8,5.988,-3.427,C
53.484,1.383,-3.714,B
54.396,30.802,-14.075,D
39.285,9.318,-7.778,C
77.987,2.596,-11.106,A
57.107,11.138,17.523,D
32.13,9.627,9.357,B
59.848,4.434,12.716,B
35.38,1.205,7.217,B
61.806,11.134,-11.291,A
67.379,7.346,-5.245,D
37.69,14.798,4.894,D
64.451,7.343,-12.221,A
56.192,19.118,7.13,D
62.331,8.028,-2.403,A
78.452,8.231,-3.748,A
46.319,20.928,7.11,A
38.694,5.166,4.443,B
36.657,1.439,-3.61,D
37.763,0.292,11.593,A
48.843,14.071,-10.811,D
55.117,9.684,6.159,B
54.15,12.177,5.931,A
62.408,2.395,-3.095,C
50.195,1.466,3.261,B
71.803,0.147,-12.511,C
46.03,4.317,9.24,D
90.803,8.914,-1.849,D
59.385,4.98,-5.227,B
37.143,5.753,10.49,D
33.937,23.451,-7.043,C
57.237,4.281,-14.085,A
46.648,7.215,-15.566,A
60.71,15.309,6.06,A
57.099,5.051,-12.804,B
48.908,9.731,17.548,D
37.298,19.831,-20.819,C
27.277,29.862,16.965,D
43.302,1.591,2.11,D
62.846,26.117,-0.967,D
53.211,6.775,-5.449,A
31.314,2.987,3.991,C
52.598,6.146,-0.376,C
55.78,39.137,11.033,D
36.742,6.785,1.142,A
52.306,3.986,1.503,A
50.873,10.035,-3.636,C
32.855,2.746,-0.569,A
55.367,0.789,3.078,A
58.412,1.38,-17.102,A
66.246,1.37,-13.482,B
65.807,1.648,7.433,D
29.335,1.495,1.709,C
35.933,10.241,-1.84,C
57.726,2.007,0.184,B
57.707,4.241,3.476,D
57.726,22.71,-5.398,C
107.791,6.424,-7.783,A
58.563,11.013,1.958,C
67.033,1.891,-9.784,A
64.31,2.136,4.083,B
59.771,0.417,-17.026,A
45.271,1.85,10.292,C
61.385,3.265,4.726,C
38.408,1.948,2.56,C
46.448,0.929,9.827,B
42.72,1.286,16.655,B
51.228,6.176,10.144,D
84.72,2.311,-18.409,C
21.991,4.53,-12.796,A
60.294,7,-6.248,B
25.809,11.725,0.261,C
42.921,0.401,5.177,C
66.334,16.065,-7.257,B
50.964,9.886,1.868,D
33.834,0.853,-7.554,B
39.27,20.681,-6.115,B
60.194,25.367,-14.067,A
39.045,0.63,-9.232,A
53.247,3.242,-13.517,D
50.684,16.409,-9.759,C
40.226,13.794,10.536,B
82.159,2.04,-9.494,D
59.509,2.349,26.324,A
19.623,4.628,4.933,B
52.797,6.627,1.848,C
40.073,9.63,-8.584,A
62.787,4.603,7.003,A
38.112,6.209,-5.756,A
48.279,13.762,1.22,D
57.575,0.374,25.601,C
62.986,2.909,-0.961,B
31.996,12.495,11.493,D
44.982,22.558,-7.032,D
42.876,7.168,-0.35,D
40.2,7.595,17.708,A
76.482,1.134,-6.27,C
56.075,5.931,18.124,D
31.087,7.606,7.078,B
63.768,2.777,-5.625,C
81.832,3.137,6.324,B
65.487,4.737,9.726,C
27.209,0.203,6.218,B
42.736,3.887,-15.702,A
69.004,2.376,-7.271,D
39.385,3.967,-2.475,B
56.657,1.276,-0.744,C
61.62,22.121,6.207,D
36.096,9.004,1.777,D
49.107,11.366,-13.353,C
1.381,15.567,3.802,B
34.634,6.9,6.106,A
46.211,0.909,5.598,A
31.283,7.703,10.808,B
74.486,8.839,8.339,D
28.548,13.682,4.592,D
43.399,5.65,-0.702,D
51.961,1.365,-16.61,D
71.619,3.338,4.296,B
28.462,4.511,2.077,D
67.447,10.382,2.716,C
50.153,8.458,-12.767,D
35.277,4.402,-10.811,A
56.932,43.062,10.532,D
52.986,9.308,-0.396,B
40.997,2.708,6.815,A
51.047,1.073,0.283,B
44.22,1.659,0.298,B
51.703,2.823,9.383,A
59.932,1.752,-5.16,B
73.79,2.065,0.961,B
31.433,3.356,-4.623,D
81.996,1.904,-4.345,C
20.719,22.708,-3.092,B
47.723,0.836,2.221,B
58.825,7.434,-4.787,B
54.215,5.283,12.558,D
40.66,40.386,-8.946,C
46.878,1.188,-1.869,A
42.605,5.073,-4.397,D
41.16,34.891,14.47,D
62.744,20.062,1.966,C
55.355,16.987,10.318,C
39.606,2.983,-14.856,D
63.494,1.874,2.671,A
54.609,11.046,8.896,D
62.193,26.504,0.823,C
59.444,8.137,10.655,A
