Log,Sqrt,BoxCox
2.105085751,12.47573173,2.389542225
55.30557814,10.52167197,2.928725078
24.0990533,6.300676186,2.818538797
8.561661263,16.36987476,1.457489609
6.454662486,20.43920352,2.34500207
8.959585035,13.46916063,0.673453277
5.130658519,4.422398417,2.140943046
5.521299448,0.601316334,0.573839833
10.1708423,8.834806035,8.423132808
9.860021501,8.570367376,3.141754643
10.1785873,8.053881675,3.445354111
14.5315994,2.630092463,4.419230019
10.41453618,8.331111751,5.902864603
5.471169128,13.51055921,3.504557393
2.201555985,10.51104358,4.542417396
5.836313315,10.9995595,7.297560272
6.638416059,16.0691856,2.514291052
8.014414186,13.62110328,6.25336804
5.299350447,7.325073301,10.48986537
5.918162884,7.053180758,0.934026595
20.08380985,12.5785835,4.057575371
2.58317141,9.292306534,2.300717887
19.54074987,0.975438205,0.986719858
5.846200314,2.808186283,1.846754121
6.162550051,2.690085305,1.018838817
1.580720442,12.53455709,1.130778718
7.489806752,5.613348565,1.976391283
1.989152738,16.89518505,7.882707614
31.14056819,18.26468761,3.26738406
14.63393136,8.042089212,4.355596752
5.03339198,15.24037411,2.690046061
11.6747805,10.19683192,7.769255608
1.614667396,4.545520844,3.415657345
4.391110723,10.39196231,4.415681433
6.752245515,15.0302658,6.167273611
9.10097993,11.70550434,1.043061674
2.957007209,9.35077029,4.237784136
9.674906294,9.834051993,2.584605969
7.498506209,9.540019131,6.631607795
4.429400654,16.24211285,3.356995379
8.680291881,7.778711054,3.958334192
23.09441583,12.39379089,3.420682315
25.55127376,12.29143099,3.864729342
11.54281614,15.70467421,1.855522925
1.678501899,3.802588089,6.405887897
29.20115893,12.63669065,5.480941112
14.77371178,7.97028525,3.054868499
4.910826931,11.41573401,1.085983648
18.32956796,18.13581789,2.014357338
2.713189437,3.237977867,2.798416253
4.734921885,1.806593368,2.638071884
1.355803253,14.5137209,2.690765357
2.026449715,14.70266471,4.206163664
21.42379785,16.43694684,3.402369105
7.774880646,16.48107552,2.722776343
13.66545867,10.14746485,2.811518648
7.73463624,10.94740278,0.702924173
12.74732104,14.82388531,9.554780525
1.537242865,3.291156965,5.195596116
5.340347739,1.583218384,6.17343387
15.04050241,14.95520857,7.174547687
39.60529043,15.0089791,1.497562665
4.609628173,7.622065237,0.945375088
8.002690922,2.46341664,9.079039883
22.55353728,9.795762858,0.697377751
4.102165197,8.078334906,1.724661177
2.459386647,7.949125892,2.01515225
2.054287491,14.04746523,10.65731655
12.84142965,8.023581182,4.170501618
31.81401765,4.443938042,4.295751266
27.5979181,5.68851616,0.458134084
16.94732331,8.590186627,2.901457985
4.350479558,11.08488586,5.388481174
22.17184435,4.165731345,6.748129967
14.45169665,10.51188811,10.40477637
22.11695639,3.033856956,3.448809342
7.333126164,10.27227124,7.867695197
14.04145018,9.891593385,3.457130974
1.696153384,4.048226557,1.625959801
16.52306611,13.41445266,9.159756018
90.40852861,5.496708789,1.421278154
27.86679991,6.838818043,5.106524797
3.506645924,16.83315628,3.222232688
2.31918956,9.949258376,1.335414641
8.834492984,13.59020273,3.590843169
7.317669076,3.740312045,3.034937725
8.36053858,13.79752178,8.551321925
12.34973765,3.716298573,0.460170124
7.498931326,14.11983585,4.619917146
15.39588385,14.44015759,3.411457386
14.81836174,8.058763851,3.507473119
7.222801851,12.29817893,0.912660883
8.931351727,6.293122679,5.066779398
13.23160899,14.08210165,7.564526613
9.06867832,8.994198436,1.007178719
13.6729336,16.35245828,11.38535464
3.227849359,9.237273516,0.416999981
4.243359751,16.22203442,9.933309779
9.251621336,10.9469005,2.603188948
4.195535617,18.70301876,4.241983286
4.542838882,14.01865651,1.844170341
7.036871208,9.996922276,2.559669354
9.688830566,1.457599711,3.042839741
6.543055167,6.429246556,4.942141695
30.09483453,19.84344717,2.281303734
15.15963702,6.388366815,6.778239146
1.071673772,12.10055165,2.839580992
32.19065547,17.31333973,2.228715849
2.857284304,8.350981001,4.709425317
15.05248875,5.034568903,9.908101129
9.108721211,7.48499249,1.339620196
3.644131041,4.790490652,2.488588694
13.4996922,18.25418457,3.083515749
19.09605552,15.71758926,2.331059353
6.394295704,9.628418355,11.64432822
10.65086835,15.98741747,2.500360924
10.04522922,2.814654298,6.636158347
15.5787066,8.354172645,3.679248404
29.60216832,1.343088563,2.788517285
20.68311759,16.00659057,11.81097591
6.590741176,10.37620903,2.594854878
12.19439314,8.676053489,9.750280556
14.50912694,16.40256764,2.778976756
45.63775171,6.00933608,2.928586709
2.148496429,12.86984005,8.835948411
5.657832292,2.192977759,3.588587701
19.36936224,13.97781426,5.990109412
1.581266216,8.143455324,4.881612214
2.809837795,7.192755871,0.49605366
9.483195329,9.71566676,2.012800566
12.63434254,8.088530258,0.744083814
19.14465085,17.86494435,8.050756715
1.158458291,2.497046833,2.775376973
16.51527265,13.01299362,5.086700983
2.96441886,7.190546518,3.607049534
4.600020997,0.95403542,1.653167797
35.23096781,5.939796038,1.15091017
10.83301811,14.05095212,5.410226176
33.25896874,13.71403409,4.635536497
16.56474227,15.06146423,1.754078736
5.465152487,7.33232754,4.668626559
6.405742609,12.03181005,2.917111653
4.259729009,16.15954873,1.186326874
26.25577837,10.88690968,3.139901542
36.43766076,0.099340082,10.89250216
12.06850335,14.90776642,6.351808548
6.194061323,13.01636559,0.729906961
34.96874223,8.555363719,18.45175268
2.782537318,15.98999359,0.877385711
2.049337056,12.2540038,8.394041607
1.120712145,10.20275089,1.681315279
2.163462631,6.184588419,2.409760911
9.209022522,13.86979704,6.410454344
10.45545064,9.461374663,2.081156657
13.68756883,17.81029227,6.743516908
1.579848697,12.69184644,1.990394369
6.961971585,9.193950872,5.11549435
18.51740291,13.45494369,1.472771236
18.73005071,5.16302633,4.3955934
18.80882041,6.96947713,8.749281679
2.632086601,9.953978397,6.891346433
9.722869308,12.3691509,3.783888544
13.57784812,19.50542429,6.198804758
6.290066663,19.26850381,1.341690778
3.617450789,7.744615465,1.788212365
6.594362076,6.566668631,3.702233497
7.674687745,10.347002,4.025772788
1.203841922,10.7911204,12.71826681
3.364004998,12.32690796,5.623692798
2.011644918,12.2030427,5.17791424
13.32215421,10.56058615,5.033180535
7.111031491,5.205847882,4.335203001
9.227750602,4.488268558,1.50623745
16.0591471,8.80953876,5.574969039
12.58117666,17.96092658,3.487137078
1.297942025,3.274230794,1.442160563
6.128714158,5.974022399,7.088857799
47.05577176,7.513060576,2.187958047
10.37159668,9.607490209,2.338094696
26.06807681,19.66073294,3.06244603
20.10148681,0.169210447,4.491846266
34.04217105,3.83725106,2.221783441
20.28840266,10.46890192,0.485093374
8.804569882,12.12835333,0.787772308
19.85843058,9.959440915,8.196105686
3.385289916,9.477365562,1.692843255
11.54115525,8.774247335,3.99518865
14.8922588,17.09951854,3.889736849
4.583492501,17.869181,4.826897436
14.41306862,3.909692123,1.705177073
14.25070632,24.09585725,1.584452275
4.915226307,16.07102682,1.279049466
2.098918987,14.80546222,1.46876415
6.239004082,4.714692624,3.664624422
2.467402728,7.452336158,4.722195735
13.71021695,12.13801451,2.217958118
22.14888547,4.148763521,2.560501595
2.272600701,3.048407045,1.922592147
1.895749597,2.523209869,4.305093775
29.89867285,12.90853414,2.164597781
17.25743724,12.11717337,2.019928449
22.81500777,5.782042279,2.910632376
12.49732345,6.932259373,2.656257153
19.09967978,10.71349348,9.405580392
12.1922095,10.35487318,3.83127788
1.644194987,10.35895045,6.907792392
2.276317946,20.01007527,1.554446852
1.085705489,8.189011262,5.740661964
13.69577444,14.535605,7.782270696
4.477095572,6.085045979,4.362967761
15.82578499,8.477718107,2.655571288
4.921908023,7.239697803,2.191232932
5.567291535,1.405753968,1.790740267
2.450046714,0.559064072,1.055573686
2.534466255,9.034291312,4.14981957
10.28169857,20.26029026,3.900556642
5.693834505,5.695130454,4.380168993
4.219079909,10.84488072,2.35526602
11.20697059,15.7497885,1.964716129
7.000464324,25.33549301,3.18065436
15.0029123,17.6226755,2.239699795
40.78886919,5.577279749,5.219935592
7.392688153,12.52855311,1.849531911
10.04297112,14.66344776,1.669239658
10.72556704,14.94926129,1.640257076
13.10289392,17.07171201,1.592879238
20.26576736,7.796290602,3.688691239
29.36082602,15.60766148,10.94883718
3.833261487,17.80835232,4.23378667
8.687318419,3.808400022,3.568270489
18.29099869,5.764958905,1.720651487
1.887569412,10.69798938,1.123671403
6.956840317,3.836269861,4.139162462
13.07824936,1.053801309,6.513873201
13.11509231,12.59418147,3.416809432
5.339068156,13.83357094,3.359516442
9.834371937,11.26168217,3.250662978
10.53232862,10.63876514,0.576403241
1.439129367,1.753825174,3.137007503
22.56076726,19.41935202,1.26930669
34.03038272,7.175689594,4.94843465
2.187256086,10.62653433,2.147854505
12.62304558,13.35820676,1.220473072
7.129036793,15.35660679,7.236291617
4.804608805,7.95430191,1.144655488
13.0021616,12.84445273,0.848557051
5.508036893,11.28730673,5.153599446
3.215070869,13.3644812,1.06415645
7.380169102,1.110801745,1.475710427
4.350287874,7.963874967,4.17666666
14.11641113,14.38344185,2.324647032
3.5874095,21.29473535,4.916369497
6.563198853,19.72027318,0.538310002
16.27922803,4.679835648,1.15216479
9.223592968,14.24560579,1.514599408
9.98139033,4.303938311,4.244918966
17.55133008,2.454616433,3.469245027
9.727847707,12.48861722,3.191599945
33.19543046,17.63667359,7.098874306
8.178466761,2.182040126,2.812184109
14.48034982,23.00270234,3.246811578
8.04429482,12.27978072,5.212465964
2.440034697,11.00284009,2.352811555
5.429758854,18.96528042,1.259150969
31.76973861,3.314835287,1.103638421
8.591748179,4.292262467,3.042358541
12.86163751,13.37628697,2.804709505
4.517048779,8.197599727,1.230029799
1.155721984,13.38551195,7.402342056
13.94994145,9.253601132,5.608836848
1.120524616,6.50822634,6.000396507
33.69468473,9.789487633,2.62353078
7.527566263,9.863072816,5.845107415
2.517892542,9.923367104,6.076961971
15.46932585,3.399570007,8.703496482
13.37092373,12.87846592,2.250249796
15.83269274,11.96313982,2.187781207
2.944606416,12.51392133,0.868440976
17.44556931,9.30849174,1.949178724
13.47051631,8.298980537,6.263762162
26.84098042,11.99177629,8.872496264
5.841878708,14.29837995,6.864301563
3.693225015,8.469203562,0.357467719
8.226693297,10.87247477,6.402436858
10.90004789,13.14290818,6.025192919
21.05400456,10.7440186,2.127998829
31.37718602,14.71033529,5.526294722
1.253543517,5.228685769,2.90553392
46.61426931,11.92646449,6.938047485
20.45354337,6.771148655,2.26900716
2.272609319,14.18720893,5.663685803
8.911758639,14.79109591,2.896208021
12.82758943,9.165598784,5.022667393
14.11590091,4.61798861,2.639669321
73.11956191,20.40675889,5.666286019
16.72406562,12.19958196,5.938381557
3.77955071,5.371818004,5.168698329
26.65365327,7.762907443,1.74475238
16.88159351,9.492889771,6.46971149
1.330382185,26.50166538,5.898183481
