area,rooms,floor,distance_subway,building_age,monthly_maintenance_fee,monthly_rent
117,1,24,4720,24,13,360.56341176665745
107,1,28,1955,3,22,355.12305020590964
29,3,15,758,10,47,153.9806535009169
121,2,7,2863,31,39,433.94116636350566
86,4,6,3763,48,38,264.14584905111724
35,2,9,1581,6,45,152.7035431384026
117,4,20,3831,45,18,396.64700761328436
136,1,28,551,10,8,440.6294218475601
89,2,1,2575,27,33,250.03675621108374
102,4,8,3322,40,45,395.41689582523327
131,3,23,1637,22,49,501.72764784132704
114,3,23,3193,44,19,388.0966839046413
118,2,3,982,22,32,422.0046718703462
145,2,4,4508,49,46,517.4350828482045
67,1,26,4168,27,20,172.01888150810407
16,2,25,2666,42,16,68.08281150689321
102,1,15,3377,46,9,312.94463619819516
52,1,6,474,25,38,181.8184848373869
144,3,15,4646,24,46,529.1446449740687
35,3,21,3797,28,5,92.92685461107656
72,4,3,3162,18,43,249.11422254314473
36,3,25,4790,32,36,124.44904049004668
103,3,21,3350,35,30,364.29390336745126
63,2,21,4695,13,21,174.79065825567935
73,3,14,4659,13,31,221.69720845871632
29,4,20,212,34,28,132.05123285385602
65,2,14,3297,29,39,199.42859773426886
122,4,4,2478,27,46,469.34133120789744
69,3,12,2024,16,43,241.41519816481778
78,4,17,239,2,30,257.2598656600838
145,2,7,1524,15,42,536.403827133698
65,1,9,3049,45,27,177.4390921940121
149,4,3,3268,29,26,534.3670458627458
35,4,28,616,28,8,118.3555999899695
87,2,13,2716,44,13,218.00926258401523
32,2,15,987,14,8,98.84139209422203
146,4,18,3204,45,11,500.8690268800431
103,3,19,149,24,27,367.2563214102473
74,4,1,4051,37,6,199.96525520491326
28,2,6,3660,41,28,89.15275594467964
23,1,27,118,46,44,104.73015725711277
104,1,27,4921,37,35,343.9435833946114
67,3,23,1573,22,35,210.53853656913782
144,4,27,4161,24,44,521.340399298854
98,1,27,2706,41,47,265.79534277945083
106,4,2,551,6,38,407.5756661305364
125,2,24,3865,21,28,420.7465069324512
22,1,14,2538,16,30,103.90431607805374
49,3,6,4410,17,20,142.11512900924495
95,2,14,1649,48,17,242.45123282833515
64,3,4,3574,40,19,185.16766490879442
118,2,21,227,9,31,417.1993563067586
146,1,8,4955,9,8,470.62453984665456
16,3,3,2861,6,20,107.10481660582549
148,3,19,4556,47,34,522.4896438002912
68,2,14,4764,49,48,213.75402426268602
120,3,27,1515,37,34,429.62053243944246
18,2,20,301,26,40,114.52396373370291
68,2,17,2469,32,7,189.37355854651105
58,2,25,617,0,26,192.83297399997946
28,2,8,1441,43,26,106.95624143211228
109,1,24,4876,33,16,333.1768853820426
62,2,14,2088,3,25,191.7127262999845
29,4,26,3645,16,8,85.77725237074804
54,3,6,4620,3,35,194.6632549560366
96,4,23,3902,42,48,295.41227108278656
125,1,22,3375,25,35,416.3472139887635
67,4,16,3754,3,27,219.7763129793951
38,3,25,2534,0,24,125.76547610431203
138,4,19,4973,6,19,483.10751262784925
55,1,14,307,29,27,170.8383492163772
29,2,19,2733,49,32,98.39972672791198
59,4,3,4217,8,20,192.19448143025133
79,1,10,253,34,41,232.84849734007895
103,1,19,3466,7,25,348.121591039936
85,3,9,4414,23,19,235.86629638465075
23,3,28,4864,18,21,87.24326056443651
102,4,20,1618,35,41,393.8390171672567
143,2,13,2700,49,17,475.3340808030191
77,1,7,2295,42,23,202.86668620774907
95,4,14,4598,26,34,274.2855892027559
47,1,9,4791,31,49,139.42412639311817
137,1,27,3654,13,22,447.222776035675
19,2,28,2514,17,18,82.60932871091111
55,2,23,2949,27,40,188.33661252823262
42,4,25,1842,28,40,158.74769819603023
149,2,28,1406,15,24,514.5139145106216
86,2,19,3949,34,23,223.37090107140398
26,4,15,4268,46,49,140.83353030429305
47,2,20,4676,30,48,141.2869209069354
62,3,14,4755,3,11,173.92909471460925
76,1,24,4940,36,48,213.74601651737115
51,1,6,4295,16,8,124.83018135088352
113,1,21,2655,38,38,384.6483900224808
118,1,29,2405,47,6,347.24220045842867
49,4,4,4608,45,9,111.9210410828175
115,1,8,1188,25,14,373.16907075291647
145,1,17,2742,47,36,499.83675871226524
15,1,9,1277,38,46,111.36990907984662
19,1,1,4857,40,45,93.18975488391833
117,3,24,3094,3,17,403.9553302172268
41,1,20,659,29,43,141.8432723968326
29,3,25,3064,29,9,91.14242778073687
104,4,14,1371,21,14,370.5564493575371
56,2,11,1913,10,14,172.46243309209686
138,1,21,3015,1,42,492.10748266571363
77,2,3,709,43,31,229.4537708116867
110,2,9,2561,11,25,385.3493346162891
66,4,27,4220,29,12,181.91403477696787
110,2,14,383,35,5,350.4329207367376
146,3,9,3028,17,32,529.3828409032214
43,2,4,4496,25,43,151.38635932497004
50,2,27,1191,6,18,156.93102689379404
27,2,4,916,0,25,129.8134011744315
85,1,28,182,25,34,230.090031101192
100,1,8,2020,22,25,340.0639390753853
42,3,2,3591,25,13,127.64006136894888
80,3,9,3244,44,21,218.89780507303945
59,1,29,2193,5,9,152.72656792804065
76,3,14,4813,5,35,222.49248501745961
148,1,22,275,43,44,518.5789782802689
42,4,9,2804,7,42,160.26863838999648
42,2,24,469,23,47,154.64589059937498
122,2,23,1918,21,23,421.9581877947579
58,3,16,2201,18,40,208.49182556714598
98,1,29,4885,36,37,242.52943483628397
44,1,17,3590,17,17,100.17134772374777
89,3,16,1879,30,18,247.30272682937218
142,1,12,1464,36,37,498.24730967562596
106,4,3,4562,29,33,378.47168322098224
143,2,11,3442,41,47,516.2999040904641
135,3,14,4839,32,40,477.4522860270842
41,3,18,3776,9,48,150.54810264395795
135,1,21,2526,36,14,433.30533013828
130,3,21,172,11,35,468.68965175726777
17,4,5,3062,29,10,89.55055344380479
117,1,16,959,26,5,374.9147480505769
76,1,20,3956,38,11,175.9335584317028
65,1,5,4238,8,31,192.83219417127583
73,1,3,2524,20,25,206.51604933881748
132,4,12,1164,11,32,492.63567438263993
110,1,1,2317,28,20,368.8277043026972
127,3,21,4117,32,27,434.1139627652605
76,4,29,2359,42,24,214.57109200962407
66,2,9,3851,14,42,210.83792504494707
26,2,29,2186,1,29,115.44770615584513
53,3,9,468,38,32,201.4414707602747
144,3,4,2904,43,9,489.1563752205935
145,4,3,250,17,25,543.118488804962
127,2,17,1234,2,22,445.7269430506747
115,2,2,2884,6,10,395.9118804235127
127,2,24,4264,42,33,438.2724422016429
95,2,1,2446,17,23,251.33265250981907
127,2,8,4997,43,37,438.6074665356642
16,1,13,2350,37,5,56.83215094543771
144,3,23,160,36,49,533.3794809220796
68,1,15,3110,32,7,164.75957769075694
101,2,8,4001,43,46,361.5056253432094
143,4,12,1437,30,25,514.3227553980398
140,4,22,1284,10,39,526.666974474815
144,2,12,4526,3,45,525.1229728968419
67,2,14,1651,17,44,227.61269048441338
82,4,15,4533,3,7,225.13477374128067
137,1,15,1729,48,29,462.5147344986046
52,1,9,1427,33,49,193.66032005075806
38,2,19,1626,28,42,133.4539273475841
83,1,26,1773,23,49,244.401397502901
130,4,20,1461,21,24,469.98665695717034
112,1,29,1673,1,48,400.4183203968673
111,2,22,2786,43,49,395.7489164055387
138,4,8,4470,5,38,512.6655588428695
84,1,21,2466,41,25,213.84915958144015
107,3,19,3857,24,27,374.73182712328855
17,4,6,2534,20,10,97.99744490907418
104,4,20,2093,15,17,370.1880111300262
110,3,25,969,30,27,387.54066294558083
66,3,29,1114,13,13,197.73064274554662
142,4,19,2011,38,21,507.2537305801263
53,3,4,702,27,6,170.516624136264
96,2,23,3921,31,23,245.1059713813829
118,2,7,790,27,23,414.1624993144393
143,2,28,593,48,11,473.8279691749759
25,4,28,589,8,46,154.1770887130623
56,3,4,2656,44,46,203.87535966707117
113,3,22,4585,21,24,385.73360694349304
21,1,12,394,31,13,75.32351653104745
104,1,13,4127,4,21,353.19564475784455
126,3,3,2943,22,31,454.4295592061233
74,3,22,3012,4,6,201.225189277245
127,3,12,1817,41,40,464.637933902372
16,4,2,2696,31,23,107.13193287982047
143,3,24,4844,9,21,477.0073848496771
62,1,2,1973,38,9,167.14506977537067
51,4,27,4763,14,43,200.6467046338553
23,3,23,3358,6,22,100.4259814639482
113,1,9,2917,28,11,353.01653740220206
62,4,1,544,46,21,208.27418633789185
145,3,8,3741,2,43,531.3144147738063
68,3,23,4558,18,40,211.84842160068953
134,3,6,841,9,44,514.1518684986264
130,4,6,2141,27,49,502.4476847629858
89,1,22,779,28,8,209.0524622055899
127,1,25,2567,14,42,448.64250393130595
118,2,18,3797,34,29,403.934361725379
98,3,17,1458,5,9,258.1147125697769
126,2,29,162,11,34,449.6895826045903
113,2,12,2659,46,16,374.00250941538485
107,1,6,3869,37,8,332.63051565491696
142,4,26,4451,12,28,502.2030704348277
124,4,27,234,28,33,463.86293059112654
96,1,8,3744,18,13,233.1134040650759
68,4,19,2235,2,8,202.24660491751135
82,2,28,3378,7,28,223.2766546615055
47,3,10,922,7,18,142.70956824931662
35,1,1,3174,19,9,94.76060473613904
62,3,25,3081,46,22,175.98626219999045
142,4,29,220,3,46,539.675504553986
149,3,13,1737,20,23,533.3901119405791
142,4,17,1024,2,16,513.058159810337
47,4,3,744,44,22,158.69266313560593
129,2,8,2132,7,21,454.09029936676166
133,4,14,2861,22,34,482.3166408546497
36,2,3,2168,15,28,130.08933470879649
52,2,16,341,12,15,170.34974519984272
123,2,13,2768,2,39,440.5891196742449
65,1,20,902,47,27,185.3985541017934
22,1,24,4264,8,21,75.60381763150627
41,4,17,295,13,5,118.82605628938806
41,2,13,2287,12,19,121.29829652259467
35,1,29,3615,6,36,106.71265991936734
44,2,6,2430,14,13,112.56174108941786
111,3,17,2459,6,19,388.54570337911315
42,3,14,4941,37,32,116.64573530373498
125,3,17,3706,33,28,430.8285485370756
75,4,8,376,40,39,268.5558712625133
62,2,11,160,21,26,201.6511119670347
18,3,20,3490,23,31,99.89287546916322
49,1,28,2013,48,23,114.22082970050197
63,3,1,4027,36,49,218.53978219611434
31,3,26,2691,43,16,94.53152423432263
60,3,7,666,0,24,204.55574295035356
131,4,21,4035,9,5,442.08039939333014
20,1,21,1671,42,25,89.74314811048565
113,2,17,4817,15,49,401.8049688372007
138,1,10,1300,45,5,434.1977848129546
51,2,11,4509,7,14,154.65483337259712
38,4,22,2954,48,36,146.5690025054384
107,4,9,2995,24,43,399.9245976679264
60,4,9,1336,49,26,208.3002717072322
109,4,24,236,11,22,398.23252676057643
113,2,5,1129,24,36,409.5626234755612
130,3,17,2256,16,31,460.9282216666538
81,2,9,2694,25,32,240.35875172723277
142,1,17,761,45,22,477.29535265728595
32,4,24,2572,47,43,142.77213228713362
39,4,21,2777,13,33,145.09115323583399
68,1,19,2408,40,22,174.8904539777502
72,2,27,186,35,48,220.32513229363025
81,3,7,2612,22,12,222.15985985107562
118,3,23,3042,42,35,423.0941318972711
38,1,9,2873,5,38,126.14872789975672
128,3,7,2604,46,11,423.2879265286663
46,2,13,3410,4,40,150.47832283228502
100,2,11,1800,42,22,342.40039999223166
141,1,14,3770,24,42,488.2704701965941
144,2,19,2800,17,13,479.2561776765018
31,4,11,3729,12,13,116.81951558609379
118,1,13,4690,42,12,364.5222526568533
57,2,14,1747,13,39,206.90064667876987
53,1,13,3418,27,22,162.98621287962112
40,3,1,3787,17,9,106.65418222404773
113,2,8,696,27,18,395.6487756527899
64,4,12,4645,26,32,210.12629850511667
27,2,19,584,31,34,125.9410046942708
74,1,12,745,46,8,186.4217725563284
149,1,8,3189,8,43,531.5057822996786
71,2,8,4857,39,24,194.90011471220518
50,4,29,4953,31,29,165.02922114407602
34,4,21,4484,19,32,126.32849288947571
79,4,13,820,27,16,241.65431557799175
22,1,12,4833,32,6,49.37835775605247
129,2,29,598,3,47,480.21186295820786
106,3,16,4829,45,18,347.2537379154375
112,1,1,1773,33,26,373.1527917443871
80,4,13,3167,47,35,243.5280877476853
46,2,26,214,2,27,140.47419097512312
100,4,7,3079,25,24,360.76999668045755
65,3,28,4869,7,42,197.5663394411891
77,4,26,1836,5,8,226.7037506391308
139,4,5,3711,15,19,494.64687525635804
72,3,8,2353,23,28,227.918696456349
72,2,25,2394,47,29,198.83361923910877
100,1,27,3730,38,5,295.7574484407333
63,2,14,246,29,11,187.6741007229335
84,3,23,4082,44,35,231.62463508186323
29,4,13,3553,12,16,124.43506352678537
68,2,15,4607,4,46,221.49282032946005
115,1,23,2510,24,9,357.7528362598157
22,3,17,236,19,48,155.46195318795503
67,2,15,3460,17,46,221.55820119944465
74,1,20,3105,46,42,212.9823933438652
122,3,18,3652,17,16,412.75323947636616
19,1,18,118,1,43,115.31836677335242
117,3,2,2342,9,22,421.53906622337894
20,4,4,548,44,6,108.90731861741665
123,2,1,2048,49,14,410.05170093907157
130,1,4,1045,46,19,436.86624377212934
108,3,18,4336,11,34,392.78164235989794
61,1,5,2020,46,48,201.7983657709788
113,1,19,3077,12,21,374.65138155584555
69,2,15,4288,49,8,168.7867525336985
66,4,28,4115,46,11,176.41609525561506
27,1,8,338,10,45,135.5491879659996
128,3,20,304,18,35,472.9055138884059
138,3,17,2707,34,43,500.8954240322794
120,4,1,4440,38,38,445.77882582495
134,3,12,3488,25,10,447.7650695827228
77,4,26,3072,45,42,239.52456210519756
33,3,19,4490,13,49,134.7647946958977
106,2,15,2787,44,38,370.38268828049473
72,1,9,4266,43,48,209.1224864906489
104,2,7,1448,23,19,357.39563021872516
131,1,2,4500,40,18,427.65996315957244
76,1,29,916,0,10,185.87162873312448
37,1,9,920,42,41,121.22664552706445
141,2,10,292,21,36,506.15460391674355
143,1,2,1876,22,7,474.1061524679332
72,2,19,3745,18,7,180.94432473509843
136,4,11,4724,17,26,479.7746883354453
15,3,13,350,11,26,120.24704116078232
48,3,10,1888,27,14,128.40795032440832
110,1,14,3800,27,7,341.6122699306356
140,2,18,2563,32,16,466.7860683623291
132,3,19,1267,18,33,476.3561182450318
62,2,22,3993,27,21,168.0746660594263
103,2,9,1196,48,11,342.9700019240678
131,1,25,2779,36,17,423.90512572571373
143,3,7,1947,25,6,492.0405133188827
30,1,28,4004,34,8,63.20493041268541
83,1,3,604,33,14,208.34415268412891
36,3,20,1721,34,43,156.97207417154397
107,3,6,2572,39,28,382.7758450702924
90,4,27,2646,15,21,256.77335777194116
100,4,21,1487,37,10,341.51581160251715
43,2,2,3094,12,23,134.56589146650353
83,3,29,3916,22,9,201.2344621969994
61,4,6,817,21,36,233.94914538831745
108,2,3,3584,15,14,351.4018335887648
99,2,16,4534,27,13,238.88604260675092
53,2,8,758,47,31,174.70224794180285
114,4,2,4108,34,17,399.5849726021356
47,3,17,4624,44,23,125.68670233373086
115,1,9,4334,45,25,377.1135868725022
37,2,12,3864,7,28,126.6219083505878
24,4,3,3089,43,42,144.60424221823905
83,4,11,4737,21,8,218.1785862854506
114,1,1,2204,20,28,398.0916508690393
48,1,23,1355,25,39,130.17541552029095
110,4,13,2582,39,7,369.7653179102787
15,3,15,483,20,8,96.06327444142025
83,1,26,2707,24,41,230.0748159878689
18,4,5,293,40,44,134.9599905666463
30,1,21,3907,0,39,123.36849458665678
38,3,17,3819,5,35,140.8112514158486
94,2,25,2681,22,48,277.322391101529
16,1,23,2665,22,29,77.7976523253905
142,3,24,2863,42,44,512.6202828526493
98,4,25,2898,42,17,258.587874854446
138,1,6,2439,22,8,446.89257571688165
47,1,28,3506,31,18,96.45090157238421
115,4,21,831,29,17,400.6976614360849
26,2,22,2972,12,31,107.86645233561998
81,4,11,3220,42,10,224.7692312862991
79,1,18,4880,17,21,191.36575870503958
88,4,4,4277,22,40,283.93648918213273
57,3,3,2704,14,44,210.91954243732474
58,4,13,2482,32,39,213.39912325102202
43,1,23,631,20,21,110.41785018192938
26,4,9,4416,38,45,136.19909584313564
109,2,21,734,22,6,362.9573739107046
60,4,6,1869,26,17,195.6777225176795
144,2,26,3904,44,6,453.7436473453524
49,3,28,2470,43,32,140.7725287636157
95,2,12,102,17,47,290.7657938995883
104,4,2,305,23,30,397.97587474654506
22,1,3,4235,46,26,76.07361830200222
107,2,3,2721,39,47,393.8420826419875
104,3,28,4839,41,7,327.75789225769756
129,2,12,2990,6,39,457.9523950845951
119,2,15,3293,49,16,383.51345424650486
149,2,9,2766,47,28,503.9222918523733
72,3,23,3406,19,9,193.28487848471872
128,4,8,997,26,24,476.1273527265723
89,2,11,1185,5,43,276.6829500635398
134,2,16,1379,26,43,483.7723999274235
35,1,26,770,8,17,97.11876774272733
115,3,27,1605,44,45,419.8147139606363
113,2,25,3675,30,49,402.7956397730424
50,3,22,4914,20,16,152.75915889256683
110,2,4,2055,25,17,372.55561982778494
51,4,28,349,39,14,170.27539169092933
26,4,1,1992,47,37,140.27264985376067
127,2,24,3539,44,44,440.87621522380084
27,4,7,1953,12,20,128.24811968329513
37,2,2,2954,48,49,145.08269190935488
113,4,24,1603,22,39,429.7746669494085
119,1,28,3485,19,7,366.44013406420754
44,1,5,3671,36,9,85.48030934601115
31,1,7,3892,27,30,107.3985740163272
127,3,4,3526,16,15,433.7091530842394
76,3,5,143,27,11,220.90411583838767
98,1,24,3712,40,14,220.67583666148124
126,3,1,2718,1,46,481.60714953826886
100,4,1,4778,24,38,372.46511849906
33,2,15,3263,49,7,82.30074390207733
114,2,20,1388,40,12,357.4896869625624
90,2,19,3042,5,35,261.6823525418352
23,1,29,319,10,15,77.93746112802982
42,3,10,2025,37,49,164.73978454875322
142,4,28,3072,5,11,491.4751280896746
66,4,18,3613,44,49,236.97488691010412
97,1,28,2548,10,6,223.18874567769032
125,4,3,3571,13,10,432.4544540968298
131,4,11,2874,1,45,494.1762250604451
83,4,15,1090,39,36,263.25598422563513
113,4,27,3046,2,24,394.90912285558494
39,3,11,1912,34,38,143.75757146844623
137,4,17,903,32,20,488.43684689834896
67,2,17,589,23,29,204.95042010985534
71,1,6,3656,18,16,185.00886828682454
53,3,5,1593,17,11,173.41947994540396
123,4,8,3745,48,43,453.5615672933561
56,3,2,2991,23,21,173.17924691481346
136,4,16,1805,44,49,508.1264740965723
147,2,20,3616,34,15,487.0132836592744
89,1,24,3440,0,10,215.02128136473723
90,4,12,153,35,27,261.706116410105
23,4,6,2675,24,31,126.92640909382934
88,4,1,3691,44,10,241.65982683799564
21,4,4,715,48,42,140.40980593297425
41,1,17,1054,42,6,89.54254606437445
136,1,13,2533,33,26,466.00902664507953
19,2,18,1729,24,24,94.79211344278302
43,1,5,2881,15,29,122.27640294906442
97,4,24,749,33,19,269.1148165470368
123,2,24,2447,28,33,436.46705398949916
79,2,27,4590,18,12,193.7310091814474
100,2,3,3378,22,41,365.1954081388988
85,4,11,2740,18,37,267.87820022159207
59,3,13,3901,24,26,189.19408464090563
146,4,4,2661,15,9,515.598498849654
50,1,26,3349,8,43,164.83410745262265
84,1,27,470,0,22,229.3331409597308
33,4,14,957,41,42,154.34423856688284
122,4,22,4986,18,41,445.92399317314306
105,2,11,4853,32,34,354.2785549850584
104,4,27,483,33,35,385.60008986085546
33,2,10,3977,15,14,92.14928867388585
53,1,19,2652,43,19,138.0089091494185
140,2,18,4434,39,46,494.3854511021339
140,4,6,4390,17,48,526.7244171727845
72,1,27,2825,33,22,176.50181165068793
75,3,29,4134,24,27,221.5852632374419
141,2,15,3393,44,37,485.0767248034203
119,1,21,4351,5,20,392.4605148050967
15,2,10,4088,20,42,100.017681791891
145,1,5,1022,5,39,527.082511675839
106,1,26,3015,31,38,358.0471981569066
127,2,29,3050,40,32,427.754716343208
70,3,5,3146,47,6,186.58371161882852
131,1,10,1074,42,34,456.51129928164664
148,1,28,1330,38,17,482.93767408158976
72,1,5,2535,30,45,220.211305596065
58,3,3,1914,41,20,179.33042894002799
75,3,23,3034,9,9,203.12782192178528
61,4,6,1463,29,32,215.43097586449997
94,2,4,4040,17,43,272.51987478258593
132,3,18,303,23,49,502.8623899206036
34,2,28,260,8,24,118.44027515912026
61,4,9,4587,30,28,196.4843435099137
63,2,17,868,14,31,210.04406205674985
28,3,29,3848,3,34,117.36014260949372
15,2,13,2681,39,49,108.92919620497504
131,3,27,1193,8,31,472.8813624777336
68,2,15,4600,44,30,191.23398688992364
132,3,20,707,8,11,454.4279284279494
17,3,17,1640,25,46,135.5909120748515
26,2,13,2975,3,42,126.14836967391174
88,4,16,3291,16,9,234.82893403157237
30,1,22,1937,15,27,98.66960492073375
116,4,4,789,14,32,446.61854768454015
131,2,5,3859,34,38,461.633787149554
22,4,5,3049,4,19,115.20119026128012
136,3,9,2203,4,36,500.51894828859446
106,1,17,465,19,30,352.4442450605049
104,2,13,3675,14,35,371.1898618173332
74,2,2,4650,17,23,205.64626680250845
42,2,13,4299,46,13,82.26880924495052
115,1,22,4272,1,33,382.01659279337963
55,3,21,4425,28,43,188.59202968721198
60,2,27,2478,12,8,153.9291462044758
49,4,23,1305,3,7,141.96674661843028
148,2,19,3939,41,33,508.8928644299558
96,2,3,2835,44,15,243.09767971758936
129,2,10,3447,9,37,447.67826532392644
61,2,2,1775,30,42,211.77270792896553
24,3,13,398,40,15,99.01191774695472
70,4,19,1056,7,31,235.82972772947704
44,3,26,1214,2,37,154.72412359418146
123,4,17,2605,47,25,428.76880896456964
19,2,21,1574,45,43,113.67610366475108
133,1,14,4560,8,35,459.4327567716889
47,3,12,4546,29,42,153.10191869211835
132,1,21,3826,10,6,416.0104437414426
79,3,12,3571,34,31,241.9961984816675
25,2,11,2928,36,40,123.39987557250255
99,3,7,2950,41,15,255.69220898163724
40,2,4,2606,12,22,123.38863894899242
77,3,19,3870,35,5,197.6901358139096
100,2,1,3064,12,39,372.7379034138137
73,2,28,4694,11,39,205.44786398087885
41,4,24,1049,36,35,158.6291065961437
112,2,29,4703,9,32,379.42813232638036
119,4,3,2950,8,43,455.3954423470333
113,2,13,265,6,5,367.80397070379667
143,1,15,3586,1,29,488.65541902651097
69,2,2,2609,22,47,233.73886207390038
20,1,11,1019,38,42,120.43663827055109
109,1,4,213,39,24,375.88616903874345
147,2,19,3604,38,7,470.58556639311985
116,1,29,1091,20,6,369.6467119710987
17,4,17,3939,22,22,106.43124711336412
37,3,3,1358,28,48,166.12978694008606
67,2,28,3526,13,14,172.96422920484397
97,1,18,614,25,9,230.6391377187828
99,2,8,4904,4,13,246.32736535228477
92,4,22,3296,30,6,237.26490282762524
124,2,25,4534,24,38,426.43522692118233
15,2,24,2684,30,42,91.30423897473331
65,1,26,167,49,35,182.84738636354356
18,4,19,1696,19,14,107.69844460806056
127,3,5,4578,43,16,415.1458100132206
46,3,7,118,16,40,175.62090508183607
48,1,21,2830,44,25,114.48078630569252
106,2,8,3621,1,10,350.90548190966604
109,1,28,672,24,7,346.18965517114304
86,1,5,2358,12,14,224.34387339179446
53,1,17,3002,38,9,131.31563435816895
132,2,5,750,27,30,465.53055441205714
17,4,4,2687,41,25,117.53636487530844
137,1,22,3362,5,49,496.3361500569182
64,2,19,1438,2,30,200.8570473787883
26,4,27,3734,34,42,122.6437249741515
68,1,21,2927,17,48,213.3160154762133
147,3,2,2317,10,30,531.8688770218178
71,4,11,3639,19,12,207.92474620102732
126,1,22,1137,4,9,420.63997019930196
61,4,13,4483,18,19,179.67164780863752
99,4,15,4078,21,20,276.1063597580958
80,4,12,3061,18,5,217.5666577906154
89,4,22,3326,46,20,243.75889489325246
117,4,21,1198,15,41,451.2936291905223
52,4,22,2424,23,7,166.17670577098897
64,1,11,1039,40,35,197.80954052015
112,3,7,3816,3,17,390.47780300893373
96,2,28,3514,14,20,242.24511025302704
44,4,5,1548,24,47,178.54858599610276
93,2,17,670,43,25,240.809724042814
105,1,24,3004,34,6,310.90407086117403
66,4,20,2605,13,31,221.77881010250982
93,3,9,1017,48,42,278.5659667155181
44,2,14,1974,18,30,132.67751963805233
120,4,26,1778,37,42,457.29625522843094
65,1,12,715,35,29,197.59447398329937
95,3,6,4601,6,15,248.93962017045013
147,2,17,1849,29,12,495.5601747282772
43,2,19,3925,18,12,99.3986569720455
146,4,19,4288,48,37,521.0536171709325
88,3,26,2577,24,11,229.2081432420946
31,3,16,4849,15,42,128.8119701611406
98,3,12,3605,46,25,254.77374726231452
83,3,12,3575,39,12,221.81965909234253
48,1,20,4629,7,25,114.97056483599054
20,3,6,1235,17,24,107.42694560853641
67,2,23,4100,27,12,165.45932034984196
140,2,26,474,15,35,495.593637501528
57,1,4,306,18,33,188.094309555938
129,2,6,4975,41,13,421.6120114437945
125,2,11,1419,16,19,432.59602984001845
94,3,1,1241,44,34,272.1518516457223
109,2,24,4727,12,30,366.4839258152069
132,1,23,2790,6,14,435.2086882380809
22,3,15,3355,26,33,113.20177492233124
146,4,27,189,9,20,520.5766202441825
118,3,11,4208,33,40,426.25609639369264
146,1,25,3120,35,24,489.8909624471954
39,3,19,1957,24,49,161.40712416479258
110,3,18,904,5,41,425.20470756515846
107,1,17,1044,23,26,361.9119289106755
75,3,19,2889,17,11,204.55818944437968
136,1,21,3975,22,27,452.15724007732155
65,1,14,1710,5,45,218.09339542033845
35,4,27,3023,28,44,150.10259803190456
19,2,18,3982,24,33,91.80515439472612
106,2,28,3321,16,20,353.4366634275674
75,3,19,4491,45,42,217.26057030522392
36,3,15,4835,23,32,116.32121668746659
84,4,15,2487,10,42,286.5781305058661
15,4,4,4823,25,35,113.94939630260562
147,4,7,1041,33,18,530.847596754931
26,1,13,2666,27,37,116.29145196213477
104,4,3,1075,2,13,370.92771960610764
60,4,16,1054,10,31,226.83123090077854
48,3,9,1362,37,28,152.24471803129634
92,4,8,1043,13,17,279.7019864046652
59,1,20,2302,25,30,169.59238419167687
87,1,13,3427,47,33,233.25627328477307
40,3,17,4374,20,47,145.20292784198656
61,4,17,2359,38,32,214.77388907138328
135,4,17,1928,29,32,494.0198948212278
70,1,1,1357,7,12,199.6538440321757
108,4,8,564,19,27,405.9443459165258
121,4,19,3394,47,33,423.80299207906637
77,4,6,1330,31,9,210.89727988528102
62,2,3,2754,21,46,219.44957766991743
75,3,27,984,6,11,211.58132481184325
95,2,5,3905,8,46,283.2911047571015
40,3,13,3956,44,40,136.03923267078213
50,1,15,3235,0,45,190.5903869135891
15,4,14,1024,28,31,125.9526856391415
22,3,29,4689,7,6,71.36526136208668
127,2,23,1646,3,29,450.0868153317344
113,4,16,1194,34,13,395.2566260155935
61,1,18,2511,2,31,188.06465117056993
141,3,22,2717,44,5,455.71259906382085
70,3,29,862,39,27,211.157073990702
28,3,22,2423,6,14,102.61073801982413
42,4,11,4245,26,46,155.2863168731566
92,2,3,2875,0,29,273.1786793403632
144,2,22,4759,26,7,455.18132315029914
123,3,10,4978,15,10,408.5348211172097
28,1,10,3255,37,10,68.88595982525622
70,1,21,4070,6,6,166.38519735439934
129,2,16,2140,43,22,430.12807432765544
21,1,12,683,22,27,104.00178411967777
17,2,2,4431,40,6,72.3807809317942
125,3,9,2203,10,16,433.50230381449666
121,2,24,2042,41,26,415.9848443134066
32,2,3,4555,32,41,122.19060327802154
52,3,24,209,49,24,178.62895560538044
129,1,25,291,35,43,465.54249493047996
29,2,15,1003,36,28,113.13147494145771
133,2,3,961,40,24,457.6986695955268
42,3,19,1183,16,5,121.44042193718045
53,1,18,749,34,5,138.9220860397206
31,2,8,4234,47,21,95.60895583888822
100,3,26,3711,4,5,322.1007747907782
140,2,17,736,47,49,506.77753590669647
58,4,8,1136,31,34,224.30174090483487
39,3,7,4231,2,45,156.49894997278017
27,1,7,2248,46,7,64.88221482908138
39,1,3,3965,34,15,96.73437611601446
82,1,1,3257,13,28,229.6308429898325
81,1,4,3687,47,26,207.47350537838219
123,2,25,3394,30,48,448.19906617121165
125,2,5,4361,30,49,450.2091341882637
125,1,1,2530,16,30,434.85506750922576
48,1,15,1979,23,17,117.843240439841
125,1,5,4066,22,5,394.2838147516536
22,2,13,3813,17,28,92.07788422820782
127,1,8,4226,49,14,402.01899686496716
97,1,8,4206,13,39,259.8280510401738
56,4,5,2111,49,28,202.68498122458132
115,4,28,3473,14,32,415.9560917199757
20,1,9,2243,14,40,112.77253826523695
40,3,1,2600,5,20,131.75874418140475
78,1,4,4681,26,44,224.84987346042996
73,4,3,1389,14,20,243.15050547006328
123,3,2,1547,49,21,428.6173182772931
135,3,8,3299,35,19,464.1372488845614
47,1,23,2043,7,20,111.71776974175496
35,4,9,3283,14,19,124.18078679474165
84,4,2,3316,2,38,275.5757047750532
126,3,14,3236,46,15,423.0690058243867
18,1,14,3418,12,5,69.36931469616297
108,2,4,2882,40,19,360.522698080769
89,2,6,1090,33,30,255.8491536618306
76,4,11,2253,23,8,211.94963241014537
108,2,3,325,39,47,409.26120007453454
109,4,8,876,31,9,385.4904738967664
69,4,3,2937,31,39,247.44197338845714
145,4,14,787,29,17,522.2581107575436
45,2,28,629,48,14,109.15703334421141
54,4,13,3542,12,15,176.5496425020565
50,3,13,2253,0,22,179.9233421894503
20,1,2,1394,33,38,112.14493268934119
80,1,13,1626,14,43,247.6669876661899
89,4,29,4874,43,45,264.7311574498124
18,1,19,2996,13,46,107.31792278172622
93,2,27,3203,28,27,233.1900311008656
148,2,6,2540,33,11,502.9669365011021
132,1,16,4235,17,43,462.40936978411605
127,2,2,3902,6,7,419.0025496471366
108,1,8,944,28,16,362.51436674051837
76,1,17,546,30,11,193.07430653125013
93,1,23,4015,24,30,239.89308963109738
40,4,2,3209,37,37,144.65109884097487
58,1,10,1334,13,41,198.31404516743282
147,4,28,326,7,19,533.6952725773933
84,1,16,4243,26,6,191.21599201733653
132,1,6,3059,1,45,486.56303334157104
82,1,28,1930,16,11,193.29096453418265
33,2,2,3879,36,36,126.76098357969244
34,4,2,286,13,8,134.76112211726917
127,4,26,2977,24,24,440.1913573233559
61,1,13,2635,29,40,190.3224885523346
15,1,24,2032,28,36,90.26735447402959
104,2,15,3024,19,32,356.10221985616295
78,2,28,948,20,17,210.02698836739782
52,2,2,2132,21,5,157.065915703893
51,4,7,1352,34,39,207.14538470237633
140,4,3,1981,36,34,520.7106657783702
114,4,8,369,15,40,444.74685141363824
91,1,23,1730,49,29,232.5392829443062
17,4,14,4505,48,20,87.07408987987284
148,3,24,3303,42,23,508.2940698744195
24,3,23,1674,16,5,81.76483119237004
19,2,27,2992,15,9,70.8429406925409
144,4,22,1795,1,26,532.8274317025904
27,3,29,3358,3,28,111.96313375079392
144,2,7,3362,20,47,521.2633938924886
98,4,21,1545,38,49,309.52758069387687
79,1,7,319,33,41,239.61715880293565
77,3,1,152,29,40,261.5272364102847
115,1,17,1857,5,40,411.1924924284764
87,4,9,1766,16,8,234.35853774624408
31,3,21,2885,38,40,134.9995670521285
23,4,13,819,24,22,135.05013191239138
52,1,21,505,4,20,167.72020503418145
108,3,19,2394,4,45,392.6057113746512
109,1,21,171,19,22,368.4554410625278
63,4,19,2153,15,26,210.86627094712475
83,4,25,1329,40,6,217.27878123194145
76,1,25,1667,36,25,201.31366080819134
92,3,22,3782,39,40,260.5552635255014
131,1,17,3053,8,48,472.2432890213993
134,4,23,4582,4,43,496.1829009465273
90,1,23,798,41,43,247.19593946555509
49,4,10,926,1,33,174.41699111628512
15,1,10,448,8,30,97.91020721837491
54,3,4,4008,42,25,164.81758411627777
78,3,8,407,35,21,224.84177678023056
74,1,22,3516,21,20,186.644656650574
78,1,20,2434,21,35,226.81877037653638
107,3,20,4961,21,13,346.622214601506
86,4,18,4920,33,35,247.31284612623605
25,3,14,2909,28,18,96.29356596663585
119,4,18,3658,37,41,437.2526824749767
28,1,28,4578,45,6,56.59629667305063
74,1,14,3577,32,18,196.01341383204297
44,4,20,4720,17,37,149.72699688360845
49,1,21,2786,6,39,140.19996871318216
19,4,24,3085,0,43,133.88263446373227
97,2,15,375,32,24,258.81716689254495
137,3,22,2647,0,6,465.3458754552535
92,2,4,2864,23,45,273.5256233396846
76,4,13,436,3,23,246.3885877641629
146,3,27,2073,3,41,535.673263626248
103,4,23,3079,17,22,361.84585944546257
56,3,8,4676,26,20,170.82510370461225
103,3,18,4068,42,8,317.902969356046
54,3,12,1010,31,16,179.64417941509228
86,3,23,2096,32,33,262.2588591948603
53,4,14,3229,27,11,165.33978192418465
118,3,2,4304,41,18,402.16918572500833
28,3,18,3857,40,16,96.45788160123092
46,2,24,427,35,39,150.7010763635873
139,1,2,1899,5,9,463.9783925562991
111,1,11,414,15,21,369.1834137315564
37,2,9,3645,33,46,138.1361597542438
77,2,12,1234,22,36,239.24314345327213
67,4,17,2846,49,14,191.87166812662002
118,4,15,4976,41,47,434.9324393855783
118,4,25,1620,23,21,421.51840222508866
53,2,17,255,48,9,150.70880996051926
148,2,26,1824,12,49,542.7990485511996
81,3,29,3443,17,46,249.51157170249436
149,4,26,986,12,13,526.9213941749298
56,4,18,3173,48,37,196.57484575862568
29,4,22,2905,36,40,139.41012750767658
125,1,6,821,42,40,441.26278582261745
47,3,17,1012,38,22,137.8652909607478
52,4,23,3457,41,13,150.68130708941385
111,4,24,970,16,33,413.9504476527143
47,4,18,4208,14,18,136.2374436056499
100,1,8,597,17,29,345.5313256664596
80,1,9,1856,22,19,211.0994976182496
24,2,6,1217,29,10,80.27465225044895
19,3,5,3509,33,46,120.95962945734004
137,2,12,2928,3,33,482.1676272194305
88,3,25,1747,2,19,248.20875525385821
111,1,29,3083,6,33,377.9670450619636
132,4,28,242,17,8,457.219722170299
52,2,11,2861,41,22,156.68703308556312
61,4,25,3535,6,48,226.40449125825626
123,2,1,4760,39,43,439.9802287452025
29,1,11,2531,5,20,100.06409923441527
19,1,19,4612,21,15,59.53027201847319
61,1,9,1948,0,18,186.56649747620628
82,2,27,2796,3,7,214.7498752049805
90,3,2,1817,45,46,275.4712877488316
144,2,12,3172,48,42,511.61255035105256
109,3,4,1167,49,49,433.54944803843193
129,2,4,2886,42,46,469.0010277052509
50,2,18,3891,28,22,150.5772131808214
40,1,15,1388,20,24,117.02133030053193
57,4,19,3971,25,29,195.25090758745372
41,4,13,1906,13,42,173.7744958327494
83,3,19,1604,8,17,230.2761656291541
25,4,17,3408,46,8,90.16758185855585
88,2,6,3051,11,18,224.95251067751295
118,2,16,171,41,37,421.05341691689244
52,1,24,1790,5,32,166.38655703088963
148,1,12,1444,19,41,530.1958878956774
37,4,19,3403,23,12,106.71809736429488
61,3,5,3213,26,48,220.73841344770452
104,4,17,982,37,38,399.83272125260305
60,4,26,4334,7,48,218.11833424277876
121,4,23,2762,0,9,409.7753211129106
118,4,26,1604,48,9,399.68766576564497
125,2,29,2563,48,35,425.16735503453685
118,3,1,2653,23,49,450.47057281963555
74,2,28,832,46,13,187.15065206768702
114,3,27,1848,6,46,439.77198372240014
82,1,25,4024,18,36,211.50963632073243
147,4,24,523,21,37,559.2674780594714
134,2,23,3578,34,7,426.74681734624323
51,3,10,1691,29,34,192.0172328810907
86,1,15,4585,28,16,200.42601791197757
141,1,23,4537,21,33,469.71683220072276
120,4,21,4809,10,7,396.9758504828368
106,3,21,592,19,30,388.8062898102182
45,2,11,291,28,34,138.8460015318647
136,4,13,598,40,13,479.9205427212134
65,2,5,1356,41,30,194.27753632474094
43,1,1,2068,33,6,99.16764385570882
54,2,24,4422,0,7,146.64571302966095
55,2,12,2286,30,8,147.22740446346316
25,4,11,916,29,29,138.99371300859372
15,2,17,3320,47,17,70.0569270531216
60,4,4,1573,17,43,245.4921322767892
115,1,15,1186,16,48,418.0239680884445
104,4,25,4299,37,39,390.27992951861364
124,4,9,1974,13,27,447.04608922837383
71,3,21,970,22,13,203.85248099681937
15,2,20,4863,24,6,45.50715144688533
77,1,19,2142,14,45,243.55527088424884
69,4,19,372,45,48,246.2914950309208
129,1,12,1129,21,35,454.84157461315357
67,3,5,3318,2,48,244.71619049042607
71,2,10,4169,18,6,178.77597406836355
131,4,17,1151,43,36,481.83119221799336
49,2,5,4133,33,22,115.71676374685475
77,3,22,1673,34,17,216.04256701166716
39,3,16,3290,49,9,99.99416816344738
104,1,7,4488,0,46,377.1768861820086
89,4,28,3897,20,48,286.16363425153264
52,1,9,3389,28,14,131.03115547793004
144,3,3,3847,5,47,538.0614140132365
149,2,15,2205,36,29,522.4586891791072
105,1,16,407,0,38,378.9773878778057
31,1,18,3459,0,41,108.50913773153364
142,2,14,3276,26,34,490.5448021257504
122,1,3,1351,20,11,408.3428492483866
39,2,12,2847,15,10,104.9609864744167
102,4,9,1617,43,7,353.3625984917051
43,2,28,1478,39,17,104.79495528225907
77,4,7,4991,25,7,208.6994161745965
128,2,9,2061,15,30,450.2706834605184
63,3,13,4405,27,28,194.29978996821845
95,3,18,2963,0,10,249.2660609855177
98,4,5,2756,35,47,302.2956998991855
119,4,13,2594,9,46,467.79091815381344
132,3,4,4667,42,16,435.071820249188
100,4,2,4105,16,40,381.4918950849474
77,2,16,3663,22,6,184.38547217837845
118,2,9,1022,6,15,418.87101017928137
63,3,9,4332,43,43,212.1919900381021
85,1,6,4562,6,38,235.55344812314803
15,2,11,3059,43,30,89.20142355339813
137,4,22,283,14,22,504.5062868699026
76,1,24,3458,33,25,188.36862184134984
46,1,22,1498,45,40,122.67775913884721
43,2,1,2896,44,44,147.55503431231907
63,2,4,636,3,48,237.2682018370391
44,1,13,1373,13,26,130.1301728669493
33,1,23,3067,13,34,112.76312880435975
32,3,13,3149,15,47,157.253528253669
15,4,13,1196,6,34,126.90931254811983
92,3,2,1405,31,12,245.08598402677333
129,2,9,1015,18,38,475.01101666973096
127,3,24,3181,1,13,426.7718724914278
128,3,8,4347,9,24,441.8170601337032
77,3,7,1128,49,44,262.9292227614264
146,3,4,2077,16,29,520.9002893416786
143,4,18,3454,36,23,499.0436398144468
22,4,3,2611,11,9,108.70316274384298
69,1,28,370,5,15,192.0456832098164
117,2,6,1286,21,19,397.15598470858765
145,3,12,4655,31,12,485.1773757575312
46,1,12,4300,40,23,99.14811470869961
24,1,21,3864,19,27,88.33805606296224
124,1,28,2498,0,31,420.66596136986567
138,4,8,4629,46,44,512.8615312809288
101,3,22,4335,5,36,358.1951499078687
69,3,22,4282,18,30,194.2901014705504
46,2,1,1811,17,31,143.6557537512935
149,3,4,2330,5,23,532.7934994471556
107,3,21,228,44,46,405.91176936581155
22,1,28,1369,32,33,89.7079258471754
79,2,11,3772,22,43,233.3067693644296
71,3,3,1701,22,45,254.70288951854494
81,4,13,4865,25,37,241.52387441018897
86,3,25,4070,12,23,232.60508279304153
68,1,17,4344,6,41,203.10674408265493
81,4,22,727,14,23,250.48789768171483
65,1,22,3897,43,37,177.750758948087
111,3,10,2144,26,20,384.5650280666272
106,4,21,3652,25,27,379.07447220876145
22,2,12,2441,32,11,77.12002073415108
49,2,15,3314,14,30,129.50015404940413
110,4,21,349,35,36,418.33899993925843
102,4,10,3025,44,16,355.4404769068959
92,1,14,1074,26,12,237.4375119788267
46,4,13,1425,4,9,145.01983825608474
134,1,5,1083,1,46,490.0592817418425
60,3,6,988,32,32,211.28184620029998
69,1,24,3037,15,9,162.22185872640878
21,4,2,2217,22,30,124.14195201640858
88,4,22,2772,37,9,229.4640030346501
21,3,17,1426,15,26,121.1076643764956
99,4,4,570,13,19,291.2745635539376
126,4,14,2087,28,17,439.04552934370616
139,2,10,190,25,32,494.4882921239363
50,2,3,629,34,37,186.98566707329013
43,3,25,4856,14,47,138.25443773014575
96,1,3,4159,2,27,255.86586182624308
16,2,15,4934,22,37,94.15632486870624
143,1,6,2873,28,47,504.0470256953397
61,4,17,1786,33,22,194.76413203129465
25,2,12,291,32,34,125.70331972460806
144,3,22,2086,40,30,505.0959348392714
133,3,20,3723,40,20,454.95176014478204
34,3,24,2285,22,17,118.66077739951359
19,2,29,4540,6,43,110.41224136427964
51,1,11,1108,2,37,182.63284126691255
67,4,25,3883,31,30,196.7107644021636
113,1,4,4398,30,5,350.56498152267415
100,1,26,4768,17,42,349.7578818488927
122,4,28,4387,42,6,396.4230496091308
38,4,26,2152,6,10,112.25092240600426
95,2,6,3408,40,42,265.0256075178494
134,2,1,1816,0,46,503.781333626166
73,2,20,410,13,28,215.210057162901
142,2,23,4638,31,22,456.78023016010053
128,2,28,1360,5,31,453.2107461489244
129,4,16,4032,38,45,471.6756187682119
28,1,15,3368,9,12,90.06345830449956
23,2,17,684,6,32,120.60516743991397
54,2,8,2899,25,14,161.64789448449196
39,1,28,459,33,21,101.7045692825197
117,2,26,2966,29,33,403.3686665158693
36,1,12,2111,35,10,80.23850355818928
18,1,27,4106,20,18,57.899168473893546
43,4,22,1725,16,26,153.84307350659677
123,3,21,2864,32,10,408.94730984865095
112,4,10,990,9,30,423.30746541058744
51,3,27,831,46,43,193.73085620732934
89,3,15,4061,41,16,229.92930954920294
84,3,9,4801,11,39,262.95447316472104
142,2,2,2604,15,18,490.9153317194279
99,4,5,714,40,26,284.3874621224485
56,3,6,3906,31,27,182.52151758542166
114,1,7,1819,14,11,378.5378281356069
55,2,21,4869,26,44,185.4782950571435
48,4,25,1687,27,29,145.1248406393606
31,3,1,1711,16,17,125.36853359745906
136,1,23,996,45,25,451.51372536250943
90,4,26,377,49,45,278.4668403769028
101,4,7,4747,1,14,357.22919812121694
131,2,20,1736,35,13,438.8312426971595
120,4,25,2258,49,19,411.20923769401224
100,2,12,2532,6,6,326.61078989479955
41,3,16,4004,12,29,129.5195910243957
71,2,16,4956,14,17,200.65851494978386
45,1,11,3362,24,38,132.2917908322268
148,2,21,1549,22,38,525.3025920436361
112,1,4,4600,21,39,394.1108357311056
26,2,13,1332,25,42,138.1873068284165
67,4,7,4217,32,7,197.25835355261768
136,3,4,777,10,46,531.6399684125505
60,1,15,2758,9,10,162.33857441433065
78,2,19,2128,24,23,215.15074128110936
144,2,9,3858,36,7,467.08691616197837
68,2,11,4724,47,22,178.3396234919673
121,4,8,2137,42,43,455.98122316410485
65,4,1,2749,37,13,207.19968403644296
50,1,23,756,40,16,140.70360453467987
129,1,25,265,44,9,415.95710932408105
40,4,24,4691,23,7,107.88258277390494
43,1,8,689,39,15,102.80672518438958
25,3,13,4624,45,34,99.21411665068858
54,3,22,2921,32,8,146.81668516657467
25,4,27,4358,16,9,89.36646816134606
127,1,4,1362,23,5,415.7716405013394
53,2,8,171,36,31,180.15849836327806
68,3,3,3616,1,32,228.1153257337055
112,4,29,4850,31,33,391.1615740279152
69,1,9,3680,23,22,186.28478719091973
125,4,29,368,8,16,444.88790840330944
83,2,2,1876,3,17,244.17216545893695
70,3,2,2562,16,45,241.32379537449862
47,4,28,1368,16,6,139.44209545577354
50,4,13,1115,49,41,200.02825073630197
95,4,15,2822,47,49,286.4997155481959
123,2,28,1183,29,20,415.2154250478673
87,4,23,4201,39,28,259.600695743184
54,2,12,506,10,39,205.27602617509314
31,2,26,3176,20,26,107.2148205172063
143,2,4,1085,20,40,528.9759343082076
75,3,26,3703,17,15,198.05203267748848
118,3,8,4585,28,33,419.83022188182935
56,4,9,809,23,39,222.41251150158558
39,4,23,2718,9,19,140.64533374322204
53,3,5,4949,44,35,177.75656141706676
49,1,24,1511,16,46,147.50861727711296
145,3,20,4721,17,45,517.0760030131544
122,2,18,1585,41,47,445.800072434378
116,3,11,3050,47,20,396.8647591675942
112,2,15,4751,19,14,356.5920590592974
26,4,28,3034,36,36,126.66581802030288
33,1,22,4214,44,6,62.16589761897429
115,4,9,4770,17,28,418.06722879941884
58,2,17,1103,16,27,196.16184058950952
63,2,27,2566,8,6,165.77139646807137
31,2,26,2566,13,42,123.31817557933952
88,1,12,2038,48,35,233.44689209727676
71,3,7,2039,28,44,251.71063831539544
69,4,10,1735,30,30,232.8274469656128
61,4,25,1798,3,33,228.93076889775529
26,3,26,4627,17,7,80.79302409243616
76,4,25,2191,19,18,229.16867818589225
94,1,10,1995,46,29,249.6936180811908
97,4,27,4340,42,5,226.7843059279529
22,2,13,3498,43,7,69.53475375056263
95,3,19,1173,8,30,272.9150054931897
132,1,11,2502,12,22,445.8754382606126
39,3,13,4995,14,13,110.10084818061524
103,1,21,3312,26,42,350.9733305473377
26,2,8,4137,14,27,107.99668662263835
73,3,8,1251,27,25,220.40815507267084
123,4,4,2545,36,5,426.9165991198078
40,1,15,2056,18,25,111.77781408947325
61,3,28,4658,25,31,179.56441287890607
46,4,11,4007,25,46,160.0232204200446
24,3,11,907,24,10,99.4032308358117
30,3,1,286,25,48,151.061940965216
40,3,17,4927,25,40,133.25800430445835
100,1,15,4624,45,32,329.89743512666536
149,4,20,1407,27,49,563.7564420013008
28,2,6,2384,48,21,93.9124069204668
93,1,24,4966,17,44,248.83131658284404
131,1,22,857,31,7,421.7894788793745
21,1,28,4331,2,16,78.38304981292858
129,2,25,4987,1,43,459.75360509270206
86,4,15,3954,32,16,236.62799063586422
73,4,9,4366,41,6,199.92533274179772
96,4,14,2306,18,26,279.1280946590997
130,3,18,3658,16,27,455.222934095469
117,3,26,1680,43,34,424.19470151715785
31,3,17,1061,32,9,96.52210486591876
28,2,18,3947,11,13,92.13972756570469
122,3,5,3675,48,25,421.5460426215611
59,2,20,975,2,15,178.94255289373325
112,4,20,2518,42,9,375.43552033153145
145,3,9,4298,48,39,514.668370102821
51,3,11,1101,25,31,190.98235266747665
122,1,24,3484,34,6,372.92648806636515
53,2,22,4166,7,28,162.98671127441673
29,4,1,2945,35,35,131.4733477377453
134,1,18,1581,6,37,471.98098127824164
18,1,6,3401,45,43,96.53852426869514
107,4,27,757,45,34,393.5561553608342
30,1,2,2880,35,41,129.5154294234075
122,2,15,522,15,32,435.3202190324329
140,2,29,3781,23,35,477.4813457312642
69,3,26,4366,0,15,188.42751954348452
48,1,21,2810,48,27,111.26672383801058
27,3,14,552,24,6,102.94317729898137
32,1,5,2497,9,44,137.2417260653477
110,2,6,2075,15,45,415.63853999117134
137,2,6,1757,15,31,495.5461529380599
53,2,22,2641,7,39,185.30558181263413
60,1,18,3175,28,6,155.06570091870603
43,2,14,3264,38,43,136.42615739420617
76,1,10,3066,27,41,223.64670288170453
30,3,14,2153,5,25,133.97913535886346
135,1,13,387,15,9,449.63212513993886
24,3,3,3317,19,49,132.3957662798863
117,1,6,3954,15,25,392.52817915148427
98,3,29,1547,6,33,286.60982378043246
147,2,8,707,40,24,505.0826486023522
79,3,12,4652,13,42,249.25346397564493
17,2,13,1864,42,24,92.65076970006726
134,2,11,1325,25,29,480.7196024192569
82,3,12,1335,25,6,218.2403433883068
51,1,1,1129,13,36,190.7794670779462
87,1,17,2771,6,30,237.49804123700414
63,4,16,4062,32,10,189.23025152026145
135,1,11,4642,25,45,483.9302496890666
102,4,13,3277,44,7,347.39165219526274
51,1,18,3822,19,37,165.1025933905411
75,1,11,1575,2,5,204.50501998030904
138,2,28,2996,3,9,457.91739020833995
53,4,12,908,25,17,183.36027143238692
77,1,6,1078,10,23,220.4036334652421
60,4,9,2563,1,16,206.208360931475
102,2,16,825,13,29,369.0297707781003
25,2,4,2601,43,39,113.2736755509617
76,4,3,3462,29,16,218.53233856770163
91,2,28,1316,48,34,246.69345076895073
66,3,16,4151,11,9,184.17271806728095
18,3,24,2297,25,38,119.41281274939959
73,2,27,2906,43,26,197.50652562052403
86,3,26,878,32,43,261.8278563324118
107,1,25,1072,12,17,361.98471471509646
77,4,12,2910,13,7,213.1397096907848
68,1,11,2223,23,24,197.9117037242688
131,4,5,698,33,35,496.29411641725187
124,2,25,3441,43,9,398.8016615193587
88,1,18,324,25,28,235.8778335353854
121,2,19,940,20,44,444.586729009554
71,2,23,1914,27,37,218.07521278640522
17,4,23,4909,47,12,72.41801119699242
134,4,6,1206,35,28,494.2262922674755
20,4,22,224,39,24,122.99544728035603
19,1,18,3346,1,20,74.21583076416013
19,3,26,3031,41,16,77.61394145894455
68,4,6,4225,8,17,206.1712734064687
61,4,4,3071,22,49,236.72790868931975
23,1,12,2117,14,46,121.32236865510565
113,4,19,2515,12,43,435.36157292220355
34,1,29,4690,22,29,90.86861551460686
136,2,27,3196,16,36,477.4144163835965
75,4,29,1709,47,28,228.99224022756002
137,4,2,817,1,48,541.527020306029
96,2,17,3661,19,13,238.91656530728795
76,2,11,1116,19,44,247.9883830893363
17,2,11,3665,45,27,93.631841980375
27,4,21,4801,2,17,120.00809923359397
134,3,16,4570,11,36,482.43115487383534
139,3,2,2060,39,19,487.23995581854535
103,3,2,1148,1,40,404.8229115465862
87,4,23,1457,35,9,230.2948345705818
82,2,8,3526,13,26,231.20052733732706
115,4,13,215,15,20,416.34337696525694
112,2,10,2195,18,45,418.14988458620167
25,4,8,1901,33,14,110.26820346011425
119,4,4,2246,43,28,431.97611277320556
81,2,15,1720,45,22,210.04014547238475
137,3,1,4880,5,22,473.53377155026163
43,2,11,3050,12,11,111.87436901468024
90,1,7,3892,35,8,202.25576960840783
23,1,17,3041,21,30,98.51886991892789
54,2,27,1077,17,9,150.43055455793345
39,4,20,3166,11,20,133.96627250642885
19,1,24,883,29,39,99.2906218551412
138,1,18,340,39,30,475.22734887516765
52,4,22,1653,6,22,181.9260633545243
86,4,29,4678,31,33,242.5340851218522
147,3,22,1112,47,27,512.0689335735613
104,4,12,286,18,18,383.61616287654493
51,2,9,1981,5,19,172.11131232227103
74,2,5,4686,19,37,215.0371197269226
42,3,10,530,26,29,145.9840963168956
95,1,4,338,42,25,246.53841078638584
128,1,5,2445,36,21,432.65128596934267
54,4,28,175,47,27,193.6576207382697
59,2,28,1456,6,47,204.39177426744592
76,1,10,2430,4,21,213.1335148719074
107,3,11,4786,10,18,359.9835196537115
129,3,21,2002,14,33,464.6354161364034
81,2,24,4113,2,24,218.36127114530478
70,3,10,4770,4,34,230.6830308177774
54,3,28,2159,22,23,169.98075136484556
112,2,8,240,36,43,417.9737486132165
54,4,2,1889,8,17,190.1424779591519
105,4,23,3726,14,22,363.4970320757963
47,3,8,116,2,27,158.94231724209578
20,4,16,4448,28,37,120.10864745494861
94,4,27,564,5,43,285.43840840765375
106,3,22,4571,16,44,391.7979814468775
111,4,5,1927,25,22,394.7044293778457
73,3,27,3128,20,13,196.37031281943348
73,1,25,619,7,37,227.43807725802654
62,2,29,189,20,36,212.7459198334434
27,2,3,4915,10,21,96.88475068155711
121,4,12,2951,37,23,422.33525458191457
59,4,13,2943,7,31,219.05274112883978
103,4,13,4825,41,10,343.5257827506013
114,2,10,1984,23,39,412.4550385521077
21,1,4,4271,34,41,97.92131270895396
147,1,9,1025,13,38,522.6130391817029
59,2,22,3834,13,24,171.1770673213268
72,1,24,1069,9,29,210.6803407120082
45,2,23,1194,11,8,110.96992708631613
37,1,27,3295,37,14,78.0020986221888
121,3,2,1504,43,14,422.10639509705294
53,3,19,3464,45,28,162.18792929470564
96,2,1,4390,33,25,248.72032140043208
114,1,25,4082,40,15,344.1202949045045
16,4,29,4423,9,31,107.54206236676451
91,1,7,4113,16,20,218.00297295929062
26,3,17,4656,16,30,115.15005063413216
53,3,3,4813,2,34,184.12681302103996
27,1,20,3192,30,20,73.13710717319273
60,1,20,4259,0,11,150.3819335204919
127,4,21,2174,11,20,462.7555364583852
31,4,3,384,38,39,159.45596226710785
118,1,3,1287,3,20,398.9884294727302
112,1,17,4069,41,44,377.2843736617773
102,1,7,3065,12,16,332.12199813377146
123,1,27,4419,33,39,422.59176580885435
84,2,26,883,41,25,223.00522926015566
88,1,14,1049,20,47,259.745573781484
77,4,17,4039,21,40,254.8371469344009
74,3,18,144,3,21,229.27453602631186
93,2,13,1910,17,36,273.86500013649373
51,1,20,4666,4,45,168.1645022991202
36,3,29,2181,18,10,104.59182076135473
110,2,20,3598,1,28,387.8781593109412
82,3,21,929,11,31,251.67579561632098
31,1,27,2009,16,24,103.11526598763231
26,1,18,2681,9,29,103.03633650217265
132,4,4,791,33,6,457.1018546079054
36,1,1,4119,5,13,96.51841393826987
134,1,18,1031,7,32,476.2069199613751
64,2,1,3506,10,42,221.24708095593442
28,4,26,247,11,7,109.89873550789586
43,2,26,1132,8,24,119.94142805514248
139,3,13,1411,1,10,475.2200425929514
21,1,20,487,7,43,111.58347205186442
43,3,20,3221,10,37,143.84778896616726
47,2,23,1973,35,5,99.11441063153276
148,1,10,3688,9,41,514.1229429945299
125,1,27,1015,20,10,409.61256396848006
93,2,11,1978,19,49,278.2811546138973
72,2,9,3848,47,38,205.14720478966495
40,2,9,377,7,19,129.64117876942976
43,2,5,2077,35,49,161.66952559996616
18,2,26,1959,28,30,106.87427309906583
113,1,1,3136,41,18,371.7127252725159
53,2,17,3471,11,11,158.29914859361807
29,1,22,4813,13,35,91.03971674136719
133,1,2,2282,47,28,463.298696303305
43,2,24,4775,49,35,103.99257774722255
89,2,13,1270,20,33,256.5808037305616
130,4,9,589,21,46,507.20326259789385
46,1,29,2625,20,36,116.67391492152026
144,2,4,1282,43,21,493.66474954037335
98,2,5,4579,49,18,232.97038735355184
36,2,11,4358,29,44,129.0488949637513
41,4,24,2588,38,40,158.70791428336335
95,4,19,1976,19,28,279.4841253314391
140,3,21,2562,23,49,517.0846802788299
106,1,3,1730,22,31,357.67837816410895
35,3,12,387,6,29,146.3337760241929
61,2,26,4382,8,36,192.75007704489087
115,4,19,2007,0,22,410.3999011609489
98,4,19,1261,25,22,279.06513820138736
20,3,13,229,37,41,131.56504095166022
145,4,28,2463,37,30,520.7230087865184
15,2,7,243,43,13,78.57615770877261
72,4,15,115,21,39,247.62319819457602
138,3,23,344,43,12,465.71751350765817
29,2,7,1026,9,24,128.0221852638869
78,3,26,3278,5,46,255.91922721086334
39,4,8,2276,16,26,147.29327348913793
38,3,5,986,49,23,135.49888263594144
26,3,21,440,37,34,113.3565439657392
32,1,14,2151,23,32,116.45827103046763
29,4,4,3498,9,39,143.50616918593076
41,4,23,4050,7,47,170.63512247197932
86,3,10,405,20,15,238.67877644033388
74,1,20,1007,5,35,219.23618917383178
107,4,15,2754,20,43,411.91211865065594
67,2,18,3892,38,40,205.89477067390519
22,3,20,4142,23,34,107.66833960616407
93,4,13,1471,32,27,277.15702017211515
41,2,29,420,17,23,124.47689907664244
64,4,8,4754,27,16,194.06557328029015
145,2,9,4159,31,19,483.97722541220804
107,3,16,1231,11,35,401.22605512042844
38,4,19,2678,47,47,161.83185202508247
74,4,16,4142,41,41,230.77255760390585
136,1,7,3467,26,41,472.69969982229094
145,3,14,917,9,19,515.2362781618029
60,2,28,111,45,33,181.81887979665984
29,4,14,294,41,47,147.0829813288637
31,4,25,2637,31,30,133.66561487940976
140,2,27,2942,41,48,486.6560586698687
98,3,4,2329,25,6,250.6880865123783
23,1,26,3109,24,24,84.39472159879335
77,1,15,4851,10,19,193.63349894751036
131,4,3,2177,22,8,457.56375317010526
144,2,5,3967,33,26,488.3128021173252
102,4,1,4973,39,42,382.9193390657397
86,2,3,543,22,27,246.35802780766565
78,1,15,397,28,30,222.4296629315913
86,3,24,944,30,15,234.70458824117378
35,2,27,1115,6,32,130.85516454527567
32,1,8,1484,39,6,79.29840620410292
78,4,29,1497,32,12,229.47504554667395
96,2,4,653,20,33,280.3910331693519
124,3,2,2450,1,15,437.3064553789018
109,4,29,4616,17,41,398.92135286530896
46,4,24,1369,46,22,135.72769178037845
25,1,24,1360,32,18,82.06847750761047
59,2,10,284,36,14,185.95959966059758
47,4,4,4663,33,39,154.06309596778843
116,3,3,2510,19,13,402.01113649867796
25,2,2,4531,34,39,111.31947575125116
102,3,25,2309,49,15,331.60183028587613
55,4,17,3772,17,48,218.10542495109902
90,3,23,4783,45,16,221.38236088327105
135,1,21,1981,23,7,438.55513654499964
60,3,24,4396,7,43,210.55288960165004
94,2,20,621,29,18,250.40353859521
68,3,23,1987,43,32,206.40898313574502
100,3,13,2652,9,15,349.0048039960155
106,1,5,3909,22,43,377.82635753145047
111,3,21,4983,48,29,368.79468500896576
16,3,9,4255,10,25,98.9069187888638
47,4,25,4773,1,14,119.71943951760515
91,4,29,4516,25,47,277.7481131619014
130,2,25,3579,35,19,431.1251123472199
117,4,28,1509,32,23,423.1518139955918
117,4,22,1794,46,26,416.25600746092823
104,4,6,4764,12,25,376.65734793281894
136,4,5,626,39,48,529.3386755051265
120,1,25,2760,24,36,406.73054235722657
133,4,10,2272,3,27,485.9701742934115
63,1,8,379,41,17,171.48557399461916
118,1,7,3064,18,9,378.15352265897394
75,4,7,4077,17,8,206.64722822176924
137,3,6,2769,36,32,487.2008614501938
148,1,21,2993,29,18,490.80457584516626
23,3,29,1851,18,12,92.01826684252853
20,3,20,4081,22,13,84.53349186829718
87,4,3,4869,15,39,268.04641605940714
117,2,19,2461,0,41,423.6181728540883
55,4,22,4527,11,25,185.12777944770198
128,2,15,4231,23,22,429.630311640017
22,2,4,1808,33,37,123.38993339154034
86,4,28,2786,7,12,243.80796499001997
106,4,12,2995,17,21,377.64293897861796
76,2,6,4635,47,47,232.6059226888189
98,4,19,2876,4,35,287.9009691615342
76,2,4,1219,25,38,252.4688934140164
125,3,15,3088,29,10,413.8684797343084
141,4,9,4359,12,26,508.5531528487838
21,3,5,4343,18,18,92.26379830627666
98,1,13,294,28,7,233.739545569266
146,3,23,762,2,16,520.8286657107676
148,3,26,579,25,40,536.4114792400696
72,2,18,4318,39,16,192.52093083943112
36,3,5,1523,11,49,168.97362201445478
141,4,25,2808,1,6,488.2785626899133
17,2,16,3275,10,6,72.21472286751802
141,1,27,3914,43,19,452.6852003279819
55,4,19,2114,27,27,187.66943141428447
120,1,14,3889,17,33,406.13573603510974
28,3,25,4905,12,21,104.07988231241853
26,4,16,2543,36,36,131.67839399115002
101,4,27,1011,21,11,352.09416041358907
26,1,15,3313,11,34,97.26288935815424
39,4,22,2464,1,32,148.41211529499628
59,4,4,3729,36,18,194.4151964881573
136,4,7,3572,6,48,514.8868528403652
69,3,16,780,25,34,231.88539518498084
114,1,24,4751,25,21,362.5888906929249
133,4,22,709,23,36,494.1202225698841
67,2,21,2256,11,10,179.80037728838994
46,2,22,3966,15,28,121.64485150961006
65,2,21,471,22,10,177.8901451397152
58,2,8,715,39,31,197.14870112405578
96,3,17,2353,8,22,264.3397809287761
51,4,16,4238,31,28,186.3379516109615
110,1,27,964,14,41,392.99766251521606
70,4,23,1368,36,28,222.41869035485863
119,3,10,884,12,42,457.66682976242805
73,2,10,4671,4,38,225.5194797153829
145,3,27,4278,10,44,514.0291177988616
49,4,2,2337,9,19,150.92764321491234
107,1,9,4154,12,15,343.3228984939879
111,3,17,4995,40,26,366.781960327899
149,1,11,1035,45,28,521.052649509858
90,3,10,4080,49,5,220.4111609101967
63,1,22,2438,14,22,175.1333357648177
108,1,25,425,41,48,384.0864672319336
38,2,17,1634,6,16,112.901681728205
51,1,4,3580,39,47,167.87983921014543
18,2,16,3961,27,32,85.63563174177185
122,4,20,2085,31,44,470.00560365633805
140,4,15,4703,34,11,480.36799819616294
34,2,25,2878,14,27,108.82111122537978
64,2,27,1370,47,25,188.93999578091228
110,3,21,740,35,38,407.1321038749852
119,3,5,4803,20,15,404.6214397832442
131,3,6,4178,5,26,457.57411117749643
112,4,17,4761,0,46,416.6591103873492
80,3,1,1467,3,39,274.3129717953494
93,1,25,4142,10,33,230.20350848481584
20,1,19,2675,43,46,103.05903229308743
53,3,4,3703,25,32,185.06148836891106
129,1,17,1681,36,22,427.7992451916179
139,4,9,2086,22,18,498.0722541114533
26,1,24,2340,28,22,82.61203785110774
145,4,2,4066,20,32,530.3786773123252
32,2,8,2205,47,28,113.20577707345598
54,2,15,228,44,12,167.19366177025213
35,2,7,4901,44,46,119.57295304090935
113,2,27,4096,48,49,396.0463449195242
40,1,6,951,26,12,108.7567254993888
22,3,1,4203,38,8,81.41798722233851
114,1,15,2176,39,31,380.3146244605608
101,4,23,3094,12,40,387.18551390327593
56,1,26,3844,22,9,135.88467165072026
28,1,7,2856,15,37,109.06551643536703
92,4,29,1744,29,38,280.5933398127913
16,2,25,4471,3,34,102.90783035026429
133,2,17,3244,39,12,433.0184203329204
51,2,2,342,15,43,203.0889366526472
83,3,27,4185,30,30,237.3400251552166
55,4,9,270,41,41,212.54808009124372
76,4,29,752,24,38,259.5377602131034
74,1,9,3612,43,11,180.66455535184116
139,3,13,1599,11,44,517.3789051800999
125,2,6,2199,25,32,441.5586550007794
28,3,6,2258,36,43,137.17593583158856
98,4,20,2072,47,43,284.3321789300646
144,4,20,4025,32,32,514.1023587453543
84,1,21,2358,27,18,205.60526498376072
137,1,3,4139,8,42,486.98275660715655
103,4,17,2135,11,8,351.3452837483739
42,2,17,3371,4,46,154.1150661844725
80,2,12,957,27,22,230.98812965065252
19,3,16,3923,34,48,118.87060492969891
59,4,15,1149,4,29,220.8982457894106
61,4,13,4090,33,11,179.2146027965479
45,2,23,398,45,42,151.81149743076458
24,2,1,1023,33,32,115.83760516052564
132,4,17,4332,12,9,448.9385101075293
28,1,3,4406,38,7,63.296581816461135
94,4,26,2899,41,48,286.5240909855008
107,4,15,4975,44,35,383.966368013918
24,2,4,4162,47,46,113.84096310963145
90,2,4,4145,13,24,241.07946889305393
108,1,18,1902,10,23,369.4302039902868
119,1,17,2813,41,15,385.9866233096322
15,3,19,4606,37,44,109.66758017601438
147,4,11,2953,3,7,511.3101845062842
34,2,20,2757,32,27,108.63451539481426
22,1,3,4622,6,11,75.64063164363645
15,3,8,3446,40,27,98.53883500702436
71,3,14,1571,7,11,200.85512081054347
78,2,26,3049,36,38,225.6619261615395
132,2,1,1041,9,46,494.6971510528872
42,3,14,2007,42,23,120.91531795762174
135,1,2,4937,14,13,430.05827555945643
121,3,29,1343,37,22,416.7194781440834
63,4,23,4523,14,45,217.217378189087
134,4,4,1566,4,49,515.9681922013041
58,2,24,4057,28,46,189.00772246581593
70,1,27,2066,18,29,193.44714582557066
125,1,29,475,9,18,415.6504944267081
148,4,19,362,11,48,564.6555102297881
122,3,6,4462,3,29,445.0466483176364
128,2,25,3488,30,23,429.6866864734182
92,3,1,3495,17,43,280.5019333818926
144,3,17,2044,15,19,503.4818658127632
51,3,8,1993,39,20,178.37321333747676
34,1,19,3734,35,31,103.98311405867744
40,4,21,1752,24,44,158.11894092812483
43,1,1,4241,22,14,94.82854719586686
15,4,5,3992,11,8,88.89076562988329
133,2,27,699,33,23,452.001500245321
49,2,16,4915,35,32,120.92288398561979
73,3,6,2012,36,25,222.37004627430537
83,4,8,1392,2,18,260.67860655509446
