mileage,age,engine_noise,tire_wear,check_engine_light,interaction_feature,additional_feature,complex_feature,needs_maintenance
118233.8441,17.22995638,0,13.18360022,1,693.7752851,17239.54126,20.31778093,1
191701.3011,8.765977969,1,17.97142169,0,2796.253627,57712.21584,8.132673562,0
147178.4583,9.28251428,0,49.32592017,0,5610.513821,56090.25574,-1.360471987,0
263382.7356,1.73886704,2,58.67433227,0,39761.59139,393129.9672,-1.396220307,1
150515.154,6.536414433,1,93.27110003,0,14557.68871,90811.80535,1.866704896,0
108391.4652,12.43079301,2,90.94892751,0,5896.928603,36521.81179,19.73916103,1
211920.9088,12.01653728,1,49.07002657,0,6411.590427,63632.95589,13.10853551,1
37677.04003,8.852475413,0,68.33479807,1,2072.688968,16143.25053,66.98930147,0
78120.64035,6.831774121,2,51.300963,0,4008.360524,39405.76335,15.31701438,1
115212.139,22.4493933,0,100,0,4008.387602,22666.24299,-6.046243772,0
147961.7872,8.425104961,0,61.55376835,1,7646.609519,64860.31727,57.27530734,1
188303.3254,2.574657809,1,39.0700933,1,15046.17989,194481.3652,37.28203423,0
294645.9583,11.90897551,1,58.0008095,0,10620.96345,93091.46833,22.75532919,0
-37318.70574,3.151527333,2,44.72810935,0,-2990.254315,-34332.99383,5.474648022,1
-4633.956147,2.860334144,0,80.20764894,0,-710.4339725,-5357.635104,-0.331831609,0
255923.4569,18.65901747,1,15.14310022,0,1601.997166,36274.4662,18.27175243,1
217209.5393,11.96565261,1,81.12291959,0,10904.69583,73881.96912,19.72979921,1
287470.5308,20.50115834,0,70.77926889,0,7706.730024,57103.86595,-8.066697009,1
140388.4202,12.16761119,0,61.05329652,1,5225.998287,43934.1219,60.7537989,0
297920.2594,16.73986132,0,26.0421355,0,3544.648027,55372.11346,-8.113570252,1
98552.21527,16.09997428,0,100,0,4665.970044,26574.98455,-11.89907141,0
205469.7102,8.514298434,2,49.44797605,0,8454.58745,84654.98608,13.35739713,0
193233.9258,14.92932983,1,100,1,9801.263893,55949.37214,116.9901491,1
221853.2933,12.71690724,1,7.672893603,0,997.9868873,34974.56245,8.728003606,1
274755.2314,17.53808745,2,23.08295074,0,2775.91856,47023.42825,37.05500065,1
163742.2609,6.5158437,0,37.18336635,0,6329.680661,79425.83537,0.532381523,0
164242.8296,18.37101548,1,37.77407197,0,2601.942551,31063.2258,17.67568749,0
172646.9111,4.697217667,0,87.56746566,0,20329.3252,135885.2982,6.324817799,0
3863.017304,9.648872109,1,17.40206342,0,49.8966286,1049.329604,6.66868936,0
131027.7555,16.33730961,0,0,0,0.202013804,54.15253278,1.903277107,0
116251.8296,11.19613508,2,11.8809651,0,906.7139864,24358.9397,13.37683635,0
121717.535,15.59174356,0,92.09774711,0,5465.604178,33245.0726,0.493897188,0
114379.6238,3.562335225,0,12.13615411,0,2285.068023,64622.47987,-1.286080184,0
52286.82077,2.490010626,1,10.63199734,0,1160.696051,36866.53299,-3.421221384,0
19916.30634,11.61060541,0,40.74055424,0,515.8960264,5844.676872,1.992493894,0
274376.0097,10.87162365,1,36.81784883,0,6804.803259,83981.78612,7.176868526,0
29500.91412,17.18350497,0,41.42226964,0,544.8189964,6025.904919,8.660922886,1
94373.2785,4.504480793,1,100,1,13097.88751,79150.44734,92.33539827,1
265701.8105,14.76754191,0,75.19449358,0,10234.97943,72982.16115,1.241292709,1
86705.52355,9.429426366,0,89.12882208,0,5892.091264,37481.84656,0.213486372,0
301193.8517,22.15623612,0,50.78229511,0,5387.970151,51334.36861,-1.404318778,1
343084.687,20.97089937,0,36.28940125,1,4616.928878,56509.96482,33.64322275,1
248975.7532,13.73830918,0,48.09018168,1,6547.787574,65857.53334,48.43332268,1
141690.2944,4.088920948,0,85.88274208,0,18144.24654,124269.6114,5.310956538,0
185859.1156,8.221518344,0,18.45147641,0,2939.413096,59852.54087,-8.360927545,0
212503.4959,18.91060112,0,89.18170923,0,7737.651404,48015.79161,-4.029934484,1
69663.64627,6.752093585,0,72.57747729,0,5105.91467,38686.53704,-5.251585672,0
295617.396,18.94534135,1,2.175613239,1,262.2723695,17215.44856,15.63449324,0
184373.9915,5.792038748,0,58.69870116,0,12368.04701,110993.65,1.713745027,0
284338.4298,8.540902689,0,78.05039574,0,18418.35641,130127.7908,2.946686424,0
154232.6766,-0.278968325,1,30.2606151,1,31852.65514,736305.2869,35.30716112,0
98582.15137,14.21505779,0,41.91713412,1,2191.324085,24478.88645,44.94262329,0
201754.8144,17.99314102,1,94.76632319,0,8173.920184,48429.33661,21.42385064,1
255660.7552,17.06700924,0,9.998812841,0,1147.333023,34018.9108,-7.059041104,1
87344.88886,15.28095959,0,61.7363437,0,2677.898838,22174.47854,7.417816208,0
83838.97408,2.618993788,0,96.84098242,1,16425.84916,106147.9138,95.79219477,1
225820.3865,12.64811406,1,2.765790577,1,367.646025,21978.13032,20.57888503,1
278572.4821,6.70461722,1,49.62986706,0,14042.15682,141930.907,-0.176217862,1
177019.5682,7.170418899,0,34.84870284,0,5928.985812,77591.56371,-1.207099178,0
284175.0114,3.017728058,0,80.1878184,1,42033.66067,310984.6594,84.90289794,1
167410.7311,12.62620768,2,44.35097335,0,4379.975105,46915.58537,25.39203758,0
280921.1568,14.73905351,0,49.93062166,0,7198.033481,70201.63223,-3.769849426,1
229325.7098,7.411989033,0,42.25275235,1,9060.605087,102754.1982,48.80181902,0
203324.1043,14.55481471,2,60.42533034,0,6376.85424,53794.7625,23.25255745,0
43795.86779,4.933341964,1,11.83396995,0,671.2579115,18889.50344,4.831208253,0
269383.9368,5.042012454,0,28.35631113,1,9730.482806,150649.7314,31.55716468,0
110353.779,14.10216696,1,79.9666438,1,4713.438069,32100.02843,104.5472624,1
51045.87943,12.4947264,1,83.63853838,0,2541.869996,16780.01075,10.20294843,0
67183.69777,10.86438313,0,71.2806979,0,3227.737016,24189.33698,-1.382256268,0
343425.5018,5.526889426,0,85.45804742,0,34804.85001,234567.2272,-2.223455667,1
284536.5367,13.27124029,0,47.68889002,0,7655.103929,77528.3658,1.192350795,0
86109.93081,-1.212587025,2,39.0402415,0,97471.68642,-1494650.041,0.51446729,1
269950.2686,2.350971677,1,59.28099065,1,34629.9182,330198.4022,67.09852922,0
30791.7104,11.78282055,0,77.09990614,0,1489.376243,10461.1419,3.78023888,0
3785.876131,11.94204458,1,82.84790339,0,194.6828539,1282.763363,9.455173836,0
68832.17676,10.88688471,0,63.35150068,0,2933.339999,24088.84308,4.066855113,1
-4312.27702,4.446166134,0,28.43762637,1,-171.8365832,-2614.131755,28.89535459,0
241315.7613,8.482291199,0,0,0,-0.108211081,-29.52520743,3.726261144,0
212488.2068,8.705009937,0,19.56576329,0,3395.034278,66287.12634,4.011837164,0
197670.3381,5.859297267,1,7.619790879,0,1705.500595,62132.40874,14.009926,0
249378.1128,0.358793399,0,48.13757834,0,53818.06025,714753.0828,-1.772953163,0
36697.02225,18.54011472,1,56.87531111,0,867.7294584,7637.603514,15.8123517,1
52319.14027,-0.824509951,0,61.70890807,0,39829.48357,1233844.903,2.235817065,0
291954.2659,5.862731908,0,87.23253825,0,28824.98988,190629.1623,5.912584588,0
103475.035,9.263369922,2,88.27657758,0,7072.247587,45332.62358,18.81705899,1
164322.6418,15.974552,0,36.71934577,0,2877.381645,35151.32751,6.238561459,0
192067.3147,9.822725444,0,26.60755718,0,3761.2446,58837.31221,3.450291699,0
197986.3633,1.211507583,0,75.7736448,0,46106.78151,388649.9139,-1.006077389,1
110046.1726,6.527413355,1,26.20322909,0,2993.396837,48280.91902,9.344090871,1
144630.2795,9.307368045,0,15.03517767,0,1676.870245,38795.59242,-2.174133956,1
9055.483969,4.086958757,0,22.95024119,0,309.9917189,5673.190867,1.193000366,0
43062.38812,13.39962087,0,81.00847926,0,1951.619282,13141.99614,-5.365795724,0
94664.78762,17.52804016,0,39.92943036,0,1654.809137,18941.92682,-0.340783152,1
23842.29108,12.544707,1,30.81500438,0,435.7859984,6090.713293,17.54315277,0
130785.1067,13.46498421,0,46.99731816,0,3422.870396,34923.26357,3.835734507,0
301586.8353,15.57744733,0,35.15520668,1,5173.508829,65278.7367,38.25941542,1
156943.4965,6.690225128,0,79.42642988,1,12683.38446,89521.84604,80.86382826,0
178868.8866,12.07990741,0,36.79714565,0,4038.96034,49627.25345,0.799230249,0
242389.1998,12.75458213,2,26.73471511,0,3788.549096,58556.10325,19.17387876,1
259580.3003,5.186744749,0,58.76418252,0,19010.05028,171538.694,-1.030426865,0
66352.00868,3.739592551,2,38.72453728,0,4086.629103,51549.57155,8.39226402,0
109443.8108,6.823353351,0,42.63038252,0,4671.318974,52843.95887,-5.622017479,0
149429.5859,20.03278811,0,60.58835747,0,3503.866301,29289.58158,-8.758779584,1
253120.7311,5.204236641,1,62.09587288,0,19537.11961,169133.2838,10.84840038,0
59614.10472,14.14407372,0,0,1,0.240486181,58.26761913,0.254192633,0
245739.9631,9.57558206,1,39.45134296,0,7294.067382,85973.46027,10.62547846,0
116365.1348,1.09616308,2,63.51233082,1,23722.9214,231371.1281,68.48279109,1
161675.1961,3.154961037,0,0,1,-0.241829627,-4.254258283,-4.910834752,0
269880.0785,15.51550508,0,83.19849285,0,10996.79629,72407.62904,-2.01747897,1
189425.0289,3.516478849,1,23.92395675,0,7528.014923,134855.0312,11.03681687,0
35602.53323,17.66835283,0,0,0,-0.494489132,13.34887949,-2.443276983,0
151298.1774,11.6894819,0,20.40288166,0,1950.522774,36581.03269,-1.329276477,0
172090.1909,7.184384884,0,84.52626576,0,13958.08441,93543.92541,-3.347440825,0
105897.3071,2.279229978,0,38.00113519,0,8873.611492,118275.9195,-3.704271132,0
218606.3287,5.172788933,1,42.15916651,0,11510.0413,133404.1389,10.70019569,0
174971.598,4.775375315,0,23.26109926,1,5404.839605,96538.84924,10.87769148,0
130967.0909,17.11310625,0,10.31347377,0,604.77159,17507.82912,-2.285069099,1
75055.54861,12.32903686,1,68.74068624,1,3109.010338,23946.93511,82.19677381,1
236913.8063,17.97207258,0,12.1922977,0,1235.952788,32301.49865,8.483955494,0
285394.0792,4.905392022,0,92.99081606,1,34526.89434,219586.3495,87.31468928,1
73563.9543,14.16538211,1,100,0,3913.691935,22399.4354,7.637025373,0
276662.6756,9.057750696,0,46.24962561,0,10099.57081,106038.757,-4.300501607,0
107723.6328,14.81272762,1,25.31386325,1,1393.00239,22304.81328,43.63511785,0
97874.03268,11.6515933,1,97.83765105,0,6067.808684,35542.09348,12.27802061,0
116469.1026,-0.574327137,0,100,0,104850.5407,1262713.536,-7.213178355,0
93020.2235,2.20576363,0,65.20308312,0,13639.25028,121643.0538,0.497787988,0
262967.4183,4.832801347,0,59.73163954,0,20669.14873,185093.4744,7.757188829,1
73704.71224,9.076757702,0,47.1639909,0,2738.953504,28340.86184,1.322402005,1
176769.9338,-2.038692151,1,100,1,-273455.4056,-785416.6825,98.7840973,0
228893.5929,1.335688804,1,73.3234875,0,49321.6973,422300.3549,2.459399402,1
270112.7317,11.09768228,0,67.32849689,0,12029.97616,94289.39351,2.072513603,0
282990.53,17.1034816,1,30.60274558,1,3879.223834,53971.48115,41.37071937,1
123370.1784,18.4005235,2,0,0,0.132810591,62.95906608,35.64142699,0
151147.318,10.07367728,2,6.860250751,0,746.4977506,28232.51741,19.24857389,1
20413.86503,3.177146786,0,55.45967109,1,2017.310802,19735.72361,53.04232599,0
120725.8925,15.30780147,0,66.08766369,0,3955.7903,31124.1447,3.430608044,0
1346.780165,3.260516601,0,21.15429209,0,49.78320488,955.6592408,-3.169967316,0
200841.3393,3.22295845,2,25.31524034,0,8970.914953,155434.1116,4.646074792,0
190426.6231,15.38084778,0,100,0,9400.526945,53604.18126,-6.300863403,1
31871.30404,19.89843744,0,5.855002728,0,72.62738043,2940.779985,1.891552798,0
131907.0715,7.980386614,0,24.42596334,0,2832.27149,47519.08872,4.709514809,0
60535.94486,11.06888202,0,78.8629973,1,3165.180781,22002.2497,77.05789471,0
286783.9702,3.023345293,0,75.2020651,0,39732.18048,308874.088,4.036952053,0
27115.01316,-0.316496825,2,36.21171846,0,6913.84624,143437.5,-1.367777527,1
-7783.021307,8.907017425,0,7.051956203,1,-44.03355741,-1621.64207,-5.585290647,0
315166.6036,11.03541193,0,95.61595117,0,20033.10846,119817.5367,-0.257576674,0
106681.1687,4.117968443,0,57.62890896,1,9118.93133,84846.58439,56.75105292,0
146033.0429,8.893745002,0,94.50243418,0,11064.52224,67300.65379,0.514977999,0
160634.2074,2.314901598,0,57.14045204,1,20049.95893,196921.3621,58.40637921,0
57972.78544,9.340927542,0,84.75169864,0,3776.699833,24926.94618,-3.419607627,0
168577.5234,0.074534869,0,37.37805374,0,33348.85622,572296.4584,7.356574889,1
-8695.74495,1.586777441,0,0,0,0.19661003,-78.95200556,-0.330807769,0
38817.35736,14.22043234,0,3.227551449,0,66.25801777,3656.249951,-0.998318371,0
139967.6827,15.31394592,0,80.01886943,1,5550.835126,37689.20212,83.74151747,1
226168.081,10.82693746,2,0,0,0.031130839,7.557887263,21.74657465,1
223776.1343,4.448432809,2,56.46162816,0,17700.19098,166287.5081,21.72607391,1
196095.1198,9.429219581,0,14.23260897,1,2128.35828,51275.01511,13.18307002,0
83297.081,4.900117443,0,46.10293157,0,5000.380687,54407.47244,1.759077255,0
219444.2004,7.31814813,2,50.73713909,0,10521.6004,104161.6945,10.89053299,1
95770.38354,17.32749052,0,28.88221339,0,1224.503201,17833.06702,4.352677715,1
111433.9241,11.85097987,1,21.18113903,0,1473.480428,26837.24434,13.39457184,0
157291.5418,17.39449385,2,9.770781159,0,677.5974583,20199.64471,33.09414744,1
31418.75151,6.256652606,0,93.97639683,1,3171.905355,19772.92647,89.61420634,0
199979.1421,15.581118,0,41.17190427,0,4016.751059,45113.6873,-6.547111498,1
160382.6649,11.42290261,2,42.23978856,0,4368.272318,48573.13468,24.93937801,1
66730.17493,5.432492958,0,12.13826769,1,973.5060997,26747.15158,5.203870332,0
293361.57,13.46987315,0,30.05744299,0,4908.500126,69781.21582,6.542370846,1
45743.71007,8.286455812,0,0,0,0.100830472,-5.445324757,-6.314226249,0
262613.6482,11.88890644,0,63.76581265,0,10422.68268,85027.86041,-0.891874598,0
265614.4295,19.40877806,1,19.07448509,0,2019.241306,38987.60663,15.0010717,1
42849.12537,8.595700948,1,51.42472384,0,1818.750525,17596.06904,8.75913212,0
207165.2195,12.20863858,2,30.64857147,0,3859.420268,54229.346,24.54981305,1
330652.1148,8.634906523,0,5.927922205,0,1611.776041,66452.12954,2.22401499,0
252381.9634,7.334279191,0,71.09357665,1,16925.41141,129523.7541,63.46218168,1
121929.5629,3.813226282,0,73.15029124,0,13988.83953,109168.1024,-3.818513296,0
263574.7274,13.94133578,0,95.52770104,1,13588.13774,80526.50246,100.3804383,0
270848.7191,7.971059382,0,75.68250449,0,18036.40463,130959.2598,3.29275801,0
218000.85,11.64318642,2,100,0,13822.22071,79549.3306,10.7889602,0
282198.1312,4.509866143,1,98.69090275,0,38617.67317,235686.0556,6.396014076,0
191604.368,17.03680326,0,0,1,0.088029572,73.26773538,-5.16232488,1
255045.396,15.45052823,1,8.98424204,0,1126.267941,35676.7861,12.49141385,1
155503.7324,7.38544551,0,89.87606754,0,13107.93745,83616.62649,-1.136637937,1
205655.9203,12.46133901,0,9.132163633,1,1120.921803,35314.88773,16.91911442,1
96351.81429,12.40502932,1,0,0,0.164408401,54.33167709,7.19154227,0
209456.6778,14.40465759,0,42.63440638,1,4679.246612,51283.23502,35.61493962,1
155825.4655,21.2637138,2,71.92854775,0,4103.147079,29958.67492,44.77902173,1
199381.2289,15.53393401,1,100,1,9753.88298,55633.31192,115.3938459,1
284275.8148,21.63612385,0,100,1,10238.74942,57967.16162,106.0350162,1
259464.3964,6.550310988,1,44.28486585,0,11894.30092,130995.7756,4.786141459,0
157970.5699,10.10608017,0,15.89824852,0,1803.311295,40248.99643,6.054086296,0
90012.08039,11.46804891,0,7.812050382,0,451.7501408,15696.17627,0.081342989,0
99640.59355,0.502942764,0,85.8993699,1,35610.39819,296052.2125,88.54494545,0
182503.9321,20.40106332,0,38.79818296,0,2694.331566,31440.13686,8.119717435,1
9259.182232,6.28071974,1,74.6870997,0,740.8559159,5591.893913,5.444480216,0
160490.6101,-1.934139407,0,100,0,-308062.7852,-792926.7911,5.223331178,1
99666.31284,12.76562708,1,70.41546075,0,4099.617551,30947.22652,9.697634218,0
115450.3651,13.6283085,0,8.875685255,0,564.4144208,17984.52464,1.137694769,1
121921.4567,5.619997966,0,20.35641654,0,2904.834278,56525.94829,-7.223295858,0
103409.9303,5.886823022,1,97.51303054,0,11375.80242,68964.23701,3.365223177,0
-41312.48519,8.43794158,0,82.97597011,0,-2874.561639,-19408.47571,-5.290176294,0
254661.7568,14.09779627,0,20.26034437,0,2756.460199,51548.28752,6.103763016,1
257724.0502,14.28717587,0,87.80427066,0,11944.99661,75623.73378,8.693991805,1
124963.2531,6.364041549,0,88.91886061,1,11774.51198,76435.69705,87.14535089,1
135708.9707,15.51942459,0,0,1,-0.090198787,44.92747502,-3.865190912,0
167386.1596,12.81108257,1,3.533277417,0,344.7461805,18296.09415,6.241360088,0
137833.7981,3.839219944,0,5.365102937,0,1154.362417,52654.6101,1.322706881,1
56707.02102,4.272234079,0,18.70460551,0,1531.108313,32121.21538,-3.011431773,0
348447.9606,10.55892986,2,65.9905186,0,15890.37622,126789.5825,18.37427802,1
271230.948,14.08344933,0,84.08938641,0,12196.63576,79942.08014,8.147943087,0
107489.2464,14.16708861,1,59.56058476,0,3405.271742,29078.36387,12.68509535,0
-3337.524749,10.74096551,0,41.22793764,0,-93.8156204,-1079.001452,2.933247852,1
-4224.439062,13.15971457,0,55.95795208,1,-134.5410429,-1121.73109,56.22275753,0
308352.8756,-0.413785136,1,37.93305001,0,89736.47291,1926242.691,-7.189812173,0
74185.01201,18.71111132,0,48.41561747,0,1480.746006,14711.10342,-9.224401864,0
80556.11162,19.29896179,1,0,0,0.219444266,48.49204324,21.73657208,0
141728.1002,13.14122112,0,65.98766828,1,5323.321956,42150.8114,74.50822089,0
181352.6845,11.54079506,0,51.70086803,0,5991.504458,57264.12112,1.574937677,0
142810.23,18.72283463,0,30.73091944,0,1808.698952,24984.76765,3.120450916,1
153586.8711,8.413716912,0,79.10948823,0,10213.18993,71573.35549,-4.523531528,0
201330.3035,13.14478062,1,39.63704963,0,4540.803285,52794.39983,18.21925233,1
205779.7384,6.901206826,0,14.96795413,0,3055.437546,72210.04027,5.012522274,0
405924.5131,5.260367321,2,24.23212727,0,12125.4146,209329.6625,7.03974228,1
106417.7902,13.67643231,2,56.64434413,0,3310.330592,29451.95531,30.07990849,0
300063.6442,3.433722207,0,16.41416819,0,8319.166049,193371.2044,-8.832089253,0
260254.3604,2.398280506,0,62.39788411,0,34714.88275,317811.5988,3.619559834,0
117346.4875,13.58104613,1,88.58459384,1,5744.077297,36166.45537,99.30355204,1
327221.7425,12.77795746,2,26.48544972,0,5058.552628,78645.36715,19.42026923,1
196286.1103,11.50294722,0,37.07030441,1,4663.379357,57179.39356,39.0835042,0
-15377.43022,4.611461736,0,75.16726125,0,-1575.947619,-11810.04038,-8.858649826,1
17168.41366,16.488417,0,65.08049834,0,517.3879074,4237.886934,1.712067904,0
-17400.57893,21.09741425,1,76.2353081,0,-489.2388162,-3409.72498,15.43601861,0
-80097.78289,9.310814226,0,6.123777542,0,-377.9316772,-15305.0212,-6.731380616,0
259745.4223,17.03287703,1,51.42030809,1,6005.773609,57013.21941,68.75244993,1
173848.2533,4.775666166,0,96.40866856,1,22256.08881,137819.1095,95.54591227,1
18658.97436,4.982415331,0,48.37162323,0,1160.297516,12169.4614,7.283947255,1
328215.5081,11.28394124,0,25.31524838,0,5416.076898,87398.87793,-6.424006251,0
255820.9041,18.7212056,0,62.62023225,0,6601.788959,53889.43413,6.875272456,1
235451.7793,3.479306303,0,21.26369305,0,8378.978379,163143.7532,-5.688223021,1
147854.6364,13.18128782,0,55.75227684,0,4679.038775,42117.46412,4.597212082,0
125102.8291,13.63660465,0,43.0950842,0,2967.951683,32251.62923,5.530462614,0
110124.1003,11.14536105,0,74.02341663,1,5371.984134,39161.60262,75.63071056,0
242866.4589,15.17701371,0,42.5600622,0,5164.981517,56665.73338,-3.954769403,0
147292.294,1.821531692,2,15.60046215,1,5764.53207,146688.0912,11.62875317,1
282920.781,1.92485871,0,78.41699982,1,53982.43922,423146.6615,68.6581174,0
188523.6987,4.537597393,0,98.32143072,1,25584.05044,156559.2298,107.5828855,1
16673.93882,15.98987645,0,55.51253594,0,441.0761085,3987.251184,-1.484274469,0
80336.68224,10.08265126,2,81.75951477,0,4725.562329,32002.55917,14.64196479,1
297575.0569,8.886004261,0,52.97784523,0,12649.2594,120092.4149,-5.71580303,1
128024.6723,5.903099541,1,25.4455386,0,3666.830035,60743.17802,6.742411509,0
70634.33777,12.95767508,1,80.76557618,0,3288.097155,22294.02841,10.98341457,1
60313.98618,1.946943798,1,39.22585605,1,5719.848891,75468.00544,31.57633695,0
-21581.70858,10.46471782,0,0,1,0.071432347,-57.19436424,4.322703347,1
359142.6192,8.69354155,1,31.72299313,1,9313.71286,129175.1173,42.09145246,0
201563.4624,12.74554516,0,13.12369066,1,1547.732871,38838.70802,22.32324566,1
7619.614857,17.8018114,0,70.13658803,0,230.5752588,1791.854149,5.703957238,0
111285.8802,10.79435869,1,2.764876372,0,208.5323472,12502.88683,-4.696377084,0
108741.7908,9.864525901,0,93.85700122,0,7484.294338,45606.56798,7.084869869,1
249706.6345,5.940088375,1,38.66331319,0,10813.17579,132455.3596,11.97754462,0
129416.0097,8.58474821,0,86.69758548,1,9271.130984,60414.79509,83.01572172,1
86139.08958,2.575652272,1,79.56897461,0,14014.20313,105764.4429,0.412773486,0
254931.3719,4.778669263,0,43.14107709,0,14596.565,167096.5668,2.058625536,1
263374.8564,8.206715545,0,29.29239609,0,6622.910125,97567.79542,-5.071075044,0
114842.3065,12.68396739,0,82.50995917,0,5567.338698,37155.95425,-1.213644341,0
6525.903039,9.261585599,2,75.28780452,0,380.3771175,2828.885309,23.52335843,0
163018.5194,2.186023561,0,94.85528043,1,34959.44748,233489.3777,97.44391998,1
214968.072,1.250355887,0,53.5823322,0,34899.79362,382088.2423,-3.33392382,0
126129.2103,5.922912358,0,100,0,14159.83342,84039.45487,5.113802783,0
245703.7842,12.73744837,1,7.998523801,0,1150.400601,39366.74412,14.25192468,0
110558.735,2.525146724,0,16.53229321,0,3784.199475,89754.31654,1.343527265,0
77450.26373,3.218816944,0,96.69494457,0,13225.45492,84029.62318,-2.574661815,0
250884.6278,14.65728166,0,66.37364555,1,8588.426908,67481.62393,66.34095283,1
90680.83021,13.62636895,0,24.46914883,0,1222.460553,20027.67461,-3.870457408,0
238903.4673,11.78699322,0,22.15276722,0,3319.544587,58759.57739,-9.702757924,1
89525.95549,10.91180839,0,5.876822554,0,353.3969197,14407.32313,-1.398960828,0
151737.3485,3.08181938,1,82.24400088,0,22697.34655,164422.9715,2.471058149,0
104534.6613,7.610799262,0,7.530171489,0,719.7932942,26064.35803,0.686443897,0
255923.1442,-0.308725336,0,0,0,-0.138557798,5.900798205,6.060772992,0
221434.6678,15.49634239,0,83.53223845,0,9068.820747,59455.80433,-3.261424224,1
75124.07456,0.220152587,2,0,1,0.029481896,-86.16515602,-1.398454844,1
165233.7988,7.31610698,2,29.59037491,0,4621.751086,67978.03506,18.46310195,1
174674.0904,16.80675266,1,36.51550232,0,2903.428099,35545.13273,13.04414209,0
251456.7942,2.168066144,0,12.04368345,0,6880.595272,203888.6406,0.768747644,0
111418.1922,1.108507879,0,18.21370785,0,6483.430514,156178.2584,-2.041410068,0
98824.45839,4.216492383,0,77.40599955,1,11151.43064,82626.78115,76.18787763,0
197649.2403,14.36573616,0,63.21551067,1,6562.761422,53417.57809,67.00623512,1
101601.2798,8.552055828,0,9.397505422,0,791.3649367,24947.39288,-1.86726528,0
127326.1549,11.99556596,1,70.32922052,1,5529.366947,41777.16261,86.27850652,0
175040.999,15.49512953,1,41.14192955,1,3531.425172,39678.83455,46.87489353,0
124629.4203,15.06642962,1,77.02239623,1,4828.553131,33744.30483,84.94075248,1
143152.1633,11.99719571,0,39.29256862,0,3473.127637,40632.86188,-11.59100045,0
136523.7623,19.95062492,1,20.58792865,0,1092.164857,20093.02563,14.12177183,0
270798.7411,5.031256177,0,84.86341949,0,29321.85422,199965.1623,9.284218314,0
-10981.54899,2.956844224,0,100,1,-2053.546337,-12767.88325,99.91232046,1
174328.231,19.04428509,1,64.06238637,0,4529.941299,36302.80617,15.43777134,0
171371.2521,-1.207339657,0,18.26455276,0,89125.61024,-2445166.078,3.914034125,0
46454.59736,12.33842155,0,54.11348441,0,1513.595518,14068.88366,4.620055286,0
231512.1261,8.439601742,0,29.93488517,0,5810.29615,84190.22498,-6.10423907,0
60899.57498,13.66114981,1,0,0,0.15042619,6.839460004,26.1521504,0
-19817.61676,6.606422707,1,86.80560079,1,-1768.54692,-11677.35573,94.79367771,1
297592.6927,10.78739538,0,14.54117609,0,2934.645624,69161.8844,2.011759942,0
55277.70699,6.78590774,1,82.50052113,1,4586.181816,31472.26146,91.77259463,0
13199.0991,4.659240403,0,19.68759436,0,351.5062181,7012.925688,2.47568935,0
85008.86111,16.18062681,0,98.19372809,0,3934.468863,22773.41894,-3.107367024,0
23592.28294,3.424644319,1,0,0,-0.174580735,38.54169806,13.98724077,0
243135.8454,17.56330367,1,85.63236968,0,9101.389739,58454.1921,16.13736144,1
187759.7848,7.764716646,2,9.958773073,0,1681.835242,51311.3259,20.31702218,1
186310.6076,0.929919505,0,100,0,63894.50983,445601.9023,-2.374673111,0
174984.217,1.239979932,1,69.1753725,0,36814.90917,332042.5761,-2.021352583,0
135585.1484,12.42542406,1,65.40777613,1,5307.361954,42382.31203,87.34252325,0
219782.4662,15.23369958,2,100,0,10945.30325,62471.27152,29.92554398,1
79985.59346,2.255361894,0,93.36192049,0,16570.85279,111633.0809,-0.170536005,1
50415.13644,12.87462637,1,100,0,2923.091043,16783.91639,14.2927124,0
81224.38568,19.37035107,0,52.31990524,0,1697.046102,15917.63115,13.00885236,0
278100.5537,19.85088973,0,55.61572324,0,6036.645024,53903.14188,10.84380584,1
48289.11061,13.44457971,0,84.75222384,0,2281.948542,14974.38278,6.418913042,1
233325.9869,9.557731627,0,8.960748486,0,1575.875491,50711.55374,14.26811291,0
176886.8353,13.09536724,0,27.61887048,0,2789.398503,42172.57838,-4.7228836,0
209030.1638,5.646009723,1,0,0,-0.17015297,9.241988218,8.925429677,1
243231.3425,6.454681109,0,100,1,25480.91458,150662.1849,100.3791147,0
205676.8087,6.660383624,1,76.0108136,0,15964.91715,116612.6599,-2.185055036,1
275162.9538,15.80079718,0,40.57132797,0,5377.10496,61020.88093,2.315484653,1
238097.8743,4.902450639,0,87.14774832,1,27007.69166,180617.3758,84.69361592,1
118633.9852,12.36698733,0,6.520175553,0,464.9980053,17945.20328,7.667504205,1
268244.4965,12.64391827,0,40.24234995,0,6360.256369,73151.79862,-1.975109322,1
227980.9007,21.33444822,0,43.4500555,0,3615.237612,38675.48586,-2.259459846,1
105146.0271,16.04647724,0,86.59940448,0,4324.323647,27480.74486,7.665344129,0
80139.72951,9.471243994,0,100,0,6086.983693,35341.73368,-0.327269892,0
166973.073,12.56359782,0,37.27549509,0,3688.302464,44895.46111,5.814388469,0
76280.71803,12.68675358,0,72.5459772,1,3250.623886,23904.30338,74.6677744,0
93645.84647,17.95110373,0,69.08472208,1,2771.398354,20940.29342,71.27357939,1
174232.4081,14.52939308,0,14.85436157,0,1345.546186,31037.32861,-1.220236864,0
176747.5611,8.442958648,2,28.76372521,0,4261.034294,63606.36674,19.39696752,0
170697.2211,11.89971852,1,69.01649638,0,7326.704071,56197.14034,11.24225946,0
179982.2877,15.5149903,1,77.37138612,0,6820.013727,47487.70497,11.49597306,0
92914.37753,6.741072288,0,75.12628637,0,7058.835971,52015.70481,-0.521271577,0
99518.77421,16.3904058,1,7.084752209,0,328.1188594,11991.93395,22.82955974,0
173683.6288,3.567502047,1,18.89914664,0,5397.935424,113705.1297,6.247548175,0
276217.1586,3.024253318,1,44.74627514,0,22765.96208,262512.3406,6.866456975,0
277699.7344,-0.693701932,0,100,1,287011.1563,4184262.605,100.0073369,1
59220.8672,5.499237811,1,69.42807853,0,4895.451475,38748.65611,-4.18971297,1
185357.5311,16.55869801,1,95.04446155,1,8129.392958,48108.58083,105.4960171,1
48507.17675,7.921960961,0,94.92780292,1,4072.717462,24877.46172,93.48277516,1
126080.0873,3.164180908,1,51.45609803,0,11591.1478,119956.9318,-2.511130819,0
216987.4851,-2.051615746,0,78.89066565,1,-258608.4942,-903908.2064,76.26887783,0
244310.6791,7.858295163,0,56.0375345,0,12191.28962,111542.5354,-2.802772849,0
257772.0817,7.822838174,0,100,0,23041.11002,134829.9516,-2.652043701,0
-57175.9347,0.439088858,1,71.36968425,0,-17536.84902,-170092.1669,7.624938135,0
191657.8389,2.378959642,0,67.32585183,0,27721.28079,239554.4397,-0.264891375,0
-4423.070608,19.01488795,0,51.52800904,0,-92.60857726,-933.7900711,4.673350791,1
181159.843,10.49015466,0,100,0,12590.90863,72804.96914,0.819724723,0
259382.2823,5.36942095,0,91.3942775,0,28757.90981,184362.0784,7.078733038,0
229815.3459,10.87583108,0,56.97617718,0,8817.198819,78543.24196,5.104898026,0
215863.6725,6.024998644,1,48.79745406,0,11664.93076,120046.1872,3.067419295,1
151354.2151,10.73680611,1,25.49769286,0,2628.03242,42317.29863,20.54495348,0
230351.0043,6.662801482,0,41.2016864,0,9689.222636,112466.1024,-2.272612035,0
149948.8165,10.11745706,0,75.18552177,0,8086.755776,58447.24451,1.000003329,0
244013.279,6.654396525,0,37.4141894,0,9329.687977,116304.0454,1.885134165,0
299364.8985,8.54384031,1,0,0,0.027548779,-73.34529727,10.98566411,0
179173.8058,6.882614303,0,51.54067629,1,9180.622024,90057.48956,55.52157577,0
72390.12821,1.533687606,0,31.43191495,0,6250.459568,99407.50579,-3.783922094,1
22946.27069,19.45799278,0,51.4823409,0,469.7387954,4460.193726,3.561676334,0
211896.1969,11.2841971,1,47.19230669,0,6518.24541,66853.1443,14.18992488,0
48867.09376,5.206495001,1,94.47907228,1,5736.928718,36001.52688,99.68792745,1
64079.4758,12.59631693,1,35.30603456,0,1337.573808,16987.11336,11.64759941,0
112912.1569,7.277320337,1,92.08085424,0,9871.18185,61843.65825,3.23681211,1
48341.24076,21.11623665,0,70.65291778,0,1258.726808,9343.803519,2.401755811,1
15619.82342,4.73523968,0,75.60426125,0,1578.091496,11904.42456,-3.3023476,0
303879.3101,15.29617884,0,31.44501648,0,4740.765269,64927.2176,1.189403851,1
154904.8768,7.237863327,0,82.72631478,0,12221.65612,83194.31346,-0.506645114,0
232091.0992,3.575558473,0,56.60254454,1,21568.67304,205660.9843,49.93174076,0
76560.35119,15.37346924,0,53.61999164,0,2027.318202,18767.52384,-4.667192569,1
142087.1964,20.87267081,0,100,0,5292.292757,30061.19969,2.023879289,0
188567.426,4.523779127,2,41.52446522,1,10831.98108,127997.87,47.9504329,1
286566.6184,16.09200549,1,76.14979736,0,10337.0396,72837.62671,13.29990465,1
195419.6314,17.19077125,1,35.03344227,1,3052.556908,38459.87477,48.40447651,1
159670.0298,16.34551369,1,19.59323864,0,1460.927382,27860.98702,12.69545608,0
-13012.40692,17.33083365,0,35.46966126,1,-204.0909347,-2516.370383,43.68299385,0
-10764.37609,18.88243487,1,66.30969251,0,-291.5906897,-2304.58925,13.28273919,0
158943.1931,2.243353846,0,8.385822896,1,2967.1138,109726.7435,15.75033912,0
213761.0174,6.243984202,1,1.774012913,1,408.6039848,30004.95739,6.364341011,1
113794.1692,16.46289185,0,27.49230538,0,1451.285964,21902.83236,-3.268772463,1
171263.3523,9.292979075,2,38.169326,0,5047.225323,60951.29449,20.50507597,1
53455.14878,16.56866472,0,20.33722076,0,501.2463658,9330.600365,0.265203921,0
54657.49208,14.25407782,0,73.39394975,1,2122.061921,15453.00409,72.40644999,1
31863.91187,11.76281506,2,12.06843664,0,241.562048,6419.105414,24.62504827,1
208447.1907,11.44227073,0,64.34914944,0,8636.670234,70027.31269,0.185990985,0
310774.762,0.167451799,1,62.86081528,0,97631.74119,1106461.307,-0.910536958,0
212590.5264,11.7108856,1,34.58397191,0,4637.685892,59723.81689,16.3892575,0
178763.3148,19.34039742,1,45.57599823,0,3257.853615,33806.15321,12.10551384,0
91317.14865,11.26859299,2,9.984283977,1,594.9483335,17900.54347,27.94814585,1
178945.9976,10.15919572,2,15.86880229,0,2029.546657,45287.40066,16.37731561,1
198711.1328,18.10811554,0,64.88410455,1,5479.745859,43473.20186,59.59442124,0
27104.68235,2.276593859,1,32.4663146,0,1941.702348,29000.99599,2.706226906,1
240536.4983,16.06006296,1,69.5191827,0,7935.650372,60098.0183,18.58716075,1
22002.02321,10.69523291,1,21.33812786,0,320.6318721,5807.857512,0.882580438,0
41449.0158,6.752911291,0,67.62765868,0,2830.326288,22602.81142,-2.370265365,0
224182.973,2.877013555,1,21.70656099,1,9264.520657,180633.9606,22.97525665,0
183497.7054,20.00683966,2,56.30511031,1,4003.693671,35336.91079,94.88950984,1
272660.5318,0.339759812,2,8.347058002,0,10309.19902,454859.1482,-5.745920225,0
267624.7525,18.57666604,0,52.7794642,0,5863.099121,54515.58151,-1.566604364,1
234666.7975,2.744532188,0,0,0,0.430220544,85.59034338,-4.555614459,0
188606.7061,16.42392225,0,0,1,0.15405721,-32.27759323,-1.671885534,1
80486.93827,11.83706269,1,0,1,-0.034395149,69.60476221,3.238925097,1
54088.25153,-2.975617313,1,34.31557281,1,-10481.80607,-97597.78002,29.70215838,1
313901.9692,10.55393077,0,32.26846608,0,7002.922191,95170.3969,-3.59516798,0
13628.43133,15.67604696,0,98.44628827,0,650.7636254,3771.496603,-1.312405239,0
314399.0873,4.585956704,0,56.7606571,0,24435.11671,228246.7004,1.503963552,0
-2302.369953,3.849375214,0,39.64403719,0,-142.1086606,-1735.376589,-0.223675302,0
109231.3857,4.352786054,2,51.28255863,0,7975.663865,80898.94286,12.67254812,1
163977.8066,13.10898624,1,76.30017151,0,7136.442261,50585.18137,11.30515417,0
275.0477017,4.693298979,0,22.8295319,0,8.20034378,147.9449024,3.094424089,0
251247.0711,19.27462908,0,100,1,10078.21918,57244.06389,105.6249355,0
143175.1725,2.677105753,0,21.41561997,1,6117.054282,121037.8238,22.7844185,0
44648.08594,7.124148847,2,51.53845881,0,2223.5138,21733.37967,14.14430854,1
-519.8118955,9.433249951,0,41.81674544,0,-16.1668018,-191.0383156,2.071810421,0
39205.93342,10.94849463,0,86.79710276,0,2277.985881,14688.05214,1.545418087,0
39597.96952,8.201642797,0,43.67847218,1,1485.696465,16285.91084,48.68468722,1
166115.7835,8.12274193,1,71.64010865,1,10305.60154,78019.554,83.73184787,0
233940.1694,4.064012398,1,33.43740608,1,11715.68844,163489.1707,41.53055453,0
136621.2873,17.72332212,1,25.49637542,1,1510.102241,23988.93655,43.43982733,0
-20613.016,20.52237625,0,47.38729884,0,-369.8972708,-3779.999672,1.706133163,0
145329.5021,11.99937265,0,87.08453745,0,7812.492594,49996.85779,1.612631316,0
238666.3534,13.63625175,0,13.92947134,0,1830.414538,44090.81158,-6.036897011,1
181664.8643,15.89894783,1,62.84794581,0,5468.259504,44740.25529,21.24352792,1
88179.70664,17.1720941,0,100,1,3935.429285,22422.35546,91.65354735,1
237176.4053,-1.029518986,0,47.8523091,0,201025.5539,-31245366.53,3.560933288,1
23702.962,16.27707447,1,42.75880726,0,475.5091624,5169.677269,17.61205495,0
19062.84339,3.832892076,1,59.62103016,0,1775.956271,16224.14094,2.411450937,0
239041.5709,14.8921903,0,51.93840123,1,6312.016483,59742.79608,53.89435203,1
204092.9137,2.035392839,0,95.39412371,0,45890.93617,307159.0064,2.092846631,1
-21956.03286,6.243715712,0,67.49075456,0,-1594.628154,-12858.74805,-6.538999534,1
151224.1718,22.64008144,1,45.79074907,0,2390.379447,24553.51163,29.72071285,0
99349.32957,17.39226292,1,33.07495659,0,1449.329351,19104.14374,17.75295319,0
65050.48812,17.19186342,0,71.20778017,0,2065.246237,15225.59874,11.57366152,0
229619.5848,7.90207895,0,67.81505994,1,13801.573,109228.8639,71.76391508,0
231430.8369,3.515951962,1,9.052170625,0,3480.076614,118245.3795,3.762938697,0
122267.332,10.20775469,1,68.3808143,1,5950.680866,46266.11861,75.13837255,0
144002.319,14.95033549,0,0.410900396,0,30.11877374,3142.834658,-0.554197686,0
40196.70182,0.995192318,0,95.42508279,0,12810.22017,92011.74909,0.749153643,0
73932.51155,12.8214567,0,31.38931233,1,1350.507451,18580.29719,38.71646311,0
55602.65133,-0.184327265,0,43.12102665,0,15186.44725,258153.8908,6.133299172,0
31403.36117,5.669502653,2,69.5970157,0,2540.333021,20001.34642,13.59644772,1
75773.66192,20.82754324,1,14.88035231,1,420.8162365,9545.519396,44.5538514,0
242188.0072,2.908540427,1,95.0181542,0,43499.49123,282787.1742,-7.172365221,0
16662.79077,4.179677956,0,76.93843825,1,1880.753044,14073.25345,79.25237518,0
279938.7412,18.14814244,1,13.11957686,0,1557.695079,38726.27467,24.42640203,1
2526.506226,10.79918929,0,8.483568997,0,14.2945945,442.0297554,2.737188857,0
66598.51987,16.3157445,0,45.05414415,0,1403.538166,14773.59622,-6.664039894,1
84119.26101,-1.731648311,0,64.91912907,1,-196452.4566,-481590.005,71.86634474,1
-8819.155648,4.70206138,0,19.53511117,0,-231.4532681,-4771.740583,3.806742817,0
103485.2649,17.00556885,1,40.08234925,1,1867.997531,21389.7688,58.80297791,0
19000.59453,9.592721646,0,100,1,1427.26702,8360.64044,100.44179,0
70111.62155,9.412157828,0,16.33350061,0,874.522976,19236.53243,9.968510341,0
240274.4584,12.51463745,0,10.86018703,0,1551.559648,43876.01035,2.222587719,1
201952.5491,13.94726158,0,35.82563836,0,3903.046965,48722.13698,-1.209598294,0
64667.11802,5.460001145,0,60.85403359,0,4711.590739,41276.89246,-4.056892504,0
-38352.26931,17.07058915,0,77.3788768,0,-1331.786855,-9237.871779,3.787645696,0
98930.81069,15.25693711,1,46.68634184,0,2296.695653,23475.74838,20.18810409,0
25929.09103,15.4312307,0,39.54749229,1,504.3648465,5825.967233,39.83007006,1
71027.11042,14.18116415,0,84.14182438,1,3175.830826,20722.33488,81.35293198,1
-7176.928974,11.35786258,0,42.51382022,1,-197.625838,-2180.157472,49.16410321,0
107212.6245,3.726009021,1,74.58372607,1,12750.88112,98051.79332,73.872658,0
175635.4965,10.96120726,0,76.96710597,0,9039.908001,63988.54425,9.847226907,0
235733.0539,1.318184245,0,34.58471877,0,24107.52575,363185.8613,-3.672669092,0
99007.86306,19.85663338,0,76.50584654,1,2955.769905,20494.35384,70.11435647,0
144827.237,5.154312992,0,27.54324915,0,4995.433101,78907.46153,-5.751833487,0
168144.0884,6.812377184,0,58.97672068,1,9941.30387,88138.03386,53.42811654,1
116257.102,6.668737179,1,28.68106092,0,3402.014654,51467.34437,5.485756659,0
129831.489,14.15715406,1,75.54969592,0,5220.545796,37052.94637,11.81629148,0
118850.0935,-1.257468189,0,77.16514927,1,315115.9976,-2012112.857,82.28834839,0
163859.6247,18.91633623,1,61.69552594,1,4126.389087,34053.93921,85.02223625,0
68468.4047,14.04055755,1,100,0,3671.473026,21037.77583,12.92300226,0
-42061.06962,16.69333519,0,84.59346462,1,-1630.067933,-10650.87355,100.1103867,1
135405.0571,15.62531131,0,53.41986746,0,3519.818535,32572.98505,-1.183805334,0
126581.1602,14.412215,0,43.36873464,0,2875.170861,31119.65859,-0.517581775,0
6800.221778,13.28910499,0,25.48450371,1,97.60428843,1466.569292,19.09741397,0
22924.91904,6.581958085,1,30.70158201,0,725.31069,10413.18636,6.179256462,1
215879.7763,4.906518275,1,25.0301309,0,7028.715909,119149.5669,6.393521732,0
102419.4385,15.94824065,2,87.64965376,0,4287.576885,27010.65252,25.97537683,0
178783.6951,12.35550021,1,46.10461038,0,4957.452201,51601.69947,9.862043088,1
273555.6165,11.80096277,0,47.82833832,0,8197.104444,83107.08074,1.63505365,0
139884.4566,5.262130372,0,9.920436417,0,1710.606484,53389.70984,-2.624177396,1
57978.89726,11.84511308,1,23.40131465,0,847.1088476,14337.8509,8.174317217,0
102225.2834,14.60941247,0,32.32310704,1,1709.044859,22884.52029,36.23377212,0
45943.92788,8.901855097,1,14.96730883,0,550.9139319,12835.20725,2.491286041,0
52647.9464,4.614393287,1,57.95660976,1,4158.740282,38173.21588,57.13139115,0
190065.8444,1.634682612,1,0,0,0.106486746,-16.68793027,2.521579315,0
151138.396,11.95194282,1,15.79881752,0,1478.727623,32967.63181,16.18273913,0
296152.5002,4.440379315,0,46.57186557,0,19348.20361,210231.337,1.527619831,0
157612.6223,-0.92907559,1,18.78204663,0,43209.21424,6632936.603,-2.048511867,0
227571.5693,19.01193111,1,51.97819006,0,4805.706756,45129.6808,17.48498801,1
105319.9547,14.5434556,0,39.20225537,0,2144.334336,25080.09877,5.052209414,0
180924.5932,13.33011214,1,28.30680072,0,2878.062417,42711.27379,17.6251193,1
333578.7461,21.38109719,0,100,0,12149.18593,68807.09508,0.249246259,1
296696.8596,5.425148061,2,37.93393697,0,13543.42965,169102.4235,9.462202627,1
93885.02534,4.053972527,0,12.51135918,0,1762.622005,48375.91806,0.176360963,0
65892.74768,17.21180085,0,37.95228895,0,1114.126978,13322.22794,-3.635987243,0
262785.5053,5.872105024,0,19.41523236,1,5767.071816,115364.7459,18.6643541,0
63183.98456,2.367565511,1,39.25385791,0,5344.160089,69407.46189,-0.080117849,0
214409.5232,1.156286126,0,19.07286221,0,12829.72323,298220.1831,-0.504224092,1
-6302.240637,14.72327225,0,33.3753228,0,-107.913419,-1484.623344,-2.268421348,0
80373.0439,7.278120797,0,13.40054462,1,1022.317927,25863.28068,16.02030399,0
47478.44315,11.84600704,2,67.65055896,0,2005.605955,15602.22105,27.78404107,1
108991.9184,12.39435111,0,25.20624841,1,1647.992383,26656.15907,23.30766931,1
49832.85201,18.85205427,0,70.48381344,0,1437.984772,10754.09536,-4.059398344,1
-27387.12331,17.84866879,1,78.24909245,1,-922.9883559,-6385.25651,99.65586992,0
204017.492,13.94508435,0,74.94225409,1,8249.356301,59149.50682,75.86604816,0
181456.3661,6.228024115,2,20.52124584,1,4015.249709,77040.43593,31.14361368,1
143214.1018,9.011178484,0,3.427433877,0,389.2029499,21365.61815,6.877759567,0
231012.8054,12.97822622,1,14.39109623,0,1913.501273,45163.60441,10.15305491,0
263215.7843,21.54289949,0,48.42695173,0,4609.913883,45466.09123,-9.964681578,1
214346.0378,1.191205154,0,0.325942365,0,216.5639074,27588.27844,-3.539796853,0
198170.9042,6.982858905,1,29.51522522,1,5745.704173,84839.2686,44.58997651,0
31846.85199,6.139520714,0,100,0,3473.928208,20519.24298,-1.588518655,0
290783.1364,9.390963463,1,19.91328813,0,4430.610839,85112.12908,6.813767006,0
173575.9835,4.802309598,0,79.81093846,0,18317.74617,131461.1945,0.133015606,1
133923.8246,18.87195078,0,100,0,5478.273796,31046.74019,5.055315439,0
-18425.19141,3.93550783,0,72.1377595,0,-2037.95732,-15975.50564,-0.414499954,0
145678.8083,18.36413898,2,38.55425204,1,2356.520895,27637.25799,78.23926791,1
236063.1624,17.25235581,0,45.50576375,0,4774.102811,49657.14917,-0.946331155,1
283045.8501,11.55505021,0,27.35822339,0,4943.044279,75402.59982,2.996055856,0
160320.6361,11.09372439,0,33.97734825,0,3604.606741,47121.70626,0.90131397,0
118928.713,1.650131962,0,9.665115656,0,3040.797676,106245.4101,-1.989958874,0
349078.3805,9.193848022,0,65.76393813,0,17889.58296,143813.5222,1.290459883,0
9355.255331,5.983106604,2,31.23911755,0,324.9665778,4717.678723,9.25366367,1
-50832.27429,1.33587739,0,32.83120196,1,-4904.081691,-76605.52844,25.9402602,0
134138.9446,14.89976943,1,76.74102214,1,5230.629601,36769.24323,91.5413526,0
277245.4251,1.705949153,0,0,1,0.02916362,-39.00329765,-6.446871789,0
195093.1943,11.68146896,1,75.40629587,0,9300.68368,66650.7914,14.66861664,0
135083.6926,6.415605015,2,56.61918529,1,8051.955831,73904.73305,69.26294146,1
286257.8855,8.414749306,0,0,1,-0.072098468,-57.88746229,7.116459742,0
78801.20264,5.935662874,2,73.3609642,1,6478.554638,48964.42313,83.58110439,1
178875.7575,13.78529113,0,42.86088471,0,4179.79888,45794.61028,-0.100135984,0
223951.3999,5.84555791,2,16.6261871,1,4224.294964,93865.18253,20.96917266,1
215963.8825,9.851687317,1,0,1,-0.168217625,58.50385315,4.331220761,0
11496.68898,12.83641151,0,49.3501519,1,329.3909186,3242.724696,40.95653809,1
161895.5203,15.44797649,0,62.28043906,0,4958.23653,40760.24004,5.387469056,0
309446.1624,5.127881975,0,9.41132152,1,3661.74123,118330.3055,7.113549945,1
264869.1508,15.50513769,0,74.54580056,1,9675.895611,69411.93948,81.18119932,1
47427.60573,4.769064095,0,88.66660938,0,5590.220768,37096.92535,-13.40305567,1
159769.0827,2.888396655,0,99.6678868,0,30238.57194,189446.6185,7.740371993,0
-32627.42175,5.202645915,0,56.16528842,1,-2278.098208,-21295.25409,55.82517396,1
238055.3412,6.933090623,1,40.85312099,0,9610.509704,112017.9247,8.632327568,1
58554.14975,17.69245151,0,65.0659944,0,1653.990941,13120.1101,-5.314713651,1
218174.777,11.04450127,0,93.57529743,0,13562.32218,82398.88196,2.636449594,1
125966.8646,8.804169507,1,17.91568778,1,1825.482456,37730.26538,24.85028656,1
52083.26451,5.544869441,0,51.03672134,0,3144.120497,31472.5402,-5.96977111,0
187770.3703,17.77807424,0,51.9114408,0,4213.324582,39673.2966,-6.038331765,1
138854.3032,7.147488842,0,21.92360808,0,2933.431291,53447.51394,-6.126752183,0
162839.2849,6.447391167,2,74.79500041,1,12771.20794,94601.20616,89.59098072,1
99075.63906,1.423384765,1,70.0935069,0,19796.05691,174418.7208,-1.754773314,0
51267.71288,2.585430964,0,71.47546228,1,7474.106787,61259.52221,63.27499351,0
305876.6649,4.291042396,1,42.73447793,1,18809.97996,218478.7267,48.8720179,1
326920.6829,-0.22824513,0,0.827386849,0,1772.368449,255392.8597,-10.86364762,0
47261.49385,19.2819654,1,52.84579796,0,1001.475441,9249.524311,25.92732588,0
171176.1236,13.17725386,1,8.809009507,0,855.9714638,27555.3975,23.10930674,0
285213.5265,16.39080495,1,60.40556382,0,8024.901367,67458.69299,9.828686571,1
114944.1769,16.71798298,0,87.75524181,0,4614.219799,29096.27261,5.262253158,0
191508.4097,15.77698235,0,90.72075988,1,8379.898137,51589.89427,92.4662499,1
153661.7445,2.390067038,0,27.04124287,1,8900.976589,151108.0086,24.54104949,0
232185.1576,1.224600167,1,86.39620652,0,61354.25314,466654.8814,-1.042261936,0
167224.3415,12.17276867,0,36.62428417,0,3732.918648,46044.46657,3.272391565,0
212206.3635,0.044708835,1,20.06012778,0,22964.79798,618904.3368,-0.155045153,0
377612.857,14.48972926,2,8.250416156,0,1623.379856,54410.78148,16.00841273,0
237270.3698,12.74469064,0,49.3433669,0,6849.323805,67615.66382,10.36507202,1
78033.33923,2.878784726,1,76.34323189,1,11337.74632,87526.53441,81.38788755,0
310280.8022,1.14110262,1,49.86882898,1,48822.22742,569337.4518,50.7498777,1
69533.17246,21.10594405,2,42.33769191,0,1084.892693,11867.53843,38.6197719,1
40352.25524,11.17753931,2,15.04346384,1,398.9608278,9156.685289,36.45373994,1
105765.0723,3.24739855,1,0,0,0.030307776,-141.1317479,9.593334844,0
251930.2046,19.0376381,0,65.32353631,1,6677.403977,52723.23964,66.63162848,1
156179.1713,-1.343308695,1,55.6085768,0,461890.3185,-1836146.513,0.533564428,1
216595.9969,13.39144576,0,100,0,12120.64728,69448.13899,-6.245853098,1
125931.7214,7.79457739,1,16.73817582,1,1889.877042,41190.28692,22.78460183,0
169589.8126,9.313387456,2,82.69744578,0,10808.04168,72786.02488,18.88203245,1
145385.7064,15.04706129,0,0,1,0.12317096,3.457490807,3.482831717,0
12517.46969,14.35057356,1,100,0,658.0947665,3771.858869,12.27149251,0
32555.71597,7.326549122,0,28.07773324,0,862.9732409,13174.39276,4.639343827,0
314630.9974,5.176353262,0,60.44241119,0,23736.67021,209772.5343,-5.721766042,0
91549.72998,16.26385593,0,29.40978779,0,1263.085825,18063.71508,0.347681615,1
68506.45715,5.090904563,1,38.92174476,0,3371.249038,41497.76757,4.602830168,0
10444.67245,16.56269345,2,26.09424862,0,125.566591,1947.982663,25.54775458,0
-8949.876536,9.817200885,2,69.71116206,0,-459.3766752,-3541.651321,19.39586099,1
99757.9099,17.838243,0,65.34668489,0,2809.207998,22239.67349,-2.913022603,0
163041.4165,18.10451698,1,76.32374285,1,5289.500346,37117.22836,101.4971335,0
171061.9343,0.878789867,1,22.25237599,0,13335.16857,286442.3219,-1.172490312,1
270774.3813,13.5659677,0,17.05404084,1,2554.262747,53848.89029,18.80839351,1
35527.72073,12.43083147,0,46.73513449,0,992.9794731,10166.14269,-6.155209914,1
215399.2552,5.955631099,0,12.00132807,0,2889.668673,79381.93523,1.182844467,0
220729.0904,4.788706116,2,44.85023113,0,13118.5789,145898.9503,7.50218069,1
82923.44307,21.30718069,1,36.49970348,0,1106.095159,13560.44596,17.42579827,0
36299.17767,19.77269879,1,6.995414604,0,99.55337383,3603.840642,33.94215995,0
170821.9321,10.39563883,0,61.89512285,0,7406.339708,62101.73039,-1.767245144,0
105698.0414,3.793725824,1,62.46902636,0,10394.36869,91456.92546,2.733981178,1
92247.39106,9.277378876,0,85.12847313,0,6072.050979,39948.14712,4.509967264,0
-29697.43666,17.87163168,0,36.86959458,1,-470.9499306,-5662.285934,33.02746118,1
11340.56262,10.97880356,1,52.15254052,0,395.0705884,3779.760363,12.99516495,0
-15155.23333,6.969563212,0,88.26655579,0,-1315.796565,-8483.29203,2.551602062,0
184680.9394,10.0603904,1,51.65768163,0,6876.957505,66240.09378,11.28389253,0
238692.6403,18.32985432,0,29.67982047,1,2977.037773,42171.54451,41.16151705,0
168926.4411,13.15087177,1,100,0,9608.270604,55033.33694,9.129526524,0
-22684.40744,11.80480166,0,4.469631897,0,-63.71922623,-2996.522126,7.688003008,0
68004.17053,0.345965365,0,72.87481309,0,22371.96467,217290.1561,2.360702012,1
-1207.195106,13.57308644,0,75.21850756,0,-50.57208976,-411.6993247,4.547248066,0
112457.7423,5.992398375,0,83.50536742,0,10444.92179,71428.00983,1.706171858,0
257755.3593,9.929366575,2,0,1,0.397561313,-27.07829383,29.25011991,1
83360.65191,17.02299915,0,22.20856752,0,833.3030929,14579.67376,-1.600389616,0
98559.52141,5.87030808,1,43.43635595,0,4840.272205,54427.08774,8.356409272,0
105779.9742,9.631002045,2,87.88431202,0,6959.786366,44615.62777,25.78936879,1
288862.6018,10.90382299,0,0.305018818,0,59.44113992,6376.92159,-2.794213485,1
108989.1828,17.63369906,0,30.57106052,0,1451.241181,20203.94753,5.002183386,0
183931.7479,2.286653732,1,42.43069723,0,17175.15667,211119.3761,2.193462454,0
247029.2365,3.361281825,2,52.89671984,0,22399.7957,225800.746,0.548145513,1
271426.6568,9.745373108,2,77.93167624,0,15675.37462,110353.2301,12.23279832,1
189721.1323,16.09044542,0,34.57816536,0,3107.631974,39573.82922,-0.454099167,0
284054.1733,18.1023958,1,88.09555608,1,10638.21349,66728.73463,111.1523775,1
205115.3377,14.99643161,0,42.61767281,0,4415.942349,48428.16887,-10.39484782,0
292700.3827,7.255068904,2,66.39909947,0,18498.85587,149333.7588,15.512388,1
14602.17791,18.64594901,2,85.40883449,0,516.0408285,3342.090086,41.75378369,1
147665.9148,5.877992056,0,59.15663939,0,9866.53412,87857.25298,-6.389749427,0
270365.6621,20.00048094,0,51.94894399,0,5443.651414,51079.31757,-3.169833128,1
123295.4463,2.932799387,0,66.39684464,0,15389.89571,131956.2294,2.861834708,0
109546.1909,15.4416426,0,7.56817601,1,407.485825,14296.45374,11.81086575,0
184902.4889,12.24645244,1,21.96425954,1,2462.119116,43739.97438,42.23120309,1
219906.9778,6.424080568,0,92.3841648,0,21365.34687,134434.5071,-2.931704007,0
25195.99703,6.50472698,0,13.00049684,1,340.8760183,8875.120791,8.92261257,0
299140.8014,6.869540129,0,32.19125951,1,9587.881909,133201.5187,40.45468683,0
311167.9821,1.950861365,2,64.53840635,0,48495.70445,441023.5307,0.127013399,0
192413.0067,12.40888586,1,5.158017197,1,594.6130225,26013.31738,20.1033306,0
277955.9333,8.848787876,0,23.17408342,0,5186.942087,89968.87924,10.91557428,0
39656.49629,21.55903734,0,23.98898879,0,344.1215085,5679.355083,3.763543468,0
153865.2562,9.566362321,2,66.11376472,0,7660.607392,61215.43463,23.04907573,1
201495.3497,11.00548961,1,16.26549364,0,2184.15472,47833.50236,17.39582014,0
83158.21526,12.01345836,0,0,0,0.024252132,41.76297836,2.624337889,1
-5887.759937,7.068670393,0,89.52513664,0,-512.8111178,-3281.825457,3.940352008,0
51170.59112,9.25833273,0,65.37309951,1,2591.490329,20890.49307,63.66015144,0
154409.6544,9.836435933,0,14.81936614,1,1682.029108,39323.09873,20.61917847,0
190980.5019,4.652240071,0,12.9640586,1,3353.688974,89097.36605,15.03146668,0
91313.04871,16.60412454,2,74.38307534,1,3126.551793,22431.29295,100.200979,1
26608.3095,5.135812676,0,27.20543252,1,909.0827977,14542.61283,28.42015208,1
110172.4892,1.336635506,1,82.87879898,0,26824.74225,208831.3734,-9.511604905,1
318006.6007,6.897380177,0,20.4892879,0,6466.124393,123474.1169,3.569564828,0
263284.6462,20.99486337,1,95.8334095,0,9347.318779,54868.84269,19.82710565,1
78884.6865,5.715404687,1,53.15842725,1,4843.183344,46901.03645,68.40159528,0
111973.6286,10.79313755,0,0,0,-0.007579932,41.71313789,2.448156323,0
140827.7748,3.521894595,0,59.31627485,1,13861.61434,127702.1827,63.93718281,0
-5712.889273,12.191687,1,83.54708265,0,-290.5142882,-1912.324856,6.945570753,1
119175.4438,7.188884783,0,77.66540963,0,8876.802639,63516.80775,3.422873625,0
72934.01408,19.35789398,0,88.1586688,1,2568.677595,15947.14022,84.95537869,1
60012.59487,9.375195302,0,13.51061579,0,621.4450832,15418.98335,5.452588374,0
323566.8325,4.901941318,2,0,0,-0.251874255,16.45596067,4.212121507,0
212966.6715,14.67927984,0,88.61441199,0,9720.12743,60925.21756,0.549036764,1
251988.4491,18.66170261,1,23.97907259,0,2497.284623,41246.62666,12.87229045,1
30012.57285,4.902002876,0,11.68405503,1,456.3652863,12951.1017,12.31310479,1
89316.09071,12.75883408,1,89.22075637,0,4657.227459,29268.28422,22.87126861,0
14453.06748,10.84524785,0,0.158318553,0,1.463334583,209.2336084,3.606340401,0
38590.81416,6.7529929,1,26.04433949,0,1014.570672,16461.23915,6.58985039,1
74271.26347,7.62626428,0,100,1,6781.787051,39816.0017,87.68920438,1
65021.3768,12.37413159,1,33.45544199,0,1306.387834,17263.70033,9.695696001,0
253778.0657,6.933081719,1,9.568022383,0,2399.306148,75436.54703,9.306349947,0
231190.2841,12.7768395,0,16.7720438,1,2263.448729,48282.96003,14.21775542,1
156678.1688,0.928348843,0,41.81602652,0,22483.43273,305254.5309,7.13575124,1
-3286.454319,1.937090897,0,29.69162707,1,-236.8483532,-3845.044261,30.04931788,1
236600.1912,10.86428115,0,81.41052288,0,12982.43069,88035.26505,5.392975581,0
269429.6063,6.693419955,1,87.15672198,0,23883.49545,156890.7692,7.717924245,1
108064.8712,23.0231131,0,54.76056798,0,2010.803704,18069.19646,-1.379910716,0
232397.198,-2.680155489,0,49.94168467,1,-81954.82816,-543621.1998,47.58505215,0
224165.7782,5.935438778,1,19.80258435,1,4975.128617,98084.52714,20.67725294,1
65412.82139,7.28108587,0,93.21372754,0,5786.860726,35858.42413,5.483065917,1
300421.7645,16.2461564,0,70.55480053,0,9953.113899,74389.38367,-2.14005966,1
181980.7292,4.773743895,0,13.6004756,1,3287.131794,84462.0532,16.21195981,0
282910.8854,14.40156727,2,0,0,0.053702105,46.81028688,26.17440963,1
352664.6331,10.46557349,1,10.75451856,1,2641.537858,75754.15447,15.80494753,1
235914.4536,16.48647205,1,80.28333834,0,8775.123968,59327.97581,19.2621761,1
238014.3376,2.62015659,0,59.89093492,1,28831.75232,270206.8407,56.15741544,0
290988.9871,5.389184441,1,60.66980017,0,21354.79752,187687.3729,3.386748217,0
43648.77556,14.91677164,0,87.52389497,0,1939.042711,12315.09531,-6.243442427,1
106748.1069,15.10332195,0,58.62881694,0,3141.221092,27051.39569,-2.465616258,0
154627.6744,19.45814938,0,41.91776807,1,2577.569859,28425.81746,42.03830391,1
294451.3272,5.148636025,0,77.80290748,0,28714.23395,209156.7262,-1.437454901,0
143844.5236,4.448679314,0,47.10668024,0,9492.477674,102255.7744,4.091133082,1
98881.88484,6.80803511,0,62.2054392,0,6169.506298,52512.05676,0.727603715,0
209815.834,0.405035598,0,29.35945855,0,26946.55942,509706.1726,15.43656906,0
142560.0935,6.623967477,0,30.69139492,1,4487.890975,64610.34854,32.81264786,1
222835.4246,12.64157145,1,69.71863671,1,9155.266114,69610.60232,73.68277048,1
166781.1401,10.38810389,0,24.18599713,0,2827.391915,47318.21553,-1.06441208,0
180746.9737,10.45987782,1,23.73443772,1,2988.951361,50553.88467,33.5630748,0
169031.8916,14.57391171,0,33.06279252,1,2897.084724,38381.833,29.99463633,1
163465.4789,3.336090165,1,2.920866043,1,822.7561087,51493.19566,6.62001038,1
123485.9837,2.723434547,0,100,0,24365.2464,153158.0535,-3.216985311,0
12423.23989,12.36924874,0,59.0441686,1,441.03781,3790.81644,60.7082676,0
16011.71749,7.867530136,0,30.85560098,0,439.6620677,6285.132667,-9.543438564,1
216531.4,21.24954281,1,0,0,-0.158153343,35.10053058,26.97033516,1
251982.7457,12.66267812,1,0.907208105,1,134.6836018,11888.27444,5.678434349,1
291565.2364,10.840735,0,100,0,19688.28932,113645.9605,-1.31777776,0
36976.00976,13.55420996,0,80.83518197,0,1654.411481,11262.46835,-3.663533945,1
117675.3879,1.1425075,1,77.08248124,1,28605.14868,239330.4375,79.7545891,0
49435.12955,14.41298475,1,49.78866807,1,1288.715376,12576.62017,63.28544727,0
106427.0066,7.608610246,0,24.93634588,0,2428.227539,40191.39984,1.258253328,0
46100.84381,4.163746033,0,58.84558946,1,3991.970949,36608.82355,64.40155152,1
390701.3031,21.47916801,0,53.76055852,0,7617.101218,69549.96286,3.843077188,1
31194.6132,12.20754064,1,100,0,1896.308395,10960.35535,12.38907735,0
123305.8616,5.136758667,0,23.66667208,1,3664.211824,64377.08402,25.96421091,0
155602.7538,8.208241779,2,65.46066771,0,8743.198587,70973.60898,26.21652115,1
198459.9803,13.6072775,0,0,0,0.052346088,40.33215584,4.021191473,1
172461.6176,2.041111554,0,85.63455453,0,34755.00367,253011.7805,-1.467689671,0
74948.70948,12.51846648,0,58.97043542,0,2627.406498,22660.30601,6.389321687,1
64167.99296,19.29288174,2,44.94610337,0,1156.267237,12070.16412,40.54231509,1
240020.9076,10.05324232,1,8.519342786,1,1474.524914,48897.62914,13.75871085,0
8873.602306,18.01426667,0,100,1,378.7028051,2207.049508,99.09638855,1
-63843.09359,3.672289926,1,4.492987546,0,-462.2412182,-23268.57071,-3.688996891,0
304501.1041,8.54504748,0,62.35607106,1,15752.06021,132296.1544,50.93097054,1
193738.7908,13.35212903,0,61.60048929,0,6696.414627,55829.5207,-4.745201456,1
240963.7877,3.561781097,0,58.35843915,0,23151.22,215698.3085,0.612905343,0
166183.2456,17.09962419,0,0,1,-0.338340365,-106.9494447,0.627544372,0
136413.091,14.00136564,0,0,0,-0.134869165,-9.825645721,-7.057878426,0
171427.9977,16.56426,2,50.26869548,0,3975.193506,38462.24759,21.23471037,0
135545.6313,14.41820124,0,19.24588098,0,1365.664238,26436.84316,7.353812372,0
34128.96459,11.44029411,2,38.35794853,0,843.0531882,10088.47717,23.35705381,1
193578.6216,19.16396962,0,85.33348273,1,6661.376953,42824.11157,93.11204262,1
192939.4352,5.300847577,1,44.80000729,0,10591.34696,117086.995,12.79380306,0
314637.6112,1.169572464,0,62.8594017,0,61738.87846,602850.7276,3.673548338,0
138121.8699,5.068054822,0,9.005045185,0,1577.959111,52496.10298,0.295717908,0
107052.3794,6.222745204,0,7.53951763,0,870.8973387,31711.68215,-1.988254071,0
307994.2124,11.64181343,0,0,0,0.339377964,-17.24248762,3.592982616,1
23618.33837,18.79163956,1,70.51681097,0,684.3783456,5212.001701,17.99235023,0
101380.6124,2.385711512,0,42.60399459,1,9262.605417,113050.3195,39.65589828,0
116268.8957,18.46927509,1,10.36333368,1,502.8508146,14512.35578,18.34308535,0
317312.6674,9.028392383,0,33.61998734,0,8444.455521,112137.9662,-0.415526542,0
182215.7401,9.431689804,0,88.59631162,0,12306.55127,78585.70728,5.483354437,0
248428.5058,21.38952572,0,65.36431935,0,5911.863553,46501.47803,6.296582899,1
99069.92974,15.78929438,2,27.62233353,1,1319.259226,19838.62955,59.46731584,1
207921.7983,7.254281097,1,45.87733116,1,9080.26495,96903.89803,48.68806051,0
28945.31562,15.7029598,0,100,0,1402.289866,7960.259245,4.513719278,1
312928.2305,15.0435495,0,0,1,-0.042060899,-11.55513253,-0.076827238,1
39524.57919,4.093869804,0,26.77709688,0,1576.697416,25791.05197,-1.828376674,0
159401.6467,5.795534033,2,66.48446511,0,12105.36001,98772.84994,4.31149347,0
168098.2594,7.104214565,1,23.09773557,0,3760.625927,66059.37927,17.62302195,0
97865.22176,8.331353909,0,45.71676233,0,3792.271186,40279.0171,3.691992245,1
116024.4644,12.52805956,0,56.83611355,0,3917.282777,34807.44332,4.231242543,0
153353.1862,10.91439697,0,65.93603194,0,6787.09722,54134.22834,-4.314046318,0
37427.62331,5.73448994,2,62.11733122,0,2677.955268,23042.72611,11.86772822,0
175477.7965,16.19288228,0,100,0,8265.180721,47142.47494,-0.40746933,0
219921.9988,17.7314283,1,56.21885912,0,5357.540045,47491.98197,21.64190136,1
-6698.30667,14.52806003,0,67.43903476,0,-235.0621138,-1791.804961,6.798592281,0
252003.3256,9.488371421,1,95.4701765,0,18245.27264,109817.2571,2.317293434,1
90901.20784,11.84309217,1,12.15396167,0,689.9726177,18286.01017,6.469704177,0
72755.53769,9.533636793,1,0,0,0.184755571,-94.28289741,12.76232604,0
248223.8593,14.32175544,1,68.85654171,0,9002.190442,68821.0062,11.78160864,1
62726.11351,1.740122231,1,74.05401495,0,11946.58683,98896.27732,5.81449282,1
318184.8761,0.75253464,0,42.99654931,0,50612.68761,687011.1856,-1.865296722,0
100020.1289,19.91561122,0,98.58001944,0,3836.82484,21974.77569,-6.243873153,0
110955.0646,2.00613595,0,99.52349105,0,26246.22491,170132.3116,-8.796747444,0
93724.56223,9.634862051,2,78.455261,1,5503.074009,38506.78915,100.1456247,1
54683.29732,6.020084415,0,28.96680996,0,1755.511179,26518.46185,2.543252718,0
168484.2119,14.92998478,1,47.52007547,0,4061.04795,41172.00904,19.78106349,0
77485.68745,8.377998273,1,59.44424027,0,3885.570353,33862.66099,10.0173663,0
-12078.0646,-1.2280929,0,95.91328064,0,-35503.5059,242171.1989,-18.78717661,0
24317.12853,18.5173223,0,39.59366606,0,400.8803097,4615.194326,2.517170539,0
220415.2438,2.425479552,0,41.13671554,0,19248.27566,240632.3806,-7.287287323,0
49388.78262,20.56574747,0,10.975965,0,205.0772915,5651.438363,-9.338589991,0
50618.67966,12.13774886,0,80.12780749,1,2478.367678,16934.68212,70.1870344,1
-14249.36147,1.816105694,0,0,0,-0.38868863,-44.69641615,-10.40093986,0
82797.48613,3.101595145,1,33.90707624,0,5084.002734,71776.79066,4.496485654,0
185739.9712,16.88954762,2,11.81579495,0,994.335249,26417.97605,30.12317403,0
236121.8399,13.34869263,0,45.44826982,1,6022.464067,63208.69458,37.85274337,1
210119.3921,13.29872696,0,20.63585125,1,2441.558213,45250.93748,20.75126402,1
75662.17391,16.72828059,0,100,0,3458.958892,19715.86672,-5.529666123,0
76523.74614,17.01435693,1,33.06438895,1,1138.791836,14980.90093,54.98410051,0
378627.2103,2.827044683,1,35.41181479,0,25821.83204,355671.716,10.07814155,0
84071.08074,17.32097925,0,17.39473737,1,647.6193747,13340.81754,16.30672619,0
295388.3934,11.42506208,0,89.24380839,1,16996.2779,106939.1643,96.13018032,0
143940.4005,12.27992146,1,87.23449229,0,7593.752966,48509.5098,19.15787527,0
78482.29289,3.543845804,1,49.51281548,1,6419.920972,67745.00008,53.4797,0
-17688.82395,17.74669712,0,12.71553032,0,-97.26285319,-2517.799968,8.667267333,0
142475.9335,3.624756421,1,62.38974545,0,14454.7347,127807.847,0.516446396,0
173766.7772,9.385470331,0,27.67227296,0,3681.111311,56174.44794,-9.776275795,0
168590.8773,14.48426369,0,83.99910404,1,7383.072258,48378.21096,76.22721365,0
281926.453,8.462760505,1,24.22288933,0,5711.972616,96218.1644,5.124337232,1
151395.9153,2.180844123,1,34.53840668,0,11838.1552,169962.1664,4.852354371,0
143839.0652,16.71570693,0,90.49061197,1,5954.9205,36686.30759,84.71649763,1
73174.84577,17.67737464,2,50.35986993,0,1601.461913,15396.1723,31.975745,1
206659.6994,13.05891496,0,91.40274053,0,10812.0518,66465.90275,-6.247382443,1
245358.7251,4.74463076,1,28.93055352,0,9472.235103,145148.7918,1.480120834,0
358417.5349,12.71396138,0,49.50354618,0,10402.1521,102467.1512,6.713547195,1
313867.8648,12.64031637,1,100,0,18497.56859,106187.0007,14.42819583,1
43441.78899,15.87062279,2,74.41650502,0,1550.969809,11078.47384,28.85629925,0
109768.8269,9.145748196,0,33.26536243,1,2858.446854,38278.61973,39.36771805,0
121004.1774,1.146393982,2,48.58577848,1,18512.90547,220036.986,51.00689264,0
119173.7606,15.69951402,1,52.09145316,0,3007.682526,28327.55133,16.36779153,0
178986.2962,11.38341499,1,73.74595387,0,8537.861774,62353.67209,17.09729133,0
269220.6152,18.83256408,0,27.97482668,0,3086.4501,45754.3174,-1.713105649,1
182527.0999,9.760907743,1,35.75843443,0,4829.724203,61225.4149,14.34211006,0
269941.5094,18.21294029,1,11.75213457,0,1340.930133,35858.3985,22.4375835,1
303448.6389,9.357389434,0,1.104576604,0,257.2996811,21736.81629,-0.727724868,0
212366.8372,9.458429569,2,58.6231674,1,9466.992009,82992.37386,70.55905995,1
-6252.673528,15.20618937,0,65.64143748,0,-204.7063376,-1648.3539,0.063458821,1
-16644.55938,17.29892944,0,51.75148328,0,-382.0383136,-3588.555106,5.686266233,0
164435.6786,23.97037983,0,0,1,-0.171965094,15.46413016,4.098840347,0
141079.666,2.529550622,0,100,0,29176.31436,184441.8296,8.551251956,1
74461.0695,11.55078148,1,16.76005942,0,796.8766933,17035.23709,9.098780443,0
139556.44,12.69657113,0,38.50580015,0,3154.179739,37410.00932,3.896502364,0
225956.5301,16.06671849,2,73.04559744,0,7829.772208,56859.54858,27.10199821,0
217806.116,4.678937009,0,34.21964001,1,10051.66009,136534.4425,35.22755982,0
142697.5511,13.43638942,0,51.34934218,0,4088.20489,39165.88101,5.527062026,0
259038.8922,16.11473661,0,0,1,0.221463637,73.23522419,4.532122937,1
172840.7586,9.744394,0,29.38564159,1,3764.257373,54986.56244,29.9010068,0
262177.714,17.36982654,2,4.27229689,1,495.092967,23772.49927,37.67168915,1
120676.7445,17.85650792,1,72.40450074,1,3761.284053,27442.59077,85.2868537,0
349730.6444,16.66521502,1,25.06865196,0,4022.03293,64495.96599,15.53634866,1
-3821.730812,3.866256145,0,65.51013882,0,-389.0594903,-3386.957709,-6.551019208,1
259884.4102,7.554558598,0,85.03581967,0,20339.15288,135304.958,-1.715970241,1
6795.513383,8.130343931,0,53.53990434,0,314.8308236,2980.672563,-9.031116077,0
206341.5672,14.90523349,0,61.09803986,1,6404.441473,53512.19478,54.50470372,1
31625.88402,13.16735816,0,3.479597219,0,62.51085707,3368.971791,4.264029503,0
335578.618,6.326158592,1,1.393850872,1,498.0432102,40016.39663,11.42697992,0
159191.497,3.719249882,0,11.20337816,1,2847.804583,84364.985,9.759138962,0
153956.864,15.61522534,1,0,1,-0.010564348,-67.0008864,15.93906928,0
65459.74233,15.95086597,0,50.1128848,1,1566.848437,15261.25087,51.10736316,0
52092.59198,15.70440536,0,30.30688412,0,764.8431861,10741.34614,2.30164195,1
71866.56223,18.84813372,1,62.25594567,0,1832.488038,15113.29455,20.61471726,0
-10206.18698,2.078894096,0,4.771794675,0,-113.7740665,-5806.322372,-6.683879391,0
252363.3912,10.12818095,1,66.85801652,0,12092.08178,95650.13826,-2.087237157,0
-15666.18784,10.36836837,1,38.9109694,0,-428.1503596,-5128.617073,5.283925621,0
104965.4714,15.5620185,0,79.68796053,1,4085.331581,27805.15836,78.91630866,0
151244.3898,5.734808748,2,64.0265609,1,11153.8825,93675.93907,80.29709674,0
294740.1671,5.025274819,0,20.53827799,0,7730.574893,150100.6937,1.171798454,0
42848.26619,18.68369231,0,18.44351098,0,326.0429736,6496.862723,2.671882814,0
-25616.89597,9.486185939,1,59.71249895,0,-1160.261366,-10045.11732,5.001777832,0
145363.994,18.6158325,0,12.81028754,0,771.0359214,19434.61205,-0.353644498,0
-2074.016742,7.637101862,1,66.09982151,0,-125.0810366,-1047.046508,7.964526159,0
97033.79354,3.787325995,1,85.85406185,0,13130.26589,90465.70453,0.008941801,0
170018.1251,12.99116303,2,0,0,0.126388448,56.65317208,20.63452653,1
69129.19941,14.40634522,0,100,0,3621.764841,20715.53496,-1.133388885,0
369125.7158,7.723941885,0,44.91704851,0,14978.98953,161861.3527,3.306181741,0
139621.2764,-1.572750931,1,70.47406657,0,-1127096.909,-1040697.478,-6.097508375,0
140874.8941,15.75593039,0,67.96373728,0,4623.925188,35679.93343,-1.040963664,0
188627.417,10.16547517,0,64.48192054,0,8688.696234,70670.83241,6.774948172,0
284591.9725,2.993747181,0,100,0,52775.53294,328915.2194,-2.596706554,0
164194.47,17.13954291,0,21.78204214,1,1598.931587,28356.53793,21.81845707,1
212370.9381,13.60060494,0,8.735648342,0,1023.933327,33019.39796,-0.528540405,1
23808.3391,-0.632287726,1,19.30106556,0,4413.566521,195025.8761,-1.571245867,0
155627.7083,9.716028391,1,30.0417243,1,3473.985466,49945.89515,48.10014351,1
70689.27733,7.343607454,0,100,0,6660.585777,39124.97999,1.528766545,0
-29301.62592,0.963024271,0,23.56641747,1,-2336.397965,-47792.56447,15.71550697,1
261161.3832,16.29012749,0,60.06078014,0,7347.231122,62041.50552,7.642099233,1
26695.49078,14.58635138,1,14.50014107,0,200.7139857,4677.813563,15.96041868,0
307215.0799,6.755885736,0,96.81990924,0,30023.56732,181562.7522,-1.867871818,0
-13952.81512,16.08430323,1,31.10857205,0,-205.5793448,-2888.463836,22.83151576,0
174543.8376,2.681275536,0,15.57860152,0,5419.218211,133140.2504,-3.893449816,0
106364.108,4.258834475,1,21.20972476,0,3264.274238,62651.51207,12.83733494,0
298837.51,16.30390578,0,54.8693239,0,7674.646098,69458.02664,0.466513213,1
132096.1371,10.57063865,1,73.31307715,0,6685.596392,49117.90451,15.59843288,0
-31228.45099,8.04255981,0,80.4694972,0,-2194.75277,-15269.0643,15.33751056,0
238407.9096,9.643357083,1,59.09102982,0,10534.95707,91763.01567,10.54381478,0
185862.3751,6.336119612,0,25.34197954,0,5008.777685,82846.744,-0.4841595,0
222557.3976,15.00970304,1,10.08836099,0,1133.074374,33421.04992,9.674555013,1
148205.2826,15.63699368,1,14.28545439,0,1029.615584,24260.05037,15.03414139,0
-8406.460551,-1.354130093,0,16.83152572,1,-8083.247912,68525.55379,11.65066685,0
191353.1439,4.356953328,1,25.1752032,0,6854.259736,116651.1604,3.42211118,0
252604.3102,12.85771542,0,29.42910542,0,4314.941216,62293.08808,14.47342065,1
85295.56098,2.051735736,0,100,0,20012.63151,128953.1628,0.597989773,1
157437.1685,8.828144653,0,54.97522077,0,6983.304556,64500.30538,-2.76843758,0
196848.7793,12.65821356,0,49.63358093,1,5751.11472,56552.06355,48.58499054,1
54446.46657,12.50568527,1,70.96962035,0,2299.274311,17199.96616,10.44632827,0
158012.6198,12.10355077,1,100,0,9679.649073,55749.10143,17.34556013,0
25991.3,9.615499341,0,44.75684679,0,872.1386124,9389.820903,-0.45112299,0
78899.35746,12.06215372,0,92.05221515,1,4462.75905,27407.77859,100.0966556,1
50585.67988,8.206876259,1,67.73987255,0,2941.746598,23194.2683,6.626379838,0
39400.96879,12.08415208,2,13.12995225,1,317.3886252,7911.439661,36.04036002,1
28555.565,8.554716924,0,84.52276005,1,2000.483698,13292.9113,80.03883812,1
253155.5532,12.95544204,2,61.55969758,0,8983.887171,75001.70048,23.99397457,1
55960.77402,2.644164622,0,22.58103639,1,2540.700521,48563.24413,13.91318525,1
372258.1424,11.97781599,0,51.30741874,0,11808.86985,113541.2682,-10.64905092,0
335851.8545,8.373971255,1,56.42165541,1,15992.82896,145122.3007,67.91899343,0
84918.81908,13.64655983,0,95.38644062,0,4456.198064,26528.16554,-8.72720315,0
47226.24087,11.45152305,0,55.85007142,0,1697.183645,15334.19446,2.029827496,0
152291.6567,15.0352265,0,63.10586647,0,4843.215004,39470.35078,-2.502484249,0
84159.20856,14.04926795,1,77.02525665,1,3473.882655,24355.68429,95.77216946,0
68248.38583,19.60701586,1,63.50643945,0,1711.06146,13806.69786,10.98999376,0
241007.6956,3.329405491,0,63.13781826,0,26257.06658,231681.3118,2.991254068,0
57306.73674,16.89415833,0,35.7972754,0,929.1247705,11557.75725,1.657999771,0
253655.8777,14.00364971,0,31.43288306,0,4285.499511,58791.29143,1.812581126,1
254356.556,18.00485832,0,60.89448262,0,6617.538811,55262.10779,5.619494334,1
262368.9282,16.43599301,0,79.03948589,0,9634.716169,65965.21574,0.351435335,1
-11234.08099,15.48059377,1,93.50813625,0,-515.2430355,-3023.351329,3.241399348,0
306640.2093,2.457862894,0,83.51756897,0,53921.5268,393469.9841,2.245540453,0
159317.4386,15.94308476,0,57.1664283,0,4351.064106,38155.80877,1.598363063,0
43247.43856,-0.662289757,0,20.26338797,0,8717.863342,391538.9652,-1.223125415,0
171788.2234,3.543112337,0,68.03338812,0,19312.10628,160093.2719,-4.208864538,0
176846.3057,-1.151176018,2,17.65872559,1,74604.94949,-3423198.833,13.55177693,1
106769.4038,0.827860614,0,75.08658495,0,28699.30328,253043.562,7.290298883,0
192793.8032,12.69935908,0,81.57604042,1,9229.923724,62117.43426,76.9765012,1
192057.2825,13.34660757,0,73.17646116,1,7888.471375,57641.68711,64.47440379,1
234700.3876,10.91484461,0,68.662828,0,10817.26496,83509.77607,-7.341313435,0
46601.79069,1.655532493,0,97.02184275,0,11940.28858,80415.14273,-0.176479586,0
93033.98101,7.928739727,0,20.25668251,1,1665.769437,31905.42802,28.61093516,1
7237.331788,8.898896137,0,91.27001324,0,529.4226864,3329.575982,11.02425361,0
141594.1524,7.632716643,0,27.17680359,0,3511.139181,54853.65582,3.251157547,0
124736.8718,13.22950263,0,79.78437566,0,5630.678923,38446.81419,-4.906229743,0
272646.9655,15.36212549,0,24.06616246,0,3242.605409,53679.59399,-4.375458777,0
151894.0489,6.606556075,2,8.621819619,1,1346.409827,45268.26477,26.21411841,1
220825.0004,7.172331601,0,9.441317523,0,2003.237187,63356.90381,6.65817715,0
132634.3506,4.175172364,0,2.02379118,0,394.0866772,28334.48201,-3.209984972,0
97949.7689,12.51439794,0,12.18281588,0,709.5377318,18676.80906,7.122252475,0
54543.04219,0.518669651,0,29.93179068,0,6739.534808,123230.3212,-1.147800865,0
121453.528,8.015760369,1,37.69160493,0,4008.46161,49272.38275,11.58718025,0
328047.0888,0.348777896,0,69.4976369,0,102763.9116,1034944.533,5.727334933,1
83092.37785,4.671329588,1,26.09114233,1,2927.461913,48419.82073,23.35363267,0
170456.1561,6.424186706,0,58.9146743,0,10560.94002,93923.74544,2.257193833,1
107455.7277,1.013282601,0,89.24633157,1,31797.92239,240210.1451,96.38954429,1
295639.3961,12.96824235,1,100,0,17028.14323,97679.02485,10.16491724,1
115669.9578,2.222914892,0,25.47338456,0,6595.024877,117561.3247,-5.282907178,0
11087.24277,10.79945779,0,6.775333396,0,50.68419204,1918.261669,2.473927177,0
146605.0981,15.56543462,0,0,0,0.066563187,15.62882877,0.667216395,0
184269.1716,16.31892501,1,20.81192003,0,1793.542849,32828.83455,14.68240486,1
100184.6159,4.214424969,0,72.27168572,0,10558.66342,82588.1946,-0.01106355,0
212001.8799,15.02722893,1,13.55055696,1,1448.637754,35384.11971,20.22631586,0
327648.4869,8.069427498,0,74.90301621,1,21371.70784,156447.6882,76.92539283,0
153873.5986,3.062991573,1,80.82368501,0,22713.03826,166845.179,11.02598085,0
243175.4159,9.309951168,0,82.93832622,0,15548.07818,104357.991,-3.573378949,1
261824.9448,14.62159729,1,44.38559126,0,6007.139807,63902.70642,10.47951264,1
50994.90521,4.01227465,0,80.26890713,0,6188.278382,44678.5169,0.86280872,0
36901.33672,18.84038309,2,68.19995492,0,1030.942755,7902.835801,51.91015342,1
54998.37156,0.287003525,0,69.27603819,0,17767.67412,181738.8287,5.499416368,1
291497.4753,8.195340753,0,44.92346323,1,11255.51541,121335.194,44.4525893,0
94751.77741,8.471003186,0,42.44204363,1,3360.902668,37715.62098,42.64003772,0
287671.8647,-2.586212905,0,28.11097966,0,-62041.01173,-611387.8487,5.994234378,1
157097.5563,5.234365621,0,13.15910468,0,2558.004775,66783.9936,-4.546876238,0
160564.6636,15.75254211,2,58.65234622,0,4548.621874,39166.47487,34.56379725,1
154004.7135,11.20464061,2,22.73565419,1,2296.81828,40001.49328,39.55766037,1
239680.3988,8.631938884,0,88.74397374,0,17494.58489,111848.5326,4.624573346,0
100752.6654,9.200201876,2,71.57533917,0,5616.43726,42282.36654,16.93063179,1
71003.62563,3.538589505,0,25.30551323,1,2972.200538,51159.873,26.30898386,0
286731.0617,12.91021394,0,84.5489034,0,14019.36022,91690.60124,-1.794380424,1
76855.89386,3.365002061,1,92.48001645,0,12174.89033,79842.03855,6.858435608,0
190858.4738,13.6597696,1,100,0,10491.26409,60111.77376,12.78636002,1
197451.4493,18.34343583,2,52.88832962,0,4385.490281,40668.49559,47.47673009,1
241583.0936,10.64765333,0,60.47284631,0,10021.67949,85381.24174,7.094337949,0
100760.4914,17.97512059,1,70.33762772,0,3032.723842,22651.88702,11.45367728,0
149779.4406,5.363782186,0,85.63812388,0,15573.0123,104967.8747,0.957280681,1
154758.6827,11.96181619,0,20.94743147,0,2006.374334,36875.48595,3.67577616,0
205052.8057,18.59495155,0,24.27851021,1,2064.385117,33782.11193,21.98771357,1
51684.02098,9.943405907,2,66.31346484,0,2496.225774,19854.53146,25.94919533,0
74286.6295,18.0721753,1,27.73462936,0,877.3104743,13054.5837,23.54542938,0
90100.16192,0.154050149,1,40.53148101,0,18398.89565,290985.0606,-0.263762616,1
171250.4835,4.059751479,0,33.22134947,1,8527.34295,119589.9896,38.12742889,0
224586.0216,13.20488447,0,74.67309853,1,9503.911256,68317.35402,62.61978506,1
108809.0477,20.47530752,0,33.61728366,0,1387.114771,18002.34077,6.787941046,0
-24165.24777,17.75953527,0,87.86587166,0,-918.6735657,-5754.302758,4.43254401,0
145289.2958,2.063908483,0,55.52226076,1,18862.00783,191343.6076,50.08387228,0
12874.58739,14.37938459,1,80.45134517,0,543.7179021,3727.784793,15.63878639,1
117910.7826,9.771353712,0,66.71270456,0,5815.961177,46144.09138,-10.13141756,0
-15036.51688,1.580422016,0,10.20584745,1,-415.1891379,-14049.93937,6.388729282,0
210826.1507,4.957779117,0,82.36983885,0,22409.19399,156502.2986,5.47819669,0
113955.9128,13.25651374,0,79.17477193,1,5095.021547,35086.46738,79.11059114,0
244153.0922,8.217561711,0,89.75845075,1,18793.47776,119423.3265,89.41743589,1
299286.4731,11.65645938,2,84.00270861,0,15924.20046,104986.9912,23.53904971,1
123894.8855,21.18172334,1,0,1,0.130662863,51.8192484,20.82457511,0
37939.01585,3.074120976,1,0.366261528,1,25.27769961,2899.68833,8.377831089,0
363758.7231,18.70011856,0,39.71072211,0,5959.124865,68426.2132,-3.094948072,1
3832.579732,8.133696371,0,94.2594589,0,312.3412352,1889.858074,2.096730368,0
45769.6759,0.950675186,0,6.881456747,0,1070.810259,48422.23599,-5.723088324,0
94315.39282,10.9873097,1,39.18357326,0,2466.394514,29071.37744,14.69280584,0
263146.6947,13.59212612,1,78.02196213,1,11336.40904,78751.94821,90.00723274,1
223606.1016,13.78568637,0,75.21252404,0,9168.78955,65458.11517,-0.204937664,1
97523.6098,18.26898813,0,63.82536889,0,2623.858519,21060.44133,-1.810854694,0
29660.71993,10.69740156,0,45.86473026,0,929.5704213,9774.471321,-1.178267003,0
219220.3185,11.2084216,1,11.38359197,1,1636.269698,45177.10149,17.56838242,0
192006.8188,3.182698484,2,39.07372548,0,13351.53072,169478.242,8.011647278,1
6356.732986,3.552019337,0,53.28604214,0,558.7007229,5574.606263,2.773320487,1
99992.69521,4.609219298,0,97.77825922,0,13337.07194,81917.01391,-6.653200769,0
191829.9595,18.09610126,0,13.70878233,0,1117.992795,26972.1415,-2.98199953,1
14106.82407,10.42132299,0,14.88028193,0,147.2211224,3393.475248,0.150069213,0
133646.8885,17.98591003,0,61.53560827,0,3517.064153,29113.02673,-2.993240691,0
245740.5218,3.568780843,0,34.49735981,0,13937.31972,191982.7205,-1.114108071,0
12044.46885,16.25628424,1,17.06621557,0,96.3489793,2007.954191,24.33679294,0
315388.6814,8.543076757,1,52.14744804,1,13646.49592,131262.1952,55.59971087,0
146369.0114,6.639049342,0,34.77047203,0,5210.69905,68460.65363,-11.56093501,0
331284.4333,17.30723454,1,12.30600604,0,1806.318719,46867.43467,14.31353548,1
95938.18799,11.27977447,0,63.85022328,0,3994.417644,32621.17317,-1.640798425,0
245611.9807,12.99223643,0,37.68072749,0,5321.946055,64133.14947,-2.449949744,1
123898.7222,15.21955615,0,51.89521299,0,3204.743722,30332.28237,1.344055986,1
194141.9885,18.31552288,0,78.63867999,0,6420.542448,43990.30727,-5.140408799,0
192285.7929,8.805263362,0,80.9809822,0,12591.93716,86468.58199,-5.876400583,0
126152.8945,9.046150145,0,75.01407571,0,7477.293029,54319.19121,-3.372435872,0
111506.7082,3.521257185,0,11.04262012,0,2043.189954,61365.77401,-3.269243682,0
51989.29319,11.38379867,2,58.57759983,1,1969.492335,17148.76789,91.94940191,1
267256.0162,10.90003166,0,30.54519363,0,5486.058358,77521.55462,7.76223774,0
115362.7902,10.48600944,0,100,0,8020.281649,46430.04703,-8.347634746,0
101505.1462,15.93459888,0,56.91542875,0,2761.233725,24323.16196,-9.649044564,0
205780.9388,0.607438697,1,1.663020037,0,1352.940186,125425.6829,0.178673959,0
294754.2265,7.603400018,0,60.29309973,0,16268.42031,140996.2032,9.55797506,1
94516.85916,4.351072459,1,0,0,0.087531126,53.54564717,7.681521168,0
66517.18971,-2.687587167,0,53.6464738,0,-25039.71458,-157659.4597,-0.164428496,0
75160.74706,13.2193643,0,79.86627357,0,3398.096023,23202.78947,-2.280371364,0
286364.8313,7.871844472,0,78.72071919,0,20044.78432,141309.6321,5.385812382,0
158495.3328,13.07258182,0,98.16011878,1,8896.865259,51796.02693,99.05006568,1
94276.90457,13.60774436,0,17.49290918,0,909.8376129,18795.75271,8.658791916,1
284042.7851,14.67575205,0,80.97343218,0,11849.32022,79852.89482,-8.438524312,1
16645.22945,17.28609754,0,62.63272042,1,462.6827069,3762.664977,64.75094936,0
152827.4215,15.69922398,0,17.7960846,0,1317.790918,26866.47598,-2.816488338,0
196994.2188,15.38571517,0,8.408070817,0,817.3702492,26940.78329,2.071376088,1
171179.7315,19.16514264,2,30.72694686,0,2120.907227,29312.88527,39.58456653,1
346750.3235,16.40011899,0,0,0,0.271132379,55.26534537,2.548331045,1
186255.7412,12.18399573,1,66.9138244,0,7589.851022,59604.78732,17.07190646,1
230748.4111,0.213894486,1,29.93013655,1,33580.23421,652332.8286,37.09299393,1
151118.7917,13.00326365,0,40.02579749,0,3475.335423,40103.48254,9.758615852,0
166974.8237,17.78690906,0,20.28377825,0,1463.127955,27094.93278,0.078971505,0
298094.1239,13.4210982,0,0,1,-0.080067544,104.5092412,-2.711749868,1
99283.30807,8.858681646,1,22.51572733,1,1798.298808,31801.01042,25.24530014,0
25234.03771,6.759279297,1,20.24854003,0,515.5720594,9841.229853,8.933710999,1
259152.4836,1.887762506,1,60.30558821,0,38442.98159,369424.7833,6.062349244,0
235017.5674,12.73987941,2,6.1304783,0,843.1594287,33562.68275,18.73752008,0
67336.79138,16.33813905,1,16.95608842,0,533.6285263,11268.14653,22.06146397,0
196933.8083,0.114883988,0,0,0,-0.334592322,6.078374386,-0.506751552,0
8261.723063,8.229557581,0,8.367313954,0,58.78488777,1924.104488,-6.279083921,0
140824.754,16.35594369,1,21.12674567,1,1388.754514,25140.14851,33.24125339,0
32466.10609,8.650864218,0,59.34398405,0,1581.401897,13802.24596,-4.716213813,0
180363.5474,-0.813630019,0,90.15491386,0,197423.3318,4367184.736,-4.62727624,0
82472.48593,5.171808402,1,60.88403032,0,6271.856223,55151.05745,8.021315385,0
-42225.88633,9.526459728,0,96.2724161,0,-3072.309602,-18424.23599,4.319138643,0
168217.6825,5.169465616,2,42.20046443,0,8869.841807,102730.4441,18.83465914,1
78509.17109,12.43706808,1,88.72326031,0,4164.920601,26252.47977,8.945956923,0
219900.7675,10.01894358,0,73.77566615,1,11737.20331,86188.66081,75.49044749,0
64635.79737,9.310117123,2,15.71587927,0,783.4253371,17638.47338,15.38510524,1
96777.62618,5.001968079,0,67.65550757,0,8391.6017,68180.79945,0.100619515,1
278552.336,7.816310471,0,35.8095526,0,8922.585762,113883.2205,-7.401901937,0
215181.2492,16.82512934,0,14.99668701,0,1467.578623,33442.68388,-5.615985702,0
278325.2332,17.09663926,0,10.19237705,0,1271.191607,37107.99142,4.015302443,1
246016.8018,15.89918914,0,42.46886621,1,5003.909209,54971.89727,35.05153645,0
-79046.04125,10.88116964,0,52.72390238,1,-2804.986498,-26571.39054,55.79805722,0
249306.2885,10.71100663,0,73.84195327,0,12563.2378,91906.8854,-3.38074526,0
190581.195,16.44846949,0,49.27036169,0,4359.629343,42829.47013,-9.627681924,1
146800.1734,12.30714699,1,36.90863307,1,3270.009097,40171.00365,36.52293336,0
153666.6194,11.77686528,1,43.16967804,0,4163.920307,45560.70836,19.09417201,0
321793.18,15.47468096,0,3.890448865,0,614.4480439,30952.43387,-9.52708234,1
151722.206,8.327226109,0,25.76624854,0,3314.882882,53462.01376,-0.32186308,1
110906.2207,4.920609593,0,28.29173278,1,4072.626064,63294.195,30.06148675,0
180400.6127,19.92496725,0,0,0,-0.028866094,4.236496925,-6.566011145,1
101966.3792,2.641261757,1,100,1,20518.35659,129255.7163,99.87363491,1
168652.9069,10.34450877,1,17.59188168,1,2087.616899,43518.89579,30.33051,1
141803.8677,18.34306234,0,66.5057961,0,3960.832161,30908.81042,1.466580924,1
113293.9681,18.05606272,0,14.70213977,1,709.3559182,16382.06533,12.39926194,0
230447.0052,9.775007935,0,80.72641015,1,13749.5281,94083.591,81.9109333,1
72649.68792,16.52169331,1,36.26886078,0,1218.120574,14962.67148,16.01051999,0
186235.9321,14.12017199,0,95.15646965,0,9454.339357,56219.1356,-4.852082898,0
203715.8864,7.776624011,2,60.72934351,0,11113.53524,95595.29563,21.55570031,1
203740.4763,14.4990098,1,85.36602811,0,9059.091357,58554.48387,15.53611273,0
207101.1328,14.33444521,0,28.63510399,0,3120.819183,45756.56537,-9.210155886,0
263647.0582,16.30112135,0,6.975527344,0,860.7217906,31636.06729,2.608373246,1
262196.4831,8.454862502,2,22.6181459,0,4964.552269,87712.37151,13.83214576,1
191021.1059,19.75830624,0,0.395556434,1,29.92661066,3056.750448,-1.051624519,1
-33975.9305,16.46044435,0,11.22023325,0,-177.2905445,-4858.316804,0.040974171,0
39114.14744,9.806051427,0,70.15220393,0,2022.408654,15416.28018,-3.964737515,0
77348.26782,-2.780608735,1,64.65237087,0,-32541.33668,-181763.8608,6.23458058,0
178370.079,17.17555851,1,47.56791034,0,3785.998915,38128.91122,9.708969884,0
186552.1835,8.826947464,1,44.32741929,0,6672.753383,72475.93533,9.110384851,0
148052.6333,13.07525981,1,69.24529626,0,5861.405707,44699.46801,14.98201771,0
83789.80925,2.856372496,1,100,0,16028.26764,100282.8096,3.062436371,0
13865.05418,17.4400134,2,84.05655476,1,512.7192118,3384.387921,117.9816525,1
-83895.71793,3.441938528,0,21.34761508,1,-3020.03484,-58749.16989,19.46254866,0
45397.0469,11.03058864,0,0,0,-0.0038321,99.89130625,-4.015899729,0
242236.079,13.33143638,1,0,1,-0.104856322,58.95153763,9.226870589,1
-5729.995256,9.368193467,1,91.61870747,1,-402.3681348,-2588.250794,106.7796182,0
157556.9953,4.141014417,1,26.68671017,0,6211.372805,101796.0119,1.932280799,1
78728.41647,3.838703395,0,44.92596703,1,5520.724714,62239.71178,55.58689536,0
256202.5981,6.777229505,1,62.18351143,1,16040.00882,136561.8142,72.30544252,0
366344.9775,7.814111587,1,87.68126624,0,28739.16442,186431.6674,-5.524036986,0
140755.7811,7.520996156,0,18.04153653,0,2345.350397,48726.89745,4.416295081,1
240959.3165,14.23366755,0,81.22909358,0,10367.03649,69724.34353,-0.265799029,1
166395.7951,8.372832339,0,35.45288789,0,4979.580847,63817.49544,-6.949758737,0
19322.60466,9.536736522,0,20.79056787,1,303.4177572,5669.519868,27.31184387,0
203525.9832,17.78088137,0,19.99417439,0,1758.921271,33018.68717,-2.179584667,1
255217.0624,8.098616663,0,90.55038067,1,20064.08883,126648.8213,87.94571887,1
160779.6601,11.53767935,0,66.78743798,1,6863.287056,54155.81052,68.66338807,0
134596.8202,5.783546985,1,0,0,0.026648011,-32.16571636,11.49769868,0
-46261.9728,17.72623126,1,28.16824353,0,-564.4240325,-8284.749007,18.29330725,0
9168.58555,4.622219982,1,19.24689667,0,240.6362456,4927.96415,4.831316722,1
75659.3883,9.220701416,0,0,0,-0.073218463,30.3161961,-3.484330072,0
28558.27594,8.030550221,0,0,0,0.40203017,-31.19757081,5.628784245,1
247876.2962,7.581288922,1,83.0968052,0,18901.41313,127934.1977,8.196542855,0
67956.48413,3.205609368,0,67.26991846,0,8096.004241,68244.00337,-1.127215637,0
38861.40027,15.79546052,2,100,1,1872.581714,10677.61935,129.8433867,1
13525.92743,6.695123228,1,25.95425729,0,357.0370115,5742.300601,11.82925121,0
31855.56599,2.173395399,0,81.6150038,0,5898.464136,44356.97247,-1.311617981,0
261008.2998,11.7113379,2,89.60846822,0,14752.72383,92532.63555,28.56966388,1
217104.3453,14.38315479,0,40.85934068,1,4654.546313,52662.39028,38.50146716,0
10983.03547,6.012481979,0,46.14958932,0,562.6570545,6064.379015,3.611527419,0
181095.7934,8.894611399,1,100,0,14518.67598,84498.66951,9.9300923,0
157852.8992,11.13620641,0,0.542315526,1,56.44120427,5599.821241,-4.211459417,1
230071.9407,5.900689002,2,85.96877787,0,22271.62788,148945.0007,11.36649752,1
78616.26717,16.72512571,0,21.86735041,0,785.8070438,13993.36864,-10.95301458,0
61907.87562,6.281229127,0,69.01399019,0,4575.567831,36069.57617,-3.720199205,0
215394.4456,18.30411347,0,17.34953509,1,1572.606166,32456.0509,9.460503067,1
185752.91,13.75301193,1,96.75222843,0,9818.544788,57713.59912,23.7405124,0
92749.61016,17.48576403,0,86.51164986,0,3521.843192,22550.47289,-7.83015308,0
79031.25699,-3.164197406,0,41.88055239,0,-16573.52972,-137285.0422,12.92895314,0
34491.76665,11.10629831,1,0,1,-0.030872815,-46.97922443,13.67769598,0
-21423.81765,8.903599404,0,50.91640868,0,-873.5484469,-8591.311322,-2.59433584,0
161932.8266,5.84689159,1,94.18571007,0,17299.67243,107809.002,9.878692093,0
264036.8918,7.45077006,0,98.95310076,1,24324.91179,143834.4514,95.73052716,0
212854.1889,9.621633924,1,65.27344636,0,10410.40462,83999.70641,2.573889522,0
94761.95772,15.05747252,1,47.59252763,1,2269.885191,22929.55102,63.04535149,1
233822.2122,14.04902446,0,94.8147344,1,11881.25211,70903.34912,98.31509788,1
215522.4752,20.50219891,0,11.47374337,1,936.7812256,25348.5501,17.86579784,1
280685.5724,7.869833907,1,41.242163,0,10295.49867,118464.9499,10.35848446,0
112034.6727,8.056915162,0,0,0,0.196383433,12.4466053,-2.646727618,0
-12863.46712,12.84437636,2,54.9502614,1,-410.5657966,-3744.583201,87.57039453,1
238946.2945,14.35940439,0,94.92394361,1,11918.09296,70930.03148,100.7388227,1
340735.8917,13.28675631,0,85.08569577,0,16338.84398,106248.9442,1.345087639,1
200104.664,15.72129578,0,74.26331162,1,7190.960079,51712.69942,80.31720035,1
46535.07823,13.27301279,2,56.27893204,0,1477.619996,13175.50408,37.47007714,1
229377.5721,6.937593022,0,100,0,22654.33779,133287.7909,-2.7179197,1
156472.3188,13.03603374,1,100,0,8970.427494,51392.15848,8.537645333,0
167626.7952,17.94526069,1,100,1,7183.451571,40832.405,115.0818147,1
235998.9545,6.266283273,0,79.4008683,0,20106.69333,142531.2159,-6.74825015,0
10629.92228,9.185134548,0,100,0,829.3181923,4900.778352,2.956073923,0
66753.20956,12.59121674,1,75.366777,1,2975.328164,21284.83481,79.90847773,1
221582.1647,11.7402309,0,32.24050005,0,4496.130229,60902.826,6.32507117,0
253407.1747,15.02345232,1,76.21163466,0,9739.787054,68721.05512,11.66254413,1
90854.22741,10.26665365,0,25.79622718,0,1659.695103,26464.19702,6.793538994,0
156653.3783,12.04526171,0,54.29788523,0,5233.23968,48226.11254,-12.78519149,0
297465.5624,9.188873892,1,0,0,0.175308102,106.8805815,7.262935754,1
180498.4427,4.030013748,0,0.315530125,1,85.1327695,9806.269336,-6.149521954,0
38698.83111,19.39736002,0,75.05438287,0,1158.230859,8158.22609,6.766774613,0
155352.1352,6.841865316,0,19.89478448,1,3087.565639,60264.66486,28.28990847,0
127082.5599,1.841751781,0,51.65801718,0,16370.54537,177277.0573,-11.72039449,0
29046.23919,15.03833242,0,88.06774004,0,1288.86516,8147.274088,4.329307792,1
237306.3719,19.39233599,1,6.570558937,0,622.1990076,23635.87785,24.73577276,1
64772.35836,14.96461485,0,1.68963951,0,55.47426583,3945.943275,1.628422626,0
81751.36101,6.823817512,0,24.61804488,0,2014.759523,33819.6103,2.940816547,0
36305.00334,8.339873176,1,24.62156562,0,756.9895905,12599.46202,10.92014825,0
134304.7448,5.152634726,0,56.37254396,0,9483.791086,88400.4071,4.34754241,0
268295.4633,9.296314537,0,78.18997535,0,16192.32242,113901.407,-5.462335202,1
273869.9631,14.56717933,2,55.31546411,0,7856.955102,71038.99196,35.13683038,1
4449.841064,15.64271388,1,24.04278929,0,51.87385423,845.5911787,16.68944556,0
134493.1973,16.36352494,0,41.40866732,1,2598.231116,28998.451,42.15533652,0
298660.6391,3.437687244,1,32.05869201,0,16159.15234,235444.1459,6.27081199,0
125510.3108,5.480399718,0,92.72433491,0,13893.32772,87984.74455,-6.353843944,1
91798.86655,22.19707622,1,44.19464035,1,1426.53252,15045.09075,58.62450565,0
116736.1345,14.60425692,0,33.00742599,1,1994.005864,26375.14311,32.40226518,0
226138.1249,15.72444702,0,75.6233319,0,8273.659138,58718.03715,7.717694657,1
281675.5158,1.167545888,0,98.69673798,0,86847.88831,598106.134,-5.926913144,0
204222.0187,4.697692527,0,80.96541319,0,22232.50403,157945.5083,0.875772203,0
60846.49132,2.321842681,0,45.82531677,0,6079.541394,70576.21435,-3.58341954,0
278534.9016,11.38123836,2,40.60171747,1,7316.242065,83969.279,59.10930204,1
183404.4805,7.913406373,0,75.10360089,1,12193.88105,89067.97718,77.60734272,0
128511.3266,7.033893031,0,100,0,12549.24817,73739.54393,3.796877497,0
145794.3874,2.556973474,0,89.09899124,1,26682.9017,184524.5086,85.1612339,0
56933.88012,2.955399433,0,81.35391208,0,8663.188099,63560.42061,6.93625128,0
246505.0438,11.62222891,1,10.70085892,0,1675.22708,48024.58481,13.73474705,0
167138.8924,2.409517765,0,58.7238329,1,20921.16492,200458.707,57.51544308,0
113698.4892,17.53175656,0,80.17245323,0,3991.476125,26933.44095,1.73759018,1
60214.13707,2.768226425,0,29.77978942,1,3501.040897,54700.86579,39.961527,0
148174.4059,8.599295376,1,84.39069731,1,10317.87348,68704.22288,96.75764644,0
81786.32597,9.864869742,0,27.49743133,0,1648.883017,25196.97396,-3.493484676,0
165414.4019,5.169799422,0,0,0,0.053733585,15.09003785,-0.093537476,0
172894.6763,15.40140122,0,82.16684632,0,7004.686342,46510.89993,0.656344356,1
223756.277,8.629308889,0,0,0,0.180259242,50.11355178,3.326783938,1
209506.6444,9.791314414,0,19.93967725,0,3082.929624,59081.04648,1.197738604,0
79596.17372,3.7866141,1,18.48947345,0,2319.671609,49318.54042,13.26323364,0
301846.5651,10.52388583,1,23.76976973,1,4972.48019,84083.02796,33.16022342,0
92069.46957,17.36250233,1,43.89435696,0,1785.314601,19075.03381,8.712973838,0
51770.83276,5.92054325,0,32.25458741,0,1874.888917,26191.47127,1.072642847,1
134692.1879,9.389684681,0,60.47325187,0,6233.330992,53248.53706,-2.205625996,0
29128.95663,4.960609361,0,42.15954403,1,1583.948683,18365.7254,34.63938907,1
256383.0116,4.412723543,2,57.95995661,0,20943.55459,193122.5756,5.307827177,0
31042.06381,15.92439188,0,61.13779639,0,907.5932869,7546.473668,-1.791939841,1
145360.6487,13.89727153,1,61.71354724,1,4855.142005,40371.23003,81.30983985,0
147274.1187,11.92397438,0,48.66685112,0,4449.220637,44577.80232,-7.416241589,0
277538.4906,17.52597606,0,85.59727141,0,10405.30261,66830.58816,1.748926338,1
216499.8549,18.49980048,0,83.77274526,1,7556.895804,49190.72833,94.87514836,1
94891.09204,13.55853568,0,25.97963913,0,1364.247743,21467.77835,-0.874308178,1
214747.5112,15.09817854,2,66.68487573,1,7190.041743,56230.6653,95.86003036,1
180561.3209,4.63704201,2,11.53256068,0,2827.653052,80944.22499,12.87296662,1
264585.6961,-0.983393327,0,70.06377961,0,299032.7469,67929458.01,2.61090798,0
309913.5388,-0.26576055,0,68.29502508,1,142905.2375,1788892.614,75.3828362,1
69382.7514,15.37865661,2,72.74156376,0,2491.924041,18211.03828,29.92175759,0
270564.4079,13.59448855,1,29.385797,1,4389.566569,63217.3415,46.49125011,1
123179.4922,14.62153507,0,100,1,6367.287072,36376.53051,103.5905039,0
84857.4772,10.10797154,0,28.58411915,1,1741.357888,25911.63826,26.90633968,0
176699.6459,19.14401256,0,25.396462,1,1811.451939,28704.09924,24.82656105,0
159553.4854,11.59054313,0,48.78277145,0,4955.018012,49508.87885,-0.055995857,1
-60504.49881,10.92483041,0,92.93792018,1,-3771.175349,-23047.1407,86.74942111,0
287043.3452,7.710190842,0,67.43449938,0,17513.84026,139267.1851,-1.943391967,0
108375.5356,7.108112572,0,0.891409925,0,93.32889534,8553.337449,7.480822634,0
115369.9524,15.22628091,0,0,1,-0.179043429,34.99078616,5.188583078,1
311604.8444,12.27376668,0,24.88700483,0,4691.981698,76453.43453,-2.899679579,1
144731.7811,2.985086279,1,48.72999112,0,13103.93722,141889.967,2.906375536,0
149251.2307,4.223306123,1,51.70066454,0,11235.37,113202.6116,9.080255571,0
161354.9416,16.38876178,0,72.21567247,0,5428.085432,39882.58519,2.217028438,0
296032.7032,17.26732205,2,48.63816383,1,6393.206644,63346.42428,87.17236269,1
183878.5912,0.603600651,2,82.15395226,0,59843.40476,507026.6808,3.877841896,1
94331.57598,21.35734935,0,43.69402928,0,1502.840617,16105.11592,1.077057014,1
213173.2,13.1767189,0,86.81461709,1,10507.61206,67268.81817,85.98515368,1
191689.6972,9.622334996,1,54.38494581,0,7810.981471,72451.19528,3.646792194,0
156034.2462,12.55136206,1,0,0,0.067051999,-13.53133733,16.01253649,0
294843.7354,19.71916974,2,23.96305511,0,2774.921313,45764.77715,38.3295794,1
92635.7692,14.15960297,1,78.93982854,0,3891.496288,26766.97322,5.920168499,0
