A,B,Y
A1,B1,52.48357077
A1,B1,49.30867849
A1,B1,53.23844269
A1,B1,57.61514928
A1,B1,48.82923313
A1,B1,48.82931522
A1,B1,57.89606408
A1,B1,53.83717365
A1,B1,47.65262807
A1,B1,52.71280022
A1,B1,47.68291154
A1,B1,47.67135123
A1,B1,51.20981136
A1,B1,40.43359878
A1,B1,41.37541084
A1,B1,47.18856235
A1,B1,44.9358444
A1,B1,51.57123666
A1,B1,45.45987962
A1,B1,42.93848149
A1,B2,66.65648769
A1,B2,49.742237
A1,B2,52.67528205
A1,B2,37.75251814
A1,B2,46.55617275
A1,B2,53.1092259
A1,B2,40.49006423
A1,B2,55.75698018
A1,B2,45.9936131
A1,B2,49.0830625
A1,B2,45.98293388
A1,B2,70.52278185
A1,B2,51.86502775
A1,B2,41.42289071
A1,B2,60.22544912
A1,B2,39.7915635
A1,B2,54.08863595
A1,B2,32.40329876
A1,B2,38.71813951
A1,B2,53.96861236
A2,B1,59.43079948
A2,B1,56.02820969
A2,B1,54.30611031
A2,B1,53.19337783
A2,B1,46.12886806
A2,B1,50.68093475
A2,B1,52.23616737
A2,B1,61.34273336
A2,B1,57.06170974
A2,B1,44.42175907
A2,B1,56.94450382
A2,B1,52.68950632
A2,B1,50.938468
A2,B1,58.67005773
A2,B1,61.18599713
A2,B1,60.58768071
A2,B1,49.96469486
A2,B1,53.14472574
A2,B1,56.98758059
A2,B1,60.85327076
A2,B2,51.24990915
A2,B2,54.77209228
A2,B2,43.72398031
A2,B2,42.64552051
A2,B2,66.75030987
A2,B2,73.27488034
A2,B2,56.13587854
A2,B2,69.04239477
A2,B2,61.3396323
A2,B2,49.25856294
A2,B2,61.33674727
A2,B2,75.4564388
A2,B2,56.57008753
A2,B2,75.77572387
A2,B2,25.56305875
A2,B2,66.86283005
A2,B2,58.04456482
A2,B2,53.41191179
A2,B2,58.10112932
A2,B2,33.14917302
A3,B1,58.46229679
A3,B1,62.499788
A3,B1,70.34525831
A3,B1,56.37210847
A3,B1,54.34054478
A3,B1,56.48770069
A3,B1,66.40781482
A3,B1,62.30125777
A3,B1,56.29167857
A3,B1,63.59287203
A3,B1,60.67954285
A3,B1,66.78051493
A3,B1,55.08562834
A3,B1,57.70636497
A3,B1,57.25524293
A3,B1,49.75539536
A3,B1,62.07284194
A3,B1,61.82738691
A3,B1,60.0357942
A3,B1,58.35789007
A3,B2,42.18480961
A3,B2,56.11096548
A3,B2,57.20199677
A3,B2,50.76811823
A3,B2,59.74200004
A3,B2,67.656712
A3,B2,88.40660262
A3,B2,64.44408938
A3,B2,65.60570547
A3,B2,60.95775718
A3,B2,35.13720299
A3,B2,61.62880574
A3,B2,62.84322294
A3,B2,96.48538957
A3,B2,59.30694649
A3,B2,66.22166279
A3,B2,61.51403522
A3,B2,45.63850747
A3,B2,77.9995194
A3,B2,72.52706246
