No,style,location,income
1,A,L1,42.48357077
2,A,L1,39.30867849
3,A,L1,43.23844269
4,A,L1,47.61514928
5,A,L1,38.82923313
6,A,L1,38.82931522
7,A,L1,47.89606408
8,A,L1,43.83717365
9,A,L2,47.65262807
10,A,L2,52.71280022
11,A,L2,47.68291154
12,A,L2,47.67135123
13,A,L2,51.20981136
14,A,L2,40.43359878
15,A,L2,41.37541084
16,A,L2,47.18856235
17,A,L2,44.9358444
18,A,L3,61.57123666
19,A,L3,55.45987962
20,A,L3,52.93848149
21,A,L3,67.32824384
22,A,L3,58.8711185
23,B,L1,60.33764102
24,B,L1,52.87625907
25,B,L1,57.27808638
26,B,L1,60.55461295
27,B,L1,54.24503211
28,B,L1,61.87849009
29,B,L2,66.99680655
30,B,L2,68.54153125
31,B,L2,66.99146694
32,B,L2,79.26139092
33,B,L2,69.93251388
34,B,L2,64.71144536
35,B,L2,74.11272456
36,B,L3,73.89578175
37,B,L3,81.04431798
38,B,L3,70.20164938
39,B,L3,73.35906976
40,B,L3,80.98430618
41,B,L3,83.6923329
42,B,L3,80.85684141
43,B,L3,79.42175859
44,C,L1,108.4944815
45,C,L1,102.60739
46,C,L1,106.400779
47,C,L1,107.6968061
48,C,L1,115.2856111
49,C,L2,121.7180914
50,C,L2,111.1847992
51,C,L2,121.6204198
52,C,L2,118.0745886
53,C,L2,116.61539
54,C,L2,123.0583814
55,C,L3,135.1549976
56,C,L3,134.6564006
57,C,L3,125.8039124
58,C,L3,128.4539381
59,C,L3,131.6563172
60,C,L3,134.8777256
